exchange,stock_symbol,date,dividends
NYSE,OFC,2009-12-29,0.393
NYSE,OFC,2009-09-28,0.393
NYSE,OFC,2009-06-26,0.373
NYSE,OFC,2009-03-27,0.373
NYSE,OFC,2008-12-29,0.373
NYSE,OFC,2008-09-26,0.373
NYSE,OFC,2008-06-26,0.34
NYSE,OFC,2008-03-27,0.34
NYSE,OFC,2007-12-27,0.34
NYSE,OFC,2007-09-26,0.34
NYSE,OFC,2007-06-27,0.31
NYSE,OFC,2007-03-28,0.31
NYSE,OFC,2006-12-27,0.31
NYSE,OFC,2006-09-27,0.31
NYSE,OFC,2006-06-28,0.28
NYSE,OFC,2006-03-29,0.28
NYSE,OFC,2005-12-28,0.28
NYSE,OFC,2005-09-28,0.28
NYSE,OFC,2005-06-28,0.255
NYSE,OFC,2005-03-29,0.255
NYSE,OFC,2004-12-29,0.255
NYSE,OFC,2004-09-28,0.255
NYSE,OFC,2004-06-28,0.235
NYSE,OFC,2004-03-29,0.235
NYSE,OFC,2003-12-29,0.235
NYSE,OFC,2003-09-26,0.235
NYSE,OFC,2003-06-26,0.22
NYSE,OFC,2003-03-27,0.22
NYSE,OFC,2002-12-27,0.22
NYSE,OFC,2002-09-26,0.22
NYSE,OFC,2002-06-26,0.21
NYSE,OFC,2002-03-26,0.21
NYSE,OFC,2001-12-27,0.21
NYSE,OFC,2001-09-26,0.21
NYSE,OFC,2001-06-27,0.2
NYSE,OFC,2001-03-28,0.2
NYSE,OFC,2000-12-27,0.2
NYSE,OFC,2000-09-27,0.2
NYSE,OFC,2000-06-28,0.19
NYSE,OFC,2000-03-29,0.19
NYSE,OFC,1999-12-29,0.19
NYSE,OFC,1999-09-28,0.19
NYSE,OFC,1999-06-28,0.18
NYSE,OFC,1999-03-29,0.18
NYSE,OFC,1998-12-29,0.18
NYSE,OFC,1998-09-16,0.18
NYSE,OFC,1998-06-26,0.15
NYSE,OFC,1998-03-27,0.15
NYSE,OFC,1997-12-29,0.125
NYSE,OFC,1997-09-26,0.125
NYSE,OFC,1997-06-26,0.125
NYSE,OFC,1997-03-26,0.125
NYSE,OFC,1996-12-26,0.125
NYSE,OFC,1996-09-26,0.125
NYSE,OFC,1996-06-27,0.125
NYSE,OFC,1996-03-27,0.212
NYSE,OFC,1995-12-27,0.212
NYSE,OFC,1995-09-27,0.212
NYSE,OTE,2009-06-29,0.528
NYSE,OTE,2008-06-26,0.59
NYSE,OTE,2007-06-28,0.37
NYSE,OTE,2004-06-22,0.211
NYSE,OTE,2003-07-09,0.406
NYSE,OTE,2003-06-17,0.0
NYSE,OTE,2002-06-17,0.332
NYSE,OTE,2001-06-21,0.298
NYSE,OTE,2000-06-27,0.276
NYSE,OTE,1999-06-22,0.318
NYSE,OSK,2009-02-10,0.1
NYSE,OSK,2008-11-13,0.1
NYSE,OSK,2008-08-13,0.1
NYSE,OSK,2008-05-13,0.1
NYSE,OSK,2008-02-13,0.1
NYSE,OSK,2007-11-13,0.1
NYSE,OSK,2007-08-13,0.1
NYSE,OSK,2007-05-15,0.1
NYSE,OSK,2007-02-14,0.1
NYSE,OSK,2006-11-10,0.1
NYSE,OSK,2006-08-11,0.1
NYSE,OSK,2006-05-12,0.1
NYSE,OSK,2006-02-14,0.1
NYSE,OSK,2005-11-14,0.068
NYSE,OSK,2005-08-12,0.0675
NYSE,OSK,2005-05-13,0.0665
NYSE,OSK,2005-02-03,0.044
NYSE,OSK,2004-11-04,0.044
NYSE,OSK,2004-08-04,0.044
NYSE,OSK,2004-05-04,0.029
NYSE,OSK,2004-02-04,0.029
NYSE,OSK,2003-11-04,0.029
NYSE,OSK,2003-08-04,0.02875
NYSE,OSK,2003-05-02,0.0215
NYSE,OSK,2003-02-04,0.02175
NYSE,OSK,2002-11-04,0.0215
NYSE,OSK,2002-05-02,0.0215
NYSE,OSK,2002-02-04,0.0215
NYSE,OSK,2001-11-02,0.0215
NYSE,OSK,2001-08-02,0.0215
NYSE,OSK,2001-05-01,0.0215
NYSE,OSK,2001-01-31,0.0215
NYSE,OSK,2000-10-30,0.02175
NYSE,OSK,2000-07-31,0.0215
NYSE,OSK,2000-04-28,0.0215
NYSE,OSK,2000-02-03,0.0215
NYSE,OSK,1999-11-04,0.022
NYSE,OSK,1999-08-03,0.02083
NYSE,OSK,1999-05-04,0.02083
NYSE,OSK,1999-02-04,0.02083
NYSE,OSK,1998-11-04,0.02083
NYSE,OSK,1998-08-04,0.02083
NYSE,OSK,1998-05-04,0.02083
NYSE,OSK,1998-02-04,0.02083
NYSE,OSK,1997-11-04,0.02083
NYSE,OSK,1997-08-04,0.02083
NYSE,OSK,1997-05-02,0.02083
NYSE,OSK,1997-02-04,0.02083
NYSE,OSK,1996-11-13,0.02083
NYSE,OSK,1996-08-02,0.02083
NYSE,OSK,1996-05-02,0.02083
NYSE,OSK,1996-02-01,0.02083
NYSE,OSK,1995-11-02,0.02083
NYSE,OSK,1995-08-03,0.02083
NYSE,OSK,1995-05-02,0.02083
NYSE,OSK,1995-02-02,0.02083
NYSE,OSK,1994-11-01,0.02083
NYSE,OSK,1994-08-02,0.02083
NYSE,OSK,1994-05-03,0.02083
NYSE,OSK,1993-11-02,0.02083
NYSE,OSK,1993-08-02,0.02083
NYSE,OSK,1993-05-03,0.02083
NYSE,OSK,1993-01-22,0.02083
NYSE,OSK,1992-10-08,0.02083
NYSE,OSK,1992-07-09,0.02083
NYSE,OSK,1992-04-09,0.02083
NYSE,OSK,1992-01-09,0.02083
NYSE,OSK,1991-07-09,0.02083
NYSE,OSK,1991-04-09,0.02083
NYSE,OSK,1991-01-09,0.02083
NYSE,OSK,1990-10-09,0.02083
NYSE,OSK,1990-07-09,0.02083
NYSE,OXY,2009-12-08,0.33
NYSE,OXY,2009-09-08,0.33
NYSE,OXY,2009-06-08,0.33
NYSE,OXY,2009-03-06,0.32
NYSE,OXY,2008-12-08,0.32
NYSE,OXY,2008-09-08,0.32
NYSE,OXY,2008-06-06,0.32
NYSE,OXY,2008-03-06,0.25
NYSE,OXY,2007-12-06,0.25
NYSE,OXY,2007-09-06,0.25
NYSE,OXY,2007-06-06,0.22
NYSE,OXY,2007-03-07,0.22
NYSE,OXY,2006-12-06,0.22
NYSE,OXY,2006-09-06,0.22
NYSE,OXY,2006-06-07,0.18
NYSE,OXY,2006-03-08,0.18
NYSE,OXY,2005-12-07,0.18
NYSE,OXY,2005-09-07,0.155
NYSE,OXY,2005-06-08,0.155
NYSE,OXY,2005-03-08,0.155
NYSE,OXY,2004-12-08,0.1375
NYSE,OXY,2004-09-08,0.1375
NYSE,OXY,2004-06-08,0.1375
NYSE,OXY,2004-03-08,0.1375
NYSE,OXY,2003-12-08,0.13
NYSE,OXY,2003-09-08,0.13
NYSE,OXY,2003-06-06,0.13
NYSE,OXY,2003-03-06,0.13
NYSE,OXY,2002-12-06,0.125
NYSE,OXY,2002-09-06,0.125
NYSE,OXY,2002-06-06,0.125
NYSE,OXY,2002-03-06,0.125
NYSE,OXY,2001-12-06,0.125
NYSE,OXY,2001-09-06,0.125
NYSE,OXY,2001-06-06,0.125
NYSE,OXY,2001-03-07,0.125
NYSE,OXY,2000-12-06,0.125
NYSE,OXY,2000-09-06,0.125
NYSE,OXY,2000-06-07,0.125
NYSE,OXY,2000-03-08,0.125
NYSE,OXY,1999-12-08,0.125
NYSE,OXY,1999-09-08,0.125
NYSE,OXY,1999-06-08,0.125
NYSE,OXY,1999-03-08,0.125
NYSE,OXY,1998-12-08,0.125
NYSE,OXY,1998-09-08,0.125
NYSE,OXY,1998-06-08,0.125
NYSE,OXY,1998-03-06,0.125
NYSE,OXY,1997-12-08,0.125
NYSE,OXY,1997-09-08,0.125
NYSE,OXY,1997-06-06,0.125
NYSE,OXY,1997-03-05,0.125
NYSE,OXY,1996-12-06,0.125
NYSE,OXY,1996-09-06,0.125
NYSE,OXY,1996-06-06,0.125
NYSE,OXY,1996-03-05,0.125
NYSE,OXY,1995-12-07,0.125
NYSE,OXY,1995-09-07,0.125
NYSE,OXY,1995-06-08,0.125
NYSE,OXY,1995-03-06,0.125
NYSE,OXY,1994-12-05,0.125
NYSE,OXY,1994-09-02,0.125
NYSE,OXY,1994-06-06,0.125
NYSE,OXY,1994-03-04,0.125
NYSE,OXY,1993-12-06,0.125
NYSE,OXY,1993-09-03,0.125
NYSE,OXY,1993-06-04,0.125
NYSE,OXY,1993-03-04,0.125
NYSE,OXY,1992-12-04,0.125
NYSE,OXY,1992-09-03,0.125
NYSE,OXY,1992-06-04,0.125
NYSE,OXY,1992-03-04,0.125
NYSE,OXY,1991-12-04,0.125
NYSE,OXY,1991-09-04,0.125
NYSE,OXY,1991-06-04,0.125
NYSE,OXY,1991-03-06,0.125
NYSE,OXY,1990-12-04,0.3125
NYSE,OXY,1990-09-04,0.3125
NYSE,OXY,1990-06-05,0.3125
NYSE,OXY,1990-03-05,0.3125
NYSE,OXY,1989-12-05,0.3125
NYSE,OXY,1989-09-05,0.3125
NYSE,OXY,1989-06-19,0.3125
NYSE,OXY,1989-03-06,0.3125
NYSE,OXY,1988-12-06,0.3125
NYSE,OXY,1988-09-06,0.3125
NYSE,OXY,1988-06-20,0.3125
NYSE,OXY,1988-03-04,0.3125
NYSE,OXY,1987-09-03,0.3125
NYSE,OXY,1987-06-04,0.3125
NYSE,OXY,1987-03-11,0.3125
NYSE,OXY,1986-12-04,0.3125
NYSE,OXY,1986-09-04,0.3125
NYSE,OXY,1986-06-04,0.3125
NYSE,OXY,1986-03-04,0.3125
NYSE,OXY,1985-12-09,0.3125
NYSE,OXY,1985-09-04,0.3125
NYSE,OXY,1985-06-04,0.3125
NYSE,OXY,1985-03-05,0.3125
NYSE,OXY,1984-12-04,0.3125
NYSE,OXY,1984-09-04,0.3125
NYSE,OXY,1984-06-11,0.3125
NYSE,OXY,1984-03-05,0.3125
NYSE,OXY,1983-12-05,0.3125
NYSE,OXY,1983-09-07,0.3125
NYSE,OXY,1983-06-06,0.3125
NYSE,OXY,1983-03-04,0.3125
NYSE,OXY,1982-12-06,0.3125
NYSE,OXY,1982-09-03,0.3125
NYSE,OXY,1982-06-04,0.3125
NYSE,OXY,1982-03-04,0.3125
NYSE,ONB,2009-11-27,0.07
NYSE,ONB,2009-08-28,0.07
NYSE,ONB,2009-05-28,0.07
NYSE,ONB,2009-02-26,0.23
NYSE,ONB,2008-11-26,0.23
NYSE,ONB,2008-08-28,0.23
NYSE,ONB,2008-05-29,0.23
NYSE,ONB,2008-02-28,0.23
NYSE,ONB,2007-11-29,0.22
NYSE,ONB,2007-08-30,0.22
NYSE,ONB,2007-05-30,0.22
NYSE,ONB,2007-02-27,0.22
NYSE,ONB,2006-11-29,0.21
NYSE,ONB,2006-08-30,0.21
NYSE,ONB,2006-05-30,0.21
NYSE,ONB,2006-02-27,0.21
NYSE,ONB,2005-11-29,0.19
NYSE,ONB,2005-08-30,0.19
NYSE,ONB,2005-05-27,0.19
NYSE,ONB,2005-02-25,0.19
NYSE,ONB,2004-11-29,0.18095
NYSE,ONB,2004-08-30,0.18095
NYSE,ONB,2004-05-27,0.18095
NYSE,ONB,2004-02-26,0.18095
NYSE,ONB,2003-11-26,0.17233
NYSE,ONB,2003-08-28,0.17233
NYSE,ONB,2003-05-29,0.17233
NYSE,ONB,2003-02-27,0.17233
NYSE,ONB,2002-11-27,0.16412
NYSE,ONB,2002-08-29,0.16412
NYSE,ONB,2002-05-30,0.14685
NYSE,ONB,2002-02-27,0.14685
NYSE,ONB,2002-01-02,0.14081
NYSE,ONB,2001-11-29,0.13986
NYSE,ONB,2001-08-30,0.13986
NYSE,ONB,2001-05-30,0.13986
NYSE,ONB,2001-02-27,0.13986
NYSE,ONB,2001-01-05,0.13163
NYSE,ONB,2000-11-29,0.1332
NYSE,ONB,2000-09-06,0.1332
NYSE,ONB,2000-05-30,0.1332
NYSE,ONB,2000-02-28,0.1332
NYSE,ONB,2000-01-05,0.12536
NYSE,ONB,1999-11-29,0.12686
NYSE,ONB,1999-08-30,0.12686
NYSE,ONB,1999-05-27,0.12686
NYSE,ONB,1999-02-25,0.11442
NYSE,ONB,1998-11-27,0.10897
NYSE,ONB,1998-08-28,0.10897
NYSE,ONB,1998-05-29,0.10897
NYSE,ONB,1998-02-26,0.10897
NYSE,ONB,1998-01-06,0.10424
NYSE,ONB,1997-11-26,0.10378
NYSE,ONB,1997-08-28,0.10378
NYSE,ONB,1997-05-29,0.10378
NYSE,ONB,1997-02-27,0.10378
NYSE,ONB,1997-01-06,0.09928
NYSE,ONB,1996-11-27,0.09884
NYSE,ONB,1996-08-29,0.02493
NYSE,ONB,1996-05-30,0.09884
NYSE,ONB,1996-02-28,0.09454
NYSE,ONB,1996-02-01,0.09454
NYSE,ONB,1995-11-29,0.09884
NYSE,ONB,1995-08-30,0.09884
NYSE,ONB,1995-05-25,0.09884
NYSE,ONB,1995-02-23,0.09884
NYSE,ONB,1995-01-23,0.79501
NYSE,ONB,1994-11-25,0.09884
NYSE,ONB,1994-08-26,0.09884
NYSE,ONB,1994-02-23,0.09884
NYSE,ONB,1994-01-24,0.09025
NYSE,ONB,1993-11-24,0.09025
NYSE,ONB,1993-05-25,0.09025
NYSE,ONB,1993-02-23,0.09025
NYSE,ONB,1993-01-11,0.09025
NYSE,ONB,1992-11-24,0.09025
NYSE,ONB,1992-08-27,0.09025
NYSE,ONB,1992-05-27,0.09025
NYSE,ONB,1992-02-25,0.09025
NYSE,ONB,1991-11-25,0.09025
NYSE,ONB,1991-08-27,0.09025
NYSE,ONB,1991-05-28,0.09025
NYSE,ONB,1991-02-25,0.09025
NYSE,ONB,1991-01-11,0.09025
NYSE,ONB,1990-08-27,0.09025
NYSE,ONB,1990-05-25,0.09025
NYSE,OMX,2008-09-29,0.15
NYSE,OMX,2008-06-27,0.15
NYSE,OMX,2008-03-28,0.15
NYSE,OMX,2007-12-27,0.15
NYSE,OMX,2007-09-27,0.15
NYSE,OMX,2007-06-27,0.15
NYSE,OMX,2007-03-28,0.15
NYSE,OMX,2006-12-27,0.15
NYSE,OMX,2006-09-27,0.15
NYSE,OMX,2006-06-28,0.15
NYSE,OMX,2006-03-29,0.15
NYSE,OMX,2005-12-28,0.15
NYSE,OMX,2005-09-28,0.15
NYSE,OMX,2005-06-29,0.15
NYSE,OMX,2005-03-30,0.15
NYSE,OMX,2004-12-29,0.15
NYSE,OMX,2004-09-29,0.15
NYSE,OMX,2004-06-29,0.15
NYSE,OMX,2004-03-30,0.15
NYSE,OMX,2003-12-29,0.15
NYSE,OMX,2003-09-29,0.15
NYSE,OMX,2003-06-27,0.15
NYSE,OMX,2003-03-28,0.15
NYSE,OMX,2002-12-27,0.15
NYSE,OMX,2002-09-27,0.15
NYSE,OMX,2002-06-27,0.15
NYSE,OMX,2002-03-27,0.15
NYSE,OMX,2001-12-27,0.15
NYSE,OMX,2001-09-27,0.15
NYSE,OMX,2001-06-27,0.15
NYSE,OMX,2001-03-28,0.15
NYSE,OMX,2000-12-27,0.15
NYSE,OMX,2000-09-27,0.15
NYSE,OMX,2000-06-28,0.15
NYSE,OMX,2000-03-29,0.15
NYSE,OMX,1999-12-29,0.15
NYSE,OMX,1999-09-29,0.15
NYSE,OMX,1999-06-29,0.15
NYSE,OMX,1999-03-30,0.15
NYSE,OMX,1998-12-29,0.15
NYSE,OMX,1998-09-29,0.15
NYSE,OMX,1998-06-29,0.15
NYSE,OMX,1998-03-30,0.15
NYSE,OMX,1997-12-29,0.15
NYSE,OMX,1997-09-29,0.15
NYSE,OMX,1997-06-27,0.395
NYSE,OMX,1997-03-27,0.15
NYSE,OMX,1996-12-27,0.15
NYSE,OMX,1996-09-27,0.15
NYSE,OMX,1996-06-27,0.15
NYSE,OMX,1996-03-28,0.15
NYSE,OMX,1995-12-27,0.15
NYSE,OMX,1995-09-27,0.15
NYSE,OMX,1995-06-28,0.15
NYSE,OMX,1995-03-27,0.15
NYSE,OMX,1994-12-23,0.15
NYSE,OMX,1994-09-26,0.15
NYSE,OMX,1994-06-27,0.15
NYSE,OMX,1994-03-25,0.15
NYSE,OMX,1993-12-27,0.15
NYSE,OMX,1993-09-27,0.15
NYSE,OMX,1993-06-25,0.15
NYSE,OMX,1993-03-26,0.15
NYSE,OMX,1992-12-28,0.15
NYSE,OMX,1992-09-09,0.15
NYSE,OMX,1992-06-09,0.15
NYSE,OMX,1992-03-09,0.15
NYSE,OMX,1991-12-17,0.15
NYSE,OMX,1991-09-09,0.38
NYSE,OMX,1991-06-10,0.38
NYSE,OMX,1991-03-11,0.38
NYSE,OMX,1990-12-17,0.38
NYSE,OMX,1990-09-10,0.38
NYSE,OMX,1990-06-11,0.38
NYSE,OMX,1990-03-09,0.38
NYSE,OMX,1989-12-11,0.38
NYSE,OMX,1989-09-11,0.35
NYSE,OMX,1989-06-09,0.35
NYSE,OMX,1989-03-09,0.35
NYSE,OMX,1988-12-09,0.35
NYSE,OMX,1988-09-09,0.3
NYSE,OMX,1988-06-09,0.3
NYSE,OMX,1988-03-09,0.3
NYSE,OMX,1987-12-14,0.3
NYSE,OMX,1987-09-09,0.285
NYSE,OMX,1987-06-09,0.285
NYSE,OMX,1987-03-09,0.285
NYSE,OMX,1986-12-15,0.285
NYSE,OMX,1986-09-09,0.285
NYSE,OMX,1986-06-09,0.285
NYSE,OMX,1986-03-10,0.285
NYSE,OMX,1985-12-10,0.285
NYSE,OMX,1985-09-09,0.285
NYSE,OMX,1985-06-10,0.285
NYSE,OMX,1985-03-11,0.285
NYSE,OMX,1984-12-11,0.285
NYSE,OMX,1984-09-10,0.285
NYSE,OMX,1984-06-11,0.285
NYSE,OMX,1984-03-09,0.285
NYSE,OMX,1983-12-13,0.285
NYSE,OMX,1983-09-09,0.285
NYSE,OMX,1983-06-09,0.285
NYSE,OMX,1983-03-09,0.285
NYSE,OMX,1982-12-14,0.285
NYSE,OMX,1982-09-09,0.285
NYSE,OMX,1982-06-09,0.285
NYSE,OMX,1982-03-09,0.285
NYSE,OMN,2001-04-27,0.05
NYSE,OMN,2001-02-09,0.05
NYSE,OMN,2000-10-30,0.05
NYSE,OMN,2000-07-28,0.05
NYSE,OMN,2000-04-27,0.01
NYSE,OMN,2000-02-10,0.05
NYSE,OMN,1999-11-17,0.05
NYSE,OKE,2010-01-27,0.44
NYSE,OKE,2009-10-28,0.42
NYSE,OKE,2009-07-29,0.42
NYSE,OKE,2009-04-28,0.4
NYSE,OKE,2009-01-28,0.4
NYSE,OKE,2008-10-29,0.4
NYSE,OKE,2008-07-29,0.4
NYSE,OKE,2008-04-28,0.38
NYSE,OKE,2008-01-29,0.38
NYSE,OKE,2007-10-29,0.36
NYSE,OKE,2007-07-27,0.36
NYSE,OKE,2007-04-26,0.34
NYSE,OKE,2007-01-29,0.34
NYSE,OKE,2006-10-27,0.32
NYSE,OKE,2006-07-27,0.32
NYSE,OKE,2006-04-27,0.3
NYSE,OKE,2006-01-27,0.28
NYSE,OKE,2005-10-27,0.28
NYSE,OKE,2005-07-27,0.28
NYSE,OKE,2005-04-28,0.28
NYSE,OKE,2005-01-27,0.25
NYSE,OKE,2004-10-27,0.25
NYSE,OKE,2004-07-28,0.23
NYSE,OKE,2004-04-28,0.21
NYSE,OKE,2004-01-28,0.19
NYSE,OKE,2003-10-29,0.18
NYSE,OKE,2003-07-29,0.17
NYSE,OKE,2003-04-28,0.17
NYSE,OKE,2003-01-30,0.17
NYSE,OKE,2002-10-29,0.155
NYSE,OKE,2002-07-29,0.155
NYSE,OKE,2002-04-26,0.155
NYSE,OKE,2002-01-29,0.155
NYSE,OKE,2001-10-29,0.155
NYSE,OKE,2001-07-27,0.155
NYSE,OKE,2001-04-26,0.155
NYSE,OKE,2001-01-29,0.155
NYSE,OKE,2000-10-27,0.155
NYSE,OKE,2000-07-27,0.155
NYSE,OKE,2000-04-26,0.155
NYSE,OKE,2000-01-27,0.155
NYSE,OKE,1999-10-27,0.155
NYSE,OKE,1999-07-28,0.155
NYSE,OKE,1999-04-28,0.155
NYSE,OKE,1999-01-27,0.155
NYSE,OKE,1998-10-28,0.155
NYSE,OKE,1998-07-29,0.15
NYSE,OKE,1998-04-28,0.15
NYSE,OKE,1998-01-28,0.15
NYSE,OKE,1997-10-29,0.15
NYSE,OKE,1997-07-29,0.15
NYSE,OKE,1997-04-28,0.15
NYSE,OKE,1997-01-29,0.15
NYSE,OKE,1996-10-29,0.15
NYSE,OKE,1996-07-29,0.15
NYSE,OKE,1996-04-26,0.15
NYSE,OKE,1996-01-29,0.145
NYSE,OKE,1995-10-27,0.145
NYSE,OKE,1995-07-27,0.14
NYSE,OKE,1995-04-24,0.14
NYSE,OKE,1995-01-25,0.14
NYSE,OKE,1994-10-25,0.14
NYSE,OKE,1994-07-25,0.14
NYSE,OKE,1994-04-25,0.14
NYSE,OKE,1994-01-25,0.14
NYSE,OKE,1993-10-25,0.135
NYSE,OKE,1993-07-26,0.135
NYSE,OKE,1993-04-26,0.135
NYSE,OKE,1993-01-25,0.135
NYSE,OKE,1992-10-26,0.125
NYSE,OKE,1992-07-27,0.125
NYSE,OKE,1992-04-24,0.125
NYSE,OKE,1992-01-27,0.125
NYSE,OKE,1991-10-25,0.105
NYSE,OKE,1991-07-25,0.105
NYSE,OKE,1991-04-24,0.105
NYSE,OKE,1991-01-25,0.105
NYSE,OKE,1990-10-25,0.095
NYSE,OKE,1990-07-25,0.095
NYSE,OKE,1990-04-24,0.095
NYSE,OKE,1990-01-25,0.095
NYSE,OKE,1989-10-25,0.0875
NYSE,OKE,1989-07-25,0.0875
NYSE,OKE,1989-04-24,0.075
NYSE,OKE,1989-01-25,0.075
NYSE,OKE,1988-01-25,0.16
NYSE,OKE,1987-10-26,0.16
NYSE,OKE,1987-07-27,0.16
NYSE,OKE,1987-04-24,0.16
NYSE,OKE,1987-01-26,0.16
NYSE,OKE,1986-10-27,0.16
NYSE,OKE,1986-07-25,0.16
NYSE,OKE,1986-04-24,0.16
NYSE,OKE,1986-01-27,0.16
NYSE,OKE,1985-10-25,0.16
NYSE,OKE,1985-07-25,0.16
NYSE,ORA,2009-11-16,0.06
NYSE,ORA,2009-08-14,0.06
NYSE,ORA,2009-05-18,0.06
NYSE,ORA,2009-03-12,0.07
NYSE,ORA,2008-11-17,0.05
NYSE,ORA,2008-08-15,0.05
NYSE,ORA,2008-05-16,0.05
NYSE,ORA,2008-03-12,0.05
NYSE,ORA,2007-11-26,0.05
NYSE,ORA,2007-08-20,0.05
NYSE,ORA,2007-05-18,0.05
NYSE,ORA,2007-03-19,0.07
NYSE,ORA,2006-11-28,0.04
NYSE,ORA,2006-08-21,0.04
NYSE,ORA,2006-05-19,0.04
NYSE,ORA,2006-03-24,0.03
NYSE,ORA,2005-11-25,0.03
NYSE,ORA,2005-08-18,0.03
NYSE,ORA,2005-05-19,0.03
NYSE,ORA,2005-03-31,0.03
NYSE,OHI,2010-01-27,0.32
NYSE,OHI,2009-10-29,0.3
NYSE,OHI,2009-07-29,0.3
NYSE,OHI,2009-04-28,0.3
NYSE,OHI,2009-01-28,0.3
NYSE,OHI,2008-10-29,0.3
NYSE,OHI,2008-07-29,0.3
NYSE,OHI,2008-04-28,0.3
NYSE,OHI,2008-01-29,0.29
NYSE,OHI,2007-10-29,0.28
NYSE,OHI,2007-07-27,0.27
NYSE,OHI,2007-04-26,0.27
NYSE,OHI,2007-01-29,0.26
NYSE,OHI,2006-11-01,0.25
NYSE,OHI,2006-07-27,0.24
NYSE,OHI,2006-04-26,0.24
NYSE,OHI,2006-01-27,0.23
NYSE,OHI,2005-10-27,0.22
NYSE,OHI,2005-07-27,0.22
NYSE,OHI,2005-04-28,0.21
NYSE,OHI,2005-01-27,0.2
NYSE,OHI,2004-10-27,0.19
NYSE,OHI,2004-07-28,0.18
NYSE,OHI,2004-04-28,0.18
NYSE,OHI,2004-01-29,0.17
NYSE,OHI,2003-10-29,0.15
NYSE,OHI,2000-10-27,0.25
NYSE,OHI,2000-08-03,0.25
NYSE,OHI,2000-01-26,0.5
NYSE,OHI,1999-10-27,0.7
NYSE,OHI,1999-07-28,0.7
NYSE,OHI,1999-04-28,0.7
NYSE,OHI,1999-01-27,0.7
NYSE,OHI,1998-10-28,0.67
NYSE,OHI,1998-07-29,0.67
NYSE,OHI,1998-04-28,0.67
NYSE,OHI,1998-04-09,2.313
NYSE,OHI,1998-01-28,0.67
NYSE,OHI,1997-10-29,0.645
NYSE,OHI,1997-07-31,0.645
NYSE,OHI,1997-04-30,0.645
NYSE,OHI,1997-01-30,0.645
NYSE,OHI,1996-10-31,0.62
NYSE,OHI,1996-07-31,0.62
NYSE,OHI,1996-04-30,0.62
NYSE,OHI,1996-01-31,0.62
NYSE,OHI,1995-10-31,0.59
NYSE,OHI,1995-07-31,0.59
NYSE,OHI,1995-04-26,0.59
NYSE,OHI,1995-01-27,0.59
NYSE,OHI,1994-10-27,0.58
NYSE,OHI,1994-07-27,0.54
NYSE,OHI,1994-04-26,0.54
NYSE,OHI,1994-01-27,0.54
NYSE,OHI,1993-10-27,0.54
NYSE,OHI,1993-07-27,0.5
NYSE,OHI,1993-04-27,0.5
NYSE,OHI,1993-01-27,0.5
NYSE,OHI,1992-10-27,0.26
NYSE,OMC,2009-12-14,0.15
NYSE,OMC,2009-09-16,0.15
NYSE,OMC,2009-06-05,0.15
NYSE,OMC,2009-03-04,0.15
NYSE,OMC,2008-12-15,0.15
NYSE,OMC,2008-09-17,0.15
NYSE,OMC,2008-06-04,0.15
NYSE,OMC,2008-03-05,0.15
NYSE,OMC,2007-12-13,0.15
NYSE,OMC,2007-09-18,0.15
NYSE,OMC,2007-06-04,0.075
NYSE,OMC,2007-03-06,0.125
NYSE,OMC,2006-12-14,0.125
NYSE,OMC,2006-09-19,0.125
NYSE,OMC,2006-06-05,0.125
NYSE,OMC,2006-03-07,0.125
NYSE,OMC,2005-12-14,0.1125
NYSE,OMC,2005-09-21,0.1125
NYSE,OMC,2005-06-07,0.1125
NYSE,OMC,2005-03-08,0.1125
NYSE,OMC,2004-12-21,0.1125
NYSE,OMC,2004-09-22,0.1125
NYSE,OMC,2004-06-04,0.1125
NYSE,OMC,2004-03-03,0.1125
NYSE,OMC,2003-12-23,0.1
NYSE,OMC,2003-09-24,0.1
NYSE,OMC,2003-06-04,0.1
NYSE,OMC,2003-03-05,0.1
NYSE,OMC,2002-12-18,0.1
NYSE,OMC,2002-09-18,0.1
NYSE,OMC,2002-06-05,0.1
NYSE,OMC,2002-03-06,0.1
NYSE,OMC,2001-12-18,0.1
NYSE,OMC,2001-09-19,0.1
NYSE,OMC,2001-06-06,0.1
NYSE,OMC,2001-03-07,0.0875
NYSE,OMC,2000-12-15,0.0875
NYSE,OMC,2000-09-26,0.0875
NYSE,OMC,2000-06-07,0.0875
NYSE,OMC,2000-03-08,0.0875
NYSE,OMC,1999-12-16,0.0875
NYSE,OMC,1999-09-22,0.075
NYSE,OMC,1999-06-09,0.075
NYSE,OMC,1999-03-10,0.075
NYSE,OMC,1998-12-11,0.075
NYSE,OMC,1998-09-23,0.0625
NYSE,OMC,1998-06-10,0.0625
NYSE,OMC,1998-03-11,0.0625
NYSE,OMC,1997-12-12,0.0625
NYSE,OMC,1997-09-24,0.0625
NYSE,OMC,1997-06-11,0.05
NYSE,OMC,1997-03-12,0.05
NYSE,OMC,1996-12-12,0.05
NYSE,OMC,1996-09-25,0.05
NYSE,OMC,1996-06-12,0.04375
NYSE,OMC,1996-03-13,0.04375
NYSE,OMC,1995-12-13,0.04375
NYSE,OMC,1995-09-27,0.04375
NYSE,OMC,1995-06-13,0.03875
NYSE,OMC,1995-03-14,0.03875
NYSE,OMC,1994-12-09,0.03875
NYSE,OMC,1994-09-20,0.03875
NYSE,OMC,1994-06-09,0.03875
NYSE,OMC,1994-05-24,0.00562
NYSE,OMC,1994-03-14,0.03875
NYSE,OMC,1993-12-13,0.03875
NYSE,OMC,1993-09-20,0.03875
NYSE,OMC,1993-06-09,0.03875
NYSE,OMC,1993-03-08,0.03875
NYSE,OMC,1992-12-14,0.03875
NYSE,OMC,1992-09-17,0.03875
NYSE,OMC,1992-06-08,0.03875
NYSE,OMC,1992-03-09,0.03438
NYSE,OMC,1991-12-10,0.03438
NYSE,OMC,1991-09-10,0.03438
NYSE,OMC,1991-06-10,0.03438
NYSE,OMC,1991-03-11,0.03438
NYSE,OMC,1990-12-10,0.03438
NYSE,OMC,1990-09-10,0.03438
NYSE,OMC,1990-06-11,0.03438
NYSE,OXM,2010-01-13,0.09
NYSE,OXM,2009-10-13,0.09
NYSE,OXM,2009-07-13,0.09
NYSE,OXM,2009-04-13,0.09
NYSE,OXM,2009-01-13,0.18
NYSE,OXM,2008-10-10,0.18
NYSE,OXM,2008-07-11,0.18
NYSE,OXM,2008-05-13,0.18
NYSE,OXM,2008-02-13,0.18
NYSE,OXM,2007-11-13,0.18
NYSE,OXM,2007-08-13,0.18
NYSE,OXM,2007-05-11,0.18
NYSE,OXM,2007-02-13,0.18
NYSE,OXM,2006-11-13,0.15
NYSE,OXM,2006-08-18,0.15
NYSE,OXM,2006-05-11,0.15
NYSE,OXM,2006-02-13,0.15
NYSE,OXM,2005-11-10,0.135
NYSE,OXM,2005-08-18,0.135
NYSE,OXM,2005-05-19,0.135
NYSE,OXM,2005-02-10,0.135
NYSE,OXM,2004-11-10,0.12
NYSE,OXM,2004-08-12,0.12
NYSE,OXM,2004-05-13,0.12
NYSE,OXM,2004-02-12,0.12
NYSE,OXM,2003-11-13,0.105
NYSE,OXM,2003-08-14,0.105
NYSE,OXM,2003-05-13,0.105
NYSE,OXM,2003-02-12,0.105
NYSE,OXM,2002-11-13,0.105
NYSE,OXM,2002-08-13,0.105
NYSE,OXM,2002-05-13,0.105
NYSE,OXM,2002-02-13,0.105
NYSE,OXM,2001-11-13,0.105
NYSE,OXM,2001-08-13,0.105
NYSE,OXM,2001-05-11,0.105
NYSE,OXM,2001-02-13,0.105
NYSE,OXM,2000-11-13,0.105
NYSE,OXM,2000-08-11,0.105
NYSE,OXM,2000-05-11,0.105
NYSE,OXM,2000-02-11,0.105
NYSE,OXM,1999-11-10,0.105
NYSE,OXM,1999-08-11,0.105
NYSE,OXM,1999-05-12,0.105
NYSE,OXM,1999-02-10,0.105
NYSE,OXM,1998-11-10,0.1
NYSE,OXM,1998-08-13,0.1
NYSE,OXM,1998-05-13,0.1
NYSE,OXM,1998-02-11,0.1
NYSE,OXM,1997-11-12,0.1
NYSE,OXM,1997-08-13,0.1
NYSE,OXM,1997-05-13,0.1
NYSE,OXM,1997-02-12,0.1
NYSE,OXM,1996-11-13,0.1
NYSE,OXM,1996-08-14,0.1
NYSE,OXM,1996-05-13,0.1
NYSE,OXM,1996-02-13,0.1
NYSE,OXM,1995-11-13,0.1
NYSE,OXM,1995-08-16,0.1
NYSE,OXM,1995-05-11,0.1
NYSE,OXM,1995-02-09,0.1
NYSE,OXM,1994-11-07,0.09
NYSE,OXM,1994-08-15,0.09
NYSE,OXM,1994-05-10,0.09
NYSE,OXM,1994-02-07,0.09
NYSE,OXM,1993-11-08,0.0825
NYSE,OXM,1993-08-10,0.0825
NYSE,OXM,1993-05-10,0.0825
NYSE,OXM,1993-02-08,0.0825
NYSE,OXM,1992-11-06,0.075
NYSE,OXM,1992-08-11,0.075
NYSE,OXM,1992-05-11,0.075
NYSE,OXM,1992-02-10,0.075
NYSE,OXM,1991-11-08,0.0625
NYSE,OXM,1991-08-09,0.0625
NYSE,OXM,1991-05-09,0.0625
NYSE,OXM,1991-02-11,0.0625
NYSE,OXM,1990-11-08,0.0625
NYSE,OXM,1990-08-09,0.0625
NYSE,OXM,1990-05-09,0.0625
NYSE,OXM,1990-02-09,0.0625
NYSE,OXM,1989-11-09,0.0625
NYSE,OXM,1989-08-09,0.0625
NYSE,OXM,1989-05-09,0.0625
NYSE,OXM,1989-02-09,0.0625
NYSE,OXM,1988-11-08,0.0625
NYSE,OXM,1988-08-09,0.0625
NYSE,OXM,1988-05-09,0.0625
NYSE,OXM,1988-02-08,0.06
NYSE,OLA,2009-12-11,0.24
NYSE,OLA,2009-09-11,0.24
NYSE,OLA,2009-06-11,0.24
NYSE,OLA,2009-03-11,0.4
NYSE,OLA,2008-12-11,0.4
NYSE,OLA,2008-09-11,0.4
NYSE,OLA,2008-06-11,0.4
NYSE,OLA,2008-03-12,0.4
NYSE,OLA,2007-12-12,0.4
NYSE,OLA,2007-09-12,0.4
NYSE,OLA,2007-06-13,0.4
NYSE,OLA,2007-03-13,0.4
NYSE,OLA,2006-12-13,0.4
NYSE,OLA,2006-09-13,0.4
NYSE,OLA,2006-06-13,0.4
NYSE,OLA,2006-03-13,0.4
NYSE,OLA,2005-12-13,0.4
NYSE,OIC,2010-01-20,0.043
NYSE,OIC,2009-12-16,0.043
NYSE,OIC,2009-11-18,0.043
NYSE,OIC,2009-10-21,0.043
NYSE,OIC,2009-09-16,0.043
NYSE,OIC,2009-08-19,0.043
NYSE,OIC,2009-07-22,0.043
NYSE,OIC,2009-06-17,0.043
NYSE,OIC,2009-05-20,0.043
NYSE,OIC,2009-04-15,0.043
NYSE,OIC,2009-03-18,0.048
NYSE,OIC,2009-02-18,0.048
NYSE,OIC,2009-01-21,0.048
NYSE,OIC,2008-12-17,0.054
NYSE,OIC,2008-11-19,0.048
NYSE,OIC,2008-10-22,0.048
NYSE,OIC,2008-09-17,0.045
NYSE,OIC,2008-08-20,0.045
NYSE,OIC,2008-07-16,0.045
NYSE,OIC,2008-06-18,0.045
NYSE,OIC,2008-05-21,0.045
NYSE,OIC,2008-04-16,0.045
NYSE,OIC,2008-03-05,0.045
NYSE,OIC,2008-02-06,0.045
NYSE,OIC,2008-01-09,0.045
NYSE,OIC,2007-12-05,0.043
NYSE,OIC,2007-11-07,0.043
NYSE,OIC,2007-10-03,0.045
NYSE,OIC,2007-09-05,0.045
NYSE,OIC,2007-08-01,0.045
NYSE,OIC,2007-07-03,0.045
NYSE,OIC,2007-06-06,0.045
NYSE,OIC,2007-05-02,0.045
NYSE,OIC,2007-04-03,0.045
NYSE,OIC,2007-03-07,0.045
NYSE,OIC,2007-02-07,0.045
NYSE,OIC,2007-01-03,0.045
NYSE,OIC,2006-12-06,0.102
NYSE,OIC,2006-11-01,0.09
NYSE,OIC,2006-10-04,0.09
NYSE,OIC,2006-09-06,0.045
NYSE,OIC,2006-07-05,0.045
NYSE,OIC,2006-06-07,0.045
NYSE,OIC,2006-05-03,0.045
NYSE,OIC,2006-04-05,0.045
NYSE,OIC,2006-03-01,0.045
NYSE,OIC,2006-02-01,0.045
NYSE,OIC,2006-01-04,0.045
NYSE,OIC,2005-12-07,0.045
NYSE,OIC,2005-11-02,0.045
NYSE,OIC,2005-10-05,0.045
NYSE,OIC,2005-09-07,0.043
NYSE,OIC,2005-08-03,0.043
NYSE,OIC,2005-07-06,0.043
NYSE,OIC,2005-06-01,0.043
NYSE,OIC,2005-05-04,0.043
NYSE,OIC,2005-04-06,0.043
NYSE,OIC,2005-03-02,0.043
NYSE,OIC,2005-02-02,0.043
NYSE,OIC,2005-01-05,0.043
NYSE,OIC,2004-12-08,0.043
NYSE,OIC,2004-11-03,0.043
NYSE,OIC,2004-10-06,0.043
NYSE,OIC,2004-09-01,0.045
NYSE,OIC,2004-08-04,0.045
NYSE,OIC,2004-07-07,0.045
NYSE,OIC,2004-06-02,0.045
NYSE,OIC,2004-05-05,0.045
NYSE,OIC,2004-04-14,0.045
NYSE,OIC,2004-03-03,0.045
NYSE,OIC,2004-02-04,0.045
NYSE,OIC,2004-01-07,0.045
NYSE,OIC,2003-12-03,0.045
NYSE,OIC,2003-11-05,0.045
NYSE,OIC,2003-10-01,0.045
NYSE,OIC,2003-09-03,0.048
NYSE,OIC,2003-08-06,0.048
NYSE,OIC,2003-07-09,0.048
NYSE,OIC,2003-06-04,0.048
NYSE,OIC,2003-05-07,0.048
NYSE,OIC,2003-04-02,0.048
NYSE,OIC,2003-03-05,0.048
NYSE,OIC,2003-02-05,0.048
NYSE,OIC,2003-01-08,0.048
NYSE,OIC,2002-12-04,0.048
NYSE,OIC,2002-11-06,0.048
NYSE,OIC,2002-10-02,0.048
NYSE,OIC,2002-09-04,0.048
NYSE,OIC,2002-08-07,0.048
NYSE,OIC,2002-07-02,0.048
NYSE,OIC,2002-06-05,0.048
NYSE,OIC,2002-05-01,0.048
NYSE,OIC,2002-04-03,0.048
NYSE,OIC,2002-03-06,0.048
NYSE,OIC,2002-02-06,0.048
NYSE,OIC,2002-01-02,0.048
NYSE,OIC,2001-12-05,0.102
NYSE,OIC,2001-11-07,0.048
NYSE,OIC,2001-10-03,0.048
NYSE,OIC,2001-09-05,0.048
NYSE,OIC,2001-08-01,0.048
NYSE,OIC,2001-07-03,0.048
NYSE,OIC,2001-06-06,0.048
NYSE,OIC,2001-05-02,0.048
NYSE,OIC,2001-04-04,0.048
NYSE,OIC,2001-03-07,0.048
NYSE,OIC,2001-02-07,0.048
NYSE,OIC,2001-01-03,0.043
NYSE,OIC,2000-12-06,0.048
NYSE,OIC,2000-11-01,0.048
NYSE,OIC,2000-10-04,0.043
NYSE,OIC,2000-09-06,0.045
NYSE,OIC,2000-08-02,0.045
NYSE,OIC,2000-07-05,0.045
NYSE,OIC,2000-06-07,0.045
NYSE,OIC,2000-05-03,0.045
NYSE,OIC,2000-04-05,0.045
NYSE,OIC,2000-03-01,0.045
NYSE,OIC,2000-02-02,0.045
NYSE,OIC,2000-01-05,0.045
NYSE,OIC,1999-12-01,0.055
NYSE,OIC,1999-11-03,0.045
NYSE,OIC,1999-10-06,0.045
NYSE,OIC,1999-09-01,0.045
NYSE,OIC,1999-08-04,0.045
NYSE,OIC,1999-07-07,0.046
NYSE,OIC,1999-06-02,0.045
NYSE,OIC,1999-05-05,0.045
NYSE,OIC,1999-04-07,0.045
NYSE,OIC,1999-03-03,0.045
NYSE,OIC,1999-02-03,0.045
NYSE,OIC,1999-01-06,0.045
NYSE,OIC,1998-12-02,0.045
NYSE,OIC,1998-11-04,0.045
NYSE,OIC,1998-10-07,0.045
NYSE,OIC,1998-09-02,0.052
NYSE,OIC,1998-08-05,0.052
NYSE,OIC,1998-07-08,0.052
NYSE,OIC,1998-06-03,0.052
NYSE,OIC,1998-05-06,0.052
NYSE,OIC,1998-04-01,0.052
NYSE,OIC,1998-03-04,0.052
NYSE,OIC,1998-02-04,0.052
NYSE,OIC,1998-01-07,0.052
NYSE,OIC,1997-12-03,0.052
NYSE,OIC,1997-11-05,0.052
NYSE,OIC,1997-10-01,0.052
NYSE,OIC,1997-09-03,0.06
NYSE,OIC,1997-08-06,0.06
NYSE,OIC,1997-07-09,0.06
NYSE,OIC,1997-06-04,0.06
NYSE,OIC,1997-05-07,0.06
NYSE,OIC,1997-04-02,0.06
NYSE,OIC,1997-03-05,0.06
NYSE,OIC,1997-02-05,0.06
NYSE,OIC,1997-01-08,0.06
NYSE,OIC,1996-12-04,0.06
NYSE,OIC,1996-11-06,0.06
NYSE,OIC,1996-10-02,0.055
NYSE,OIC,1996-09-04,0.055
NYSE,OIC,1996-08-07,0.055
NYSE,OIC,1996-07-02,0.055
NYSE,OIC,1996-06-05,0.055
NYSE,OIC,1996-05-01,0.055
NYSE,OIC,1996-04-02,0.055
NYSE,OIC,1996-03-06,0.055
NYSE,OIC,1996-02-07,0.055
NYSE,OIC,1996-01-10,0.055
NYSE,OIC,1995-12-06,0.055
NYSE,OIC,1995-11-08,0.055
NYSE,OIC,1995-10-04,0.048
NYSE,OIC,1995-09-06,0.142
NYSE,OFG,2009-12-29,0.04
NYSE,OFG,2009-09-28,0.04
NYSE,OFG,2009-06-30,0.04
NYSE,OFG,2009-03-30,0.04
NYSE,OFG,2008-12-26,0.14
NYSE,OFG,2008-09-26,0.14
NYSE,OFG,2008-06-26,0.14
NYSE,OFG,2008-03-27,0.14
NYSE,OFG,2007-12-27,0.14
NYSE,OFG,2007-10-01,0.14
NYSE,OFG,2007-06-27,0.14
NYSE,OFG,2007-03-28,0.14
NYSE,OFG,2006-12-27,0.14
NYSE,OFG,2006-09-27,0.14
NYSE,OFG,2006-06-28,0.14
NYSE,OFG,2006-03-28,0.14
NYSE,OFG,2005-12-28,0.14
NYSE,OFG,2005-09-28,0.14
NYSE,OFG,2005-06-28,0.14
NYSE,OFG,2005-03-28,0.14
NYSE,OFG,2004-12-28,0.14091
NYSE,OFG,2004-09-28,0.12727
NYSE,OFG,2004-06-28,0.12727
NYSE,OFG,2004-03-26,0.12727
NYSE,OFG,2003-12-26,0.12727
NYSE,OFG,2003-09-26,0.1157
NYSE,OFG,2003-06-26,0.1157
NYSE,OFG,2003-03-27,0.1157
NYSE,OFG,2002-12-26,0.1157
NYSE,OFG,2002-09-26,0.09917
NYSE,OFG,2002-06-26,0.09917
NYSE,OFG,2002-03-27,0.10909
NYSE,OFG,2001-12-27,0.09015
NYSE,OFG,2001-09-26,0.09015
NYSE,OFG,2001-06-27,0.09015
NYSE,OFG,2001-03-28,0.09015
NYSE,OFG,2000-12-27,0.09015
NYSE,OFG,2000-09-27,0.09015
NYSE,OFG,2000-06-28,0.09015
NYSE,OFG,2000-03-28,0.09015
NYSE,OFG,1999-12-28,0.09015
NYSE,OFG,1999-09-28,0.09015
NYSE,OFG,1999-06-28,0.09015
NYSE,OFG,1999-03-26,0.09015
NYSE,OFG,1998-12-28,0.06913
NYSE,OFG,1998-09-28,0.06762
NYSE,OFG,1998-06-26,0.06762
NYSE,OFG,1998-03-27,0.06762
NYSE,OFG,1997-12-26,0.05635
NYSE,OFG,1997-09-26,0.05697
NYSE,OFG,1997-06-26,0.0541
NYSE,OFG,1997-03-26,0.0541
NYSE,OFG,1996-12-16,0.04507
NYSE,OFG,1996-06-14,0.03757
NYSE,OFG,1996-03-12,0.03757
NYSE,OFG,1995-12-13,0.03757
NYSE,OFG,1995-09-14,0.03005
NYSE,OFG,1995-06-29,0.02885
NYSE,OFG,1995-03-13,0.01923
NYSE,OFG,1994-12-09,0.01923
NYSE,OFG,1994-09-14,0.01226
NYSE,OFG,1994-06-15,0.00902
NYSE,OFG,1994-03-25,0.00902
NYSE,OFG,1993-12-28,0.01804
NYSE,OFG,1993-09-27,0.00902
NYSE,OFG,1993-07-22,0.00902
NYSE,OFG,1993-03-26,0.00602
NYSE,OFG,1992-12-24,0.00602
NYSE,OFG,1992-09-25,0.00602
NYSE,OIB,2010-01-20,0.039
NYSE,OIB,2009-12-16,0.039
NYSE,OIB,2009-11-18,0.039
NYSE,OIB,2009-10-21,0.039
NYSE,OIB,2009-09-16,0.039
NYSE,OIB,2009-08-19,0.039
NYSE,OIB,2009-07-22,0.039
NYSE,OIB,2009-06-17,0.039
NYSE,OIB,2009-05-20,0.039
NYSE,OIB,2009-04-15,0.039
NYSE,OIB,2009-03-18,0.044
NYSE,OIB,2009-02-18,0.044
NYSE,OIB,2009-01-21,0.044
NYSE,OIB,2008-12-17,0.044
NYSE,OIB,2008-11-19,0.044
NYSE,OIB,2008-10-22,0.044
NYSE,OIB,2008-09-17,0.043
NYSE,OIB,2008-08-20,0.043
NYSE,OIB,2008-07-16,0.043
NYSE,OIB,2008-06-18,0.043
NYSE,OIB,2008-05-21,0.043
NYSE,OIB,2008-04-16,0.043
NYSE,OIB,2008-03-05,0.043
NYSE,OIB,2008-02-06,0.043
NYSE,OIB,2008-01-09,0.043
NYSE,OIB,2007-12-05,0.043
NYSE,OIB,2007-11-07,0.043
NYSE,OIB,2007-10-03,0.043
NYSE,OIB,2007-09-05,0.04
NYSE,OIB,2007-08-01,0.04
NYSE,OIB,2007-07-03,0.04
NYSE,OIB,2007-06-06,0.04
NYSE,OIB,2007-05-02,0.04
NYSE,OIB,2007-04-03,0.04
NYSE,OIB,2007-03-07,0.04
NYSE,OIB,2007-02-07,0.04
NYSE,OIB,2007-01-03,0.04
NYSE,OIB,2006-12-06,0.044
NYSE,OIB,2006-11-01,0.04
NYSE,OIB,2006-10-04,0.04
NYSE,OIB,2006-09-06,0.043
NYSE,OIB,2006-07-05,0.043
NYSE,OIB,2006-06-07,0.043
NYSE,OIB,2006-05-03,0.043
NYSE,OIB,2006-04-05,0.043
NYSE,OIB,2006-03-01,0.043
NYSE,OIB,2006-02-01,0.043
NYSE,OIB,2006-01-04,0.043
NYSE,OIB,2005-12-07,0.043
NYSE,OIB,2005-11-02,0.043
NYSE,OIB,2005-10-05,0.043
NYSE,OIB,2005-09-07,0.04
NYSE,OIB,2005-08-03,0.04
NYSE,OIB,2005-07-06,0.04
NYSE,OIB,2005-06-01,0.04
NYSE,OIB,2005-05-04,0.04
NYSE,OIB,2005-04-06,0.04
NYSE,OIB,2005-03-02,0.04
NYSE,OIB,2005-02-02,0.04
NYSE,OIB,2005-01-05,0.04
NYSE,OIB,2004-12-08,0.04
NYSE,OIB,2004-11-03,0.04
NYSE,OIB,2004-10-06,0.04
NYSE,OIB,2004-09-01,0.043
NYSE,OIB,2004-08-04,0.043
NYSE,OIB,2004-07-07,0.043
NYSE,OIB,2004-06-02,0.043
NYSE,OIB,2004-05-05,0.043
NYSE,OIB,2004-04-14,0.043
NYSE,OIB,2004-03-03,0.043
NYSE,OIB,2004-02-04,0.043
NYSE,OIB,2004-01-07,0.043
NYSE,OIB,2003-12-03,0.043
NYSE,OIB,2003-11-05,0.043
NYSE,OIB,2003-10-01,0.043
NYSE,OIB,2003-09-03,0.043
NYSE,OIB,2003-08-06,0.043
NYSE,OIB,2003-07-09,0.043
NYSE,OIB,2003-06-04,0.043
NYSE,OIB,2003-05-07,0.043
NYSE,OIB,2003-04-02,0.043
NYSE,OIB,2003-03-05,0.043
NYSE,OIB,2003-02-05,0.043
NYSE,OIB,2003-01-08,0.043
NYSE,OIB,2002-12-04,0.043
NYSE,OIB,2002-11-06,0.043
NYSE,OIB,2002-10-02,0.043
NYSE,OIB,2002-09-04,0.045
NYSE,OIB,2002-08-07,0.045
NYSE,OIB,2002-07-02,0.045
NYSE,OIB,2002-06-05,0.045
NYSE,OIB,2002-05-01,0.045
NYSE,OIB,2002-04-03,0.045
NYSE,OIB,2002-03-06,0.045
NYSE,OIB,2002-02-06,0.045
NYSE,OIB,2002-01-02,0.045
NYSE,OIB,2001-12-05,0.045
NYSE,OIB,2001-11-07,0.043
NYSE,OIB,2001-10-03,0.043
NYSE,OIB,2001-09-05,0.043
NYSE,OIB,2001-08-01,0.043
NYSE,OIB,2001-07-03,0.043
NYSE,OIB,2001-06-06,0.043
NYSE,OIB,2001-05-02,0.043
NYSE,OIB,2001-04-04,0.043
NYSE,OIB,2001-03-07,0.043
NYSE,OIB,2001-02-07,0.043
NYSE,OIB,2001-01-03,0.043
NYSE,OIB,2000-12-06,0.043
NYSE,OIB,2000-11-01,0.043
NYSE,OIB,2000-10-04,0.043
NYSE,OIB,2000-09-06,0.043
NYSE,OIB,2000-08-02,0.043
NYSE,OIB,2000-07-05,0.043
NYSE,OIB,2000-06-07,0.043
NYSE,OIB,2000-05-03,0.043
NYSE,OIB,2000-04-05,0.043
NYSE,OIB,2000-03-01,0.043
NYSE,OIB,2000-02-02,0.043
NYSE,OIB,2000-01-05,0.043
NYSE,OIB,1999-12-01,0.043
NYSE,OIB,1999-11-03,0.043
NYSE,OIB,1999-10-06,0.043
NYSE,OIB,1999-09-01,0.043
NYSE,OIB,1999-08-04,0.043
NYSE,OIB,1999-07-07,0.043
NYSE,OIB,1999-06-02,0.042
NYSE,OIB,1999-05-05,0.042
NYSE,OIB,1999-04-07,0.042
NYSE,OIB,1999-03-03,0.042
NYSE,OIB,1999-02-03,0.042
NYSE,OIB,1999-01-06,0.042
NYSE,OIB,1998-12-02,0.042
NYSE,OIB,1998-11-04,0.042
NYSE,OIB,1998-10-07,0.042
NYSE,OIB,1998-09-02,0.045
NYSE,OIB,1998-08-05,0.045
NYSE,OIB,1998-07-08,0.045
NYSE,OIB,1998-06-03,0.045
NYSE,OIB,1998-05-06,0.045
NYSE,OIB,1998-04-01,0.045
NYSE,OIB,1998-03-04,0.045
NYSE,OIB,1998-02-04,0.045
NYSE,OIB,1998-01-07,0.045
NYSE,OIB,1997-12-03,0.045
NYSE,OIB,1997-11-05,0.045
NYSE,OIB,1997-10-01,0.045
NYSE,OIB,1997-09-03,0.05
NYSE,OIB,1997-08-06,0.05
NYSE,OIB,1997-07-09,0.05
NYSE,OIB,1997-06-04,0.05
NYSE,OIB,1997-05-07,0.05
NYSE,OIB,1997-04-02,0.05
NYSE,OIB,1997-03-05,0.05
NYSE,OIB,1997-02-05,0.05
NYSE,OIB,1997-01-08,0.05
NYSE,OIB,1996-12-04,0.05
NYSE,OIB,1996-11-06,0.05
NYSE,OIB,1996-10-02,0.055
NYSE,OIB,1996-09-04,0.055
NYSE,OIB,1996-08-07,0.055
NYSE,OIB,1996-07-02,0.055
NYSE,OIB,1996-06-05,0.055
NYSE,OIB,1996-05-01,0.055
NYSE,OIB,1996-04-02,0.055
NYSE,OIB,1996-03-06,0.055
NYSE,OIB,1996-02-07,0.055
NYSE,OIB,1996-01-10,0.055
NYSE,OIB,1995-12-06,0.055
NYSE,OIB,1995-11-08,0.055
NYSE,OIB,1995-10-04,0.05
NYSE,OIB,1995-09-06,0.05
NYSE,OIB,1995-08-09,0.05
NYSE,OIB,1995-07-12,0.05
NYSE,OIB,1995-06-14,0.05
NYSE,OIB,1995-05-01,0.05
NYSE,OIB,1995-04-03,0.05
NYSE,OIB,1995-03-06,0.05
NYSE,OIB,1995-02-06,0.05
NYSE,OIB,1995-01-09,0.05
NYSE,OIB,1994-12-05,0.05
NYSE,OIB,1994-11-04,0.05
NYSE,OIB,1994-10-03,0.05
NYSE,OIB,1994-09-02,0.05
NYSE,OIB,1994-08-01,0.05
NYSE,OIB,1994-07-01,0.05
NYSE,OIB,1994-06-06,0.05
NYSE,OIB,1994-05-02,0.05
NYSE,OIB,1994-04-04,0.05
NYSE,OIB,1994-03-07,0.05
NYSE,OIB,1994-02-07,0.05
NYSE,OIB,1994-01-03,0.05
NYSE,OIB,1993-12-06,0.05
NYSE,OIB,1993-11-01,0.05
NYSE,OIB,1993-10-04,0.05
NYSE,OIB,1993-09-03,0.05
NYSE,OIB,1993-08-02,0.05
NYSE,OIB,1993-07-02,0.05
NYSE,OIB,1993-06-07,0.05
NYSE,OIB,1993-05-03,0.05
NYSE,OIB,1993-04-12,0.05
NYSE,OIB,1993-03-01,0.05
NYSE,OIB,1993-02-01,0.05
NYSE,OIB,1993-01-04,0.05
NYSE,OIB,1992-12-07,0.05
NYSE,OIB,1992-11-02,0.05
NYSE,OIB,1992-10-05,0.05
NYSE,OIB,1992-09-04,0.06
NYSE,OIB,1992-08-03,0.06
NYSE,OIB,1992-07-06,0.06
NYSE,OIB,1992-06-01,0.06
NYSE,OIB,1992-05-04,0.06
NYSE,OIB,1992-04-06,0.06
NYSE,OIB,1992-03-02,0.065
NYSE,OIB,1992-02-03,0.065
NYSE,OIB,1992-01-06,0.065
NYSE,OIB,1991-12-02,0.065
NYSE,OIB,1991-11-04,0.065
NYSE,OIB,1991-10-07,0.065
NYSE,OIB,1991-09-09,0.065
NYSE,OIB,1991-08-05,0.065
NYSE,OIB,1991-07-08,0.065
NYSE,OIB,1991-06-03,0.065
NYSE,OIB,1991-05-06,0.065
NYSE,OIB,1991-04-01,0.065
NYSE,OIB,1991-03-04,0.065
NYSE,OIB,1991-02-04,0.065
NYSE,OIB,1991-01-07,0.065
NYSE,OIB,1990-12-03,0.065
NYSE,OIB,1990-11-05,0.065
NYSE,OIB,1990-10-01,0.065
NYSE,OIB,1990-08-31,0.062
NYSE,OIB,1990-08-06,0.062
NYSE,OIB,1990-06-29,0.06
NYSE,OIB,1990-06-04,0.06
NYSE,OIB,1990-05-07,0.06
NYSE,OIB,1990-04-02,0.057
NYSE,OIB,1990-03-05,0.052
NYSE,OIB,1990-02-05,0.052
NYSE,OIB,1989-12-29,0.05
NYSE,OIB,1989-12-04,0.05
NYSE,OIB,1989-10-02,0.047
NYSE,OIB,1989-09-01,0.045
NYSE,OIB,1989-08-07,0.04
NYSE,OMI,2009-12-11,0.23
NYSE,OMI,2009-09-11,0.23
NYSE,OMI,2009-06-11,0.23
NYSE,OMI,2009-03-11,0.23
NYSE,OMI,2008-12-11,0.2
NYSE,OMI,2008-09-11,0.2
NYSE,OMI,2008-06-11,0.2
NYSE,OMI,2008-03-12,0.2
NYSE,OMI,2007-12-12,0.17
NYSE,OMI,2007-09-12,0.17
NYSE,OMI,2007-06-13,0.17
NYSE,OLN,2010-02-08,0.2
NYSE,OLN,2009-11-06,0.2
NYSE,OLN,2009-08-06,0.2
NYSE,OLN,2009-05-07,0.2
NYSE,OLN,2009-02-06,0.2
NYSE,OLN,2008-11-06,0.2
NYSE,OLN,2008-08-07,0.2
NYSE,OLN,2008-05-07,0.2
NYSE,OLN,2008-02-07,0.2
NYSE,OLN,2007-11-07,0.2
NYSE,OLN,2007-08-08,0.2
NYSE,OLN,2007-05-08,0.2
NYSE,OLN,2007-02-07,0.2
NYSE,OLN,2006-11-08,0.2
NYSE,OLN,2006-08-08,0.2
NYSE,OLN,2006-05-08,0.2
NYSE,OLN,2006-02-08,0.2
NYSE,OLN,2005-11-08,0.2
NYSE,OLN,2005-08-08,0.2
NYSE,OLN,2005-05-06,0.2
NYSE,OLN,2005-02-08,0.2
NYSE,OLN,2004-11-08,0.2
NYSE,OLN,2004-08-06,0.2
NYSE,OLN,2004-05-06,0.2
NYSE,OLN,2004-02-06,0.2
NYSE,OLN,2003-11-06,0.2
NYSE,OLN,2003-08-07,0.2
NYSE,OLN,2003-05-07,0.2
NYSE,OLN,2003-02-06,0.2
NYSE,OLN,2002-11-06,0.2
NYSE,OLN,2002-08-07,0.2
NYSE,OLN,2002-05-08,0.2
NYSE,OLN,2002-02-07,0.2
NYSE,OLN,2001-08-08,0.2
NYSE,OLN,2001-05-08,0.2
NYSE,OLN,2001-02-07,0.2
NYSE,OLN,2000-11-08,0.2
NYSE,OLN,2000-08-08,0.2
NYSE,OLN,2000-05-08,0.2
NYSE,OLN,2000-02-08,0.2
NYSE,OLN,1999-11-08,0.2
NYSE,OLN,1999-08-06,0.2
NYSE,OLN,1999-05-06,0.2
NYSE,OLN,1999-01-14,0.19048
NYSE,OLN,1998-11-06,0.19048
NYSE,OLN,1998-08-06,0.19048
NYSE,OLN,1998-05-07,0.19048
NYSE,OLN,1998-02-06,0.19048
NYSE,OLN,1997-11-06,0.19048
NYSE,OLN,1997-08-06,0.19048
NYSE,OLN,1997-05-07,0.19048
NYSE,OLN,1997-02-06,0.19048
NYSE,OLN,1997-01-07,1.1746
NYSE,OLN,1996-11-06,0.19048
NYSE,OLN,1996-08-07,0.19048
NYSE,OLN,1996-05-08,0.19048
NYSE,OLN,1996-02-07,0.19048
NYSE,OLN,1995-11-08,0.19048
NYSE,OLN,1995-08-08,0.19048
NYSE,OLN,1995-05-04,0.19048
NYSE,OLN,1995-02-06,0.19048
NYSE,OLN,1994-11-04,0.1746
NYSE,OLN,1994-08-04,0.1746
NYSE,OLN,1994-05-04,0.1746
NYSE,OLN,1994-02-04,0.1746
NYSE,OLN,1993-11-04,0.1746
NYSE,OLN,1993-08-04,0.1746
NYSE,OLN,1993-05-04,0.1746
NYSE,OLN,1993-02-04,0.1746
NYSE,OLN,1992-11-04,0.1746
NYSE,OLN,1992-08-04,0.1746
NYSE,OLN,1992-05-05,0.1746
NYSE,OLN,1992-02-04,0.1746
NYSE,OLN,1991-11-05,0.1746
NYSE,OLN,1991-08-05,0.1746
NYSE,OLN,1991-05-06,0.1746
NYSE,OLN,1991-02-05,0.1746
NYSE,OLN,1990-11-05,0.1746
NYSE,OLN,1990-08-06,0.1746
NYSE,OLN,1990-05-04,0.1746
NYSE,OLN,1990-02-05,0.15873
NYSE,OLN,1989-11-02,0.15873
NYSE,OLN,1989-08-03,0.15873
NYSE,OLN,1989-05-04,0.15873
NYSE,OLN,1989-02-03,0.14286
NYSE,OLN,1988-11-03,0.14286
NYSE,OLN,1988-08-04,0.14286
NYSE,OLN,1988-05-05,0.12698
NYSE,OLN,1988-02-03,0.12698
NYSE,OMG,2002-08-14,0.14
NYSE,OMG,2002-05-15,0.14
NYSE,OMG,2002-02-19,0.14
NYSE,OMG,2001-11-14,0.13
NYSE,OMG,2001-08-15,0.13
NYSE,OMG,2001-05-16,0.13
NYSE,OMG,2001-02-14,0.13
NYSE,OMG,2000-11-15,0.11
NYSE,OMG,2000-08-16,0.11
NYSE,OMG,2000-05-17,0.11
NYSE,OMG,2000-02-16,0.11
NYSE,OMG,1999-11-17,0.1
NYSE,OMG,1999-08-11,0.1
NYSE,OMG,1999-05-12,0.1
NYSE,OMG,1999-02-10,0.1
NYSE,OMG,1998-11-18,0.09
NYSE,OMG,1998-08-12,0.09
NYSE,OMG,1998-05-13,0.09
NYSE,OMG,1998-02-11,0.09
NYSE,OMG,1997-11-12,0.08
NYSE,OMG,1997-08-13,0.08
NYSE,OMG,1997-05-14,0.08
NYSE,OMG,1997-02-12,0.08
NYSE,OMG,1996-11-13,0.07333
NYSE,OMG,1996-08-14,0.07333
NYSE,OMG,1996-05-15,0.07333
NYSE,OMG,1996-02-14,0.07333
NYSE,OMG,1995-11-15,0.06
NYSE,OMG,1995-08-16,0.06
NYSE,OMG,1995-05-12,0.06
NYSE,OMG,1995-02-15,0.06
NYSE,OMG,1994-11-14,0.04667
NYSE,OMG,1994-08-12,0.04667
NYSE,OMG,1994-05-12,0.04667
NYSE,OMG,1994-02-14,0.04667
NYSE,OKS,2010-01-27,1.1
NYSE,OKS,2009-10-28,1.09
NYSE,OKS,2009-07-29,1.08
NYSE,OKS,2009-04-28,1.08
NYSE,OKS,2009-01-28,1.08
NYSE,OKS,2008-10-29,1.08
NYSE,OKS,2008-07-29,1.06
NYSE,OKS,2008-04-28,1.04
NYSE,OKS,2008-01-29,1.025
NYSE,OKS,2007-10-29,1.01
NYSE,OKS,2007-07-27,1.0
NYSE,OKS,2007-04-26,0.99
NYSE,OKS,2007-01-29,0.98
NYSE,OKS,2006-10-27,0.97
NYSE,OKS,2006-07-27,0.95
NYSE,OKS,2006-04-26,0.88
NYSE,OKS,2006-01-27,0.8
NYSE,OKS,2005-10-27,0.8
NYSE,OKS,2005-07-27,0.8
NYSE,OKS,2005-04-27,0.8
NYSE,OKS,2005-01-27,0.8
NYSE,OKS,2004-10-27,0.8
NYSE,OKS,2004-07-28,0.8
NYSE,OKS,2004-04-28,0.8
NYSE,OKS,2004-02-12,0.8
NYSE,OKS,2003-10-29,0.8
NYSE,OKS,2003-07-29,0.8
NYSE,OKS,2003-04-28,0.8
NYSE,OKS,2003-01-29,0.8
NYSE,OKS,2002-10-29,0.8
NYSE,OKS,2002-07-29,0.8
NYSE,OKS,2002-04-26,0.8
NYSE,OKS,2002-01-29,0.8
NYSE,OKS,2001-10-29,0.763
NYSE,OKS,2001-07-27,0.763
NYSE,OKS,2001-04-26,0.763
NYSE,OKS,2001-01-29,0.7
NYSE,OKS,2000-10-27,0.7
NYSE,OKS,2000-07-27,0.65
NYSE,OKS,2000-04-26,0.65
NYSE,OKS,2000-01-27,0.65
NYSE,OKS,1999-10-27,0.61
NYSE,OKS,1999-07-28,0.61
NYSE,OKS,1999-04-28,0.61
NYSE,OKS,1999-01-27,0.61
NYSE,OKS,1998-10-28,0.575
NYSE,OKS,1998-07-29,0.575
NYSE,OKS,1998-04-28,0.575
NYSE,OKS,1998-01-28,0.575
NYSE,OKS,1997-10-29,0.55
NYSE,OKS,1997-07-29,0.55
NYSE,OKS,1997-04-28,0.55
NYSE,OKS,1997-01-29,0.55
NYSE,OKS,1996-10-29,0.55
NYSE,OKS,1996-07-29,0.55
NYSE,OKS,1996-04-26,0.55
NYSE,OKS,1996-01-29,0.55
NYSE,OKS,1995-10-27,0.55
NYSE,OKS,1995-07-27,0.55
NYSE,OKS,1995-04-24,0.55
NYSE,OKS,1995-01-25,0.55
NYSE,OKS,1994-10-25,0.55
NYSE,OKS,1994-07-25,0.55
NYSE,OKS,1994-04-25,0.55
NYSE,OKS,1994-01-25,0.55
NYSE,OZM,2009-11-05,0.07
NYSE,OZM,2009-08-06,0.02
NYSE,OZM,2009-02-13,0.05
NYSE,OZM,2008-11-05,0.025
NYSE,OZM,2008-08-07,0.11
NYSE,OZM,2008-05-01,0.08
NYSE,OSG,2009-11-05,0.438
NYSE,OSG,2009-08-05,0.438
NYSE,OSG,2009-05-08,0.438
NYSE,OSG,2009-02-19,0.438
NYSE,OSG,2008-11-05,0.438
NYSE,OSG,2008-08-04,0.438
NYSE,OSG,2008-05-08,0.313
NYSE,OSG,2008-02-14,0.313
NYSE,OSG,2007-11-05,0.313
NYSE,OSG,2007-08-03,0.313
NYSE,OSG,2007-05-07,0.25
NYSE,OSG,2007-02-21,0.25
NYSE,OSG,2006-11-03,0.25
NYSE,OSG,2006-08-04,0.25
NYSE,OSG,2006-05-10,0.25
NYSE,OSG,2006-02-22,0.175
NYSE,OSG,2005-11-01,0.175
NYSE,OSG,2005-08-05,0.175
NYSE,OSG,2005-05-05,0.175
NYSE,OSG,2005-02-17,0.175
NYSE,OSG,2004-11-02,0.175
NYSE,OSG,2004-08-04,0.175
NYSE,OSG,2004-05-06,0.175
NYSE,OSG,2004-02-18,0.175
NYSE,OSG,2003-11-05,0.175
NYSE,OSG,2003-08-04,0.175
NYSE,OSG,2003-05-07,0.15
NYSE,OSG,2003-02-21,0.15
NYSE,OSG,2002-10-31,0.15
NYSE,OSG,2002-08-02,0.15
NYSE,OSG,2002-05-08,0.15
NYSE,OSG,2002-02-20,0.15
NYSE,OSG,2001-10-31,0.15
NYSE,OSG,2001-08-01,0.15
NYSE,OSG,2001-05-09,0.15
NYSE,OSG,2001-02-22,0.15
NYSE,OSG,2000-10-31,0.15
NYSE,OSG,2000-08-01,0.15
NYSE,OSG,2000-05-18,0.15
NYSE,OSG,2000-02-23,0.15
NYSE,OSG,1999-10-29,0.15
NYSE,OSG,1999-07-30,0.15
NYSE,OSG,1999-05-13,0.15
NYSE,OSG,1999-02-24,0.15
NYSE,OSG,1998-10-29,0.15
NYSE,OSG,1998-07-30,0.15
NYSE,OSG,1998-05-08,0.15
NYSE,OSG,1998-02-12,0.15
NYSE,OSG,1997-10-30,0.15
NYSE,OSG,1997-07-30,0.15
NYSE,OSG,1997-05-15,0.15
NYSE,OSG,1997-02-13,0.15
NYSE,OSG,1996-10-30,0.15
NYSE,OSG,1996-07-30,0.15
NYSE,OSG,1996-05-13,0.15
NYSE,OSG,1996-02-13,0.15
NYSE,OSG,1995-10-30,0.15
NYSE,OSG,1995-07-28,0.15
NYSE,OSG,1995-05-09,0.15
NYSE,OSG,1995-02-09,0.15
NYSE,OSG,1994-10-26,0.15
NYSE,OSG,1994-07-26,0.15
NYSE,OSG,1994-05-06,0.15
NYSE,OSG,1994-02-09,0.15
NYSE,OSG,1993-10-26,0.15
NYSE,OSG,1993-07-27,0.15
NYSE,OSG,1993-04-28,0.15
NYSE,OSG,1993-02-09,0.15
NYSE,OSG,1992-10-27,0.15
NYSE,OSG,1992-07-28,0.15
NYSE,OSG,1992-05-08,0.15
NYSE,OSG,1992-02-11,0.15
NYSE,OSG,1991-10-28,0.15
NYSE,OSG,1991-07-26,0.15
NYSE,OSG,1991-05-13,0.125
NYSE,OSG,1991-02-19,0.125
NYSE,OSG,1990-10-26,0.125
NYSE,OSG,1990-07-26,0.125
NYSE,OSG,1990-05-08,0.125
NYSE,OSG,1990-02-20,0.125
NYSE,OSG,1989-10-26,0.125
NYSE,OSG,1989-07-26,0.125
NYSE,OSG,1989-05-08,0.125
NYSE,OSG,1989-02-15,0.14
NYSE,OSG,1988-10-26,0.1
NYSE,OSG,1988-07-27,0.1
NYSE,OSG,1988-05-04,0.1
NYSE,OSG,1988-02-09,0.1
NYSE,OEH,2008-10-15,0.025
NYSE,OEH,2008-07-16,0.025
NYSE,OEH,2008-04-17,0.025
NYSE,OEH,2008-01-17,0.025
NYSE,OEH,2007-10-17,0.025
NYSE,OEH,2007-07-18,0.025
NYSE,OEH,2007-04-18,0.025
NYSE,OEH,2007-01-17,0.025
NYSE,OEH,2006-10-18,0.025
NYSE,OEH,2006-07-18,0.025
NYSE,OEH,2006-04-18,0.025
NYSE,OEH,2006-01-18,0.025
NYSE,OEH,2005-10-18,0.025
NYSE,OEH,2005-07-18,0.025
NYSE,OEH,2005-04-18,0.025
NYSE,OEH,2005-01-18,0.025
NYSE,OEH,2004-10-01,0.025
NYSE,OEH,2004-07-01,0.025
NYSE,OEH,2004-04-01,0.025
NYSE,OEH,2003-12-31,0.025
NYSE,ORI,2009-12-02,0.17
NYSE,ORI,2009-09-02,0.17
NYSE,ORI,2009-06-03,0.17
NYSE,ORI,2009-03-02,0.17
NYSE,ORI,2008-12-03,0.17
NYSE,ORI,2008-09-03,0.17
NYSE,ORI,2008-06-03,0.17
NYSE,ORI,2008-03-03,0.16
NYSE,ORI,2007-12-03,0.16
NYSE,ORI,2007-08-31,0.16
NYSE,ORI,2007-06-01,0.16
NYSE,ORI,2007-03-02,0.15
NYSE,ORI,2006-12-01,0.15
NYSE,ORI,2006-08-31,0.15
NYSE,ORI,2006-06-01,0.15
NYSE,ORI,2006-03-02,0.14
NYSE,ORI,2005-12-16,0.8
NYSE,ORI,2005-11-30,0.136
NYSE,ORI,2005-08-31,0.136
NYSE,ORI,2005-06-01,0.136
NYSE,ORI,2005-03-02,0.104
NYSE,ORI,2004-12-08,0.104
NYSE,ORI,2004-09-01,0.104
NYSE,ORI,2004-06-02,0.104
NYSE,ORI,2004-03-03,0.0904
NYSE,ORI,2003-12-11,0.53334
NYSE,ORI,2003-12-03,0.09066
NYSE,ORI,2003-09-03,0.09066
NYSE,ORI,2003-06-04,0.09066
NYSE,ORI,2003-03-05,0.08534
NYSE,ORI,2002-12-04,0.08534
NYSE,ORI,2002-09-04,0.08534
NYSE,ORI,2002-06-05,0.08534
NYSE,ORI,2002-03-01,0.08
NYSE,ORI,2001-12-05,0.08
NYSE,ORI,2001-06-01,0.08
NYSE,ORI,2001-03-01,0.07466
NYSE,ORI,2000-12-01,0.07466
NYSE,ORI,2000-08-31,0.07466
NYSE,ORI,2000-06-01,0.07466
NYSE,ORI,2000-03-01,0.06934
NYSE,ORI,1999-12-01,0.06934
NYSE,ORI,1999-09-01,0.06934
NYSE,ORI,1999-06-02,0.06934
NYSE,ORI,1999-03-03,0.05334
NYSE,ORI,1998-12-02,0.05334
NYSE,ORI,1998-09-02,0.05334
NYSE,ORI,1998-06-03,0.05334
NYSE,ORI,1998-03-04,0.04622
NYSE,ORI,1997-12-03,0.04622
NYSE,ORI,1997-09-03,0.04622
NYSE,ORI,1997-06-04,0.04622
NYSE,ORI,1997-03-05,0.03911
NYSE,ORI,1996-12-04,0.03911
NYSE,ORI,1996-09-04,0.03911
NYSE,ORI,1996-06-05,0.03911
NYSE,ORI,1996-03-06,0.03082
NYSE,ORI,1995-12-06,0.03082
NYSE,ORI,1995-09-01,0.03082
NYSE,ORI,1995-06-06,0.03082
NYSE,ORI,1995-03-06,0.02844
NYSE,ORI,1994-12-05,0.02844
NYSE,ORI,1994-09-02,0.02844
NYSE,ORI,1994-06-06,0.02844
NYSE,ORI,1994-03-07,0.02607
NYSE,ORI,1993-12-06,0.02607
NYSE,ORI,1993-09-03,0.02607
NYSE,ORI,1993-06-07,0.02607
NYSE,ORI,1993-03-08,0.0237
NYSE,ORI,1992-12-07,0.0237
NYSE,ORI,1992-09-04,0.0237
NYSE,ORI,1992-06-08,0.0237
NYSE,ORI,1992-03-04,0.02193
NYSE,ORI,1991-12-06,0.02193
NYSE,ORI,1991-08-23,0.02193
NYSE,ORI,1991-06-03,0.02193
NYSE,ORI,1991-04-02,0.34821
NYSE,ORI,1991-02-28,0.02252
NYSE,ORI,1990-12-06,0.02252
NYSE,ORI,1990-08-29,0.02252
NYSE,ORI,1990-06-04,0.02252
NYSE,ORI,1990-04-30,0.14151
NYSE,OLP,2009-12-18,0.022
NYSE,OLP,2009-09-23,0.022
NYSE,OLP,2009-06-17,0.22
NYSE,OLP,2009-03-26,0.22
NYSE,OLP,2008-12-19,0.22
NYSE,OLP,2008-09-19,0.36
NYSE,OLP,2008-06-23,0.36
NYSE,OLP,2008-03-19,0.36
NYSE,OLP,2007-12-19,0.36
NYSE,OLP,2007-09-20,1.03
NYSE,OLP,2007-06-21,0.36
NYSE,OLP,2007-03-22,0.36
NYSE,OLP,2006-12-21,0.36
NYSE,OLP,2006-09-22,0.33
NYSE,OLP,2006-06-21,0.33
NYSE,OLP,2006-03-20,0.33
NYSE,OLP,2005-12-21,0.33
NYSE,OLP,2005-09-20,0.33
NYSE,OLP,2005-06-23,0.33
NYSE,OLP,2005-03-16,0.33
NYSE,OLP,2004-12-21,0.33
NYSE,OLP,2004-09-17,0.33
NYSE,OLP,2004-06-22,0.33
NYSE,OLP,2004-03-18,0.33
NYSE,OLP,2003-12-15,0.33
NYSE,OLP,2003-09-18,0.33
NYSE,OLP,2003-06-18,0.33
NYSE,OLP,2003-03-20,0.33
NYSE,OLP,2002-12-16,0.33
NYSE,OLP,2002-09-19,0.33
NYSE,OLP,2002-06-19,0.33
NYSE,OLP,2002-03-20,0.33
NYSE,OLP,2001-12-19,0.3
NYSE,OLP,2001-06-20,0.3
NYSE,OLP,2001-03-19,0.3
NYSE,OLP,2000-12-15,0.3
NYSE,OLP,2000-09-14,0.3
NYSE,OLP,2000-06-16,0.3
NYSE,OLP,2000-03-24,0.3
NYSE,OLP,1999-12-17,0.3
NYSE,OLP,1999-09-28,0.3
NYSE,OLP,1999-06-17,0.3
NYSE,OLP,1999-03-16,0.3
NYSE,OLP,1998-12-16,0.3
NYSE,OLP,1998-09-11,0.3
NYSE,OLP,1998-06-19,0.3
NYSE,OLP,1998-03-16,0.3
NYSE,OLP,1997-12-18,0.3
NYSE,OLP,1997-09-15,0.3
NYSE,OLP,1997-06-18,0.3
NYSE,OLP,1997-03-13,0.3
NYSE,OLP,1996-12-18,0.3
NYSE,OLP,1996-09-19,0.3
NYSE,OLP,1996-06-18,0.3
NYSE,OLP,1996-03-13,0.3
NYSE,OLP,1995-12-13,0.3
NYSE,OLP,1995-09-13,0.3
NYSE,OLP,1995-06-16,0.3
NYSE,OLP,1995-03-09,0.125
NYSE,OLP,1994-12-12,0.125
NYSE,OLP,1994-09-12,0.125
NYSE,OLP,1994-06-14,0.125
NYSE,OLP,1994-03-15,0.1
NYSE,OLP,1993-12-14,0.1
NYSE,OLP,1993-09-09,0.64
NYSE,OLP,1993-06-15,0.1
NYSE,OLP,1993-03-15,0.1
NYSE,OLP,1992-09-09,0.7
NYSE,ODC,2009-11-18,0.15
NYSE,ODC,2009-08-19,0.15
NYSE,ODC,2009-05-20,0.14
NYSE,ODC,2009-02-18,0.14
NYSE,ODC,2008-11-19,0.14
NYSE,ODC,2008-08-20,0.14
NYSE,ODC,2008-05-21,0.13
NYSE,ODC,2008-02-20,0.13
NYSE,ODC,2007-11-20,0.13
NYSE,ODC,2007-08-22,0.13
NYSE,ODC,2007-05-02,0.12
NYSE,ODC,2007-02-07,0.12
NYSE,ODC,2006-11-08,0.12
NYSE,ODC,2006-08-02,0.12
NYSE,ODC,2006-05-03,0.096
NYSE,ODC,2006-02-08,0.096
NYSE,ODC,2005-11-08,0.096
NYSE,ODC,2005-08-03,0.088
NYSE,ODC,2005-05-04,0.088
NYSE,ODC,2005-02-09,0.088
NYSE,ODC,2004-11-09,0.088
NYSE,ODC,2004-08-04,0.08
NYSE,ODC,2004-05-05,0.08
NYSE,ODC,2004-02-11,0.08
NYSE,ODC,2003-11-12,0.08
NYSE,ODC,2003-08-06,0.072
NYSE,ODC,2003-05-07,0.072
NYSE,ODC,2003-02-12,0.072
NYSE,ODC,2002-11-13,0.072
NYSE,ODC,2002-08-07,0.072
NYSE,ODC,2002-05-08,0.072
NYSE,ODC,2002-02-13,0.072
NYSE,ODC,2001-08-15,0.072
NYSE,ODC,2001-05-09,0.072
NYSE,ODC,2001-02-14,0.072
NYSE,ODC,2000-11-08,0.072
NYSE,ODC,2000-08-14,0.072
NYSE,ODC,2000-05-10,0.072
NYSE,ODC,2000-02-09,0.072
NYSE,ODC,1999-11-09,0.072
NYSE,ODC,1999-08-11,0.072
NYSE,ODC,1999-05-12,0.072
NYSE,ODC,1999-02-10,0.072
NYSE,ODC,1998-11-10,0.064
NYSE,ODC,1998-08-12,0.064
NYSE,ODC,1998-05-13,0.064
NYSE,ODC,1998-02-11,0.064
NYSE,ODC,1997-11-12,0.064
NYSE,ODC,1997-08-13,0.064
NYSE,ODC,1997-05-14,0.064
NYSE,ODC,1997-02-12,0.064
NYSE,ODC,1996-11-13,0.064
NYSE,ODC,1996-08-14,0.064
NYSE,ODC,1996-05-15,0.064
NYSE,ODC,1996-02-14,0.064
NYSE,ODC,1995-11-15,0.064
NYSE,ODC,1995-08-16,0.064
NYSE,ODC,1995-05-15,0.064
NYSE,ODC,1995-02-13,0.064
NYSE,ODC,1994-11-14,0.064
NYSE,ODC,1994-08-15,0.056
NYSE,ODC,1994-05-16,0.056
NYSE,ODC,1994-02-14,0.056
NYSE,ODC,1993-11-15,0.056
NYSE,ODC,1993-08-16,0.056
NYSE,ODC,1993-05-17,0.056
NYSE,ODC,1993-02-12,0.048
NYSE,ODC,1992-11-09,0.048
NYSE,ODC,1992-08-17,0.048
NYSE,ODC,1992-05-18,0.048
NYSE,ODC,1992-02-14,0.048
NYSE,ODC,1991-08-16,0.048
NYSE,ODC,1991-05-16,0.048
NYSE,ODC,1991-02-15,0.04
NYSE,ODC,1990-05-16,0.04
NYSE,OGE,2010-01-06,0.363
NYSE,OGE,2009-10-07,0.355
NYSE,OGE,2009-07-08,0.355
NYSE,OGE,2009-04-07,0.355
NYSE,OGE,2009-01-07,0.355
NYSE,OGE,2008-10-08,0.348
NYSE,OGE,2008-07-08,0.348
NYSE,OGE,2008-04-08,0.348
NYSE,OGE,2008-01-08,0.348
NYSE,OGE,2007-10-05,0.34
NYSE,OGE,2007-07-06,0.34
NYSE,OGE,2007-04-05,0.34
NYSE,OGE,2007-01-08,0.34
NYSE,OGE,2006-10-05,0.333
NYSE,OGE,2006-07-06,0.333
NYSE,OGE,2006-04-06,0.333
NYSE,OGE,2006-01-06,0.333
NYSE,OGE,2005-10-05,0.333
NYSE,OGE,2005-07-06,0.333
NYSE,OGE,2005-04-06,0.333
NYSE,OGE,2005-01-05,0.333
NYSE,OGE,2004-10-06,0.333
NYSE,OGE,2004-07-07,0.333
NYSE,OGE,2004-04-06,0.333
NYSE,OGE,2004-01-07,0.333
NYSE,OGE,2003-10-08,0.333
NYSE,OGE,2003-07-08,0.333
NYSE,OGE,2003-04-08,0.333
NYSE,OGE,2003-01-08,0.333
NYSE,OGE,2002-10-08,0.333
NYSE,OGE,2002-07-08,0.333
NYSE,OGE,2002-04-08,0.333
NYSE,OGE,2002-01-08,0.333
NYSE,OGE,2001-10-05,0.333
NYSE,OGE,2001-07-06,0.333
NYSE,OGE,2001-04-06,0.333
NYSE,OGE,2001-01-08,0.333
NYSE,OGE,2000-10-05,0.333
NYSE,OGE,2000-07-06,0.333
NYSE,OGE,2000-04-06,0.333
NYSE,OGE,2000-01-06,0.333
NYSE,OGE,1999-10-06,0.333
NYSE,OGE,1999-07-07,0.333
NYSE,OGE,1999-04-07,0.332
NYSE,OGE,1999-01-06,0.332
NYSE,OGE,1998-10-07,0.332
NYSE,OGE,1998-07-08,0.332
NYSE,OGE,1998-04-07,0.3325
NYSE,OGE,1998-01-07,0.3325
NYSE,OGE,1997-10-08,0.3325
NYSE,OGE,1997-07-08,0.3325
NYSE,OGE,1997-04-08,0.3325
NYSE,OGE,1997-01-08,0.3325
NYSE,OGE,1996-10-08,0.3325
NYSE,OGE,1996-07-08,0.3325
NYSE,OGE,1996-04-08,0.3325
NYSE,OGE,1996-01-08,0.3325
NYSE,OGE,1995-10-05,0.3325
NYSE,OGE,1995-07-06,0.3325
NYSE,OGE,1995-04-04,0.3325
NYSE,OGE,1995-01-04,0.3325
NYSE,OGE,1994-10-03,0.3325
NYSE,OGE,1994-07-01,0.3325
NYSE,OGE,1994-04-04,0.3325
NYSE,OGE,1994-01-04,0.3325
NYSE,OGE,1993-10-04,0.3325
NYSE,OGE,1993-07-02,0.3325
NYSE,OGE,1993-04-02,0.3325
NYSE,OGE,1993-01-04,0.3325
NYSE,OGE,1992-10-05,0.3325
NYSE,OGE,1992-07-06,0.3325
NYSE,OGE,1992-04-06,0.3325
NYSE,OGE,1992-01-06,0.3325
NYSE,OGE,1991-10-04,0.3225
NYSE,OGE,1991-07-03,0.3225
NYSE,OGE,1991-04-04,0.3225
NYSE,OGE,1991-01-04,0.3225
NYSE,OGE,1990-10-03,0.31
NYSE,OGE,1990-07-03,0.31
NYSE,OGE,1990-04-04,0.31
NYSE,OGE,1990-01-04,0.31
NYSE,OGE,1989-10-03,0.2975
NYSE,OGE,1989-07-05,0.2975
NYSE,OGE,1989-04-04,0.2975
NYSE,OGE,1989-01-04,0.2975
NYSE,OGE,1988-10-04,0.285
NYSE,OGE,1988-07-05,0.285
NYSE,OGE,1988-04-05,0.285
NYSE,OGE,1988-01-04,0.285
NYSE,OSM,2010-01-12,0.015
NYSE,OSM,2009-12-10,0.011
NYSE,OSM,2009-10-09,0.012
NYSE,OSM,2009-09-10,0.015
NYSE,OSM,2009-08-12,0.027
NYSE,OSM,2009-07-10,0.033
NYSE,OSM,2009-06-10,0.047
NYSE,OSM,2009-05-21,0.042
NYSE,OSM,2009-04-09,0.044
NYSE,OSM,2009-03-11,0.059
NYSE,OSM,2009-02-11,0.12
NYSE,OSM,2009-01-12,0.147
NYSE,OSM,2008-12-10,0.151
NYSE,OSM,2008-11-12,0.161
NYSE,OSM,2008-10-09,0.144
NYSE,OSM,2008-09-10,0.131
NYSE,OSM,2008-08-12,0.126
NYSE,OSM,2008-07-10,0.123
NYSE,OSM,2008-06-11,0.128
NYSE,OSM,2008-05-12,0.129
NYSE,OSM,2008-04-10,0.129
NYSE,OSM,2008-03-12,0.125
NYSE,OSM,2008-02-12,0.117
NYSE,OSM,2008-01-10,0.101
NYSE,OSM,2007-12-12,0.09
NYSE,OSM,2007-11-09,0.093
NYSE,OSM,2007-10-10,0.096
NYSE,OSM,2007-09-12,0.1
NYSE,OSM,2007-08-10,0.097
NYSE,OSM,2007-07-11,0.098
NYSE,OSM,2007-06-12,0.094
NYSE,OSM,2007-05-10,0.084
NYSE,OSM,2007-04-11,0.096
NYSE,OSM,2007-03-12,0.076
NYSE,OSM,2007-02-12,0.086
NYSE,OSM,2007-01-10,0.086
NYSE,OSM,2006-12-12,0.12
NYSE,OSM,2006-11-10,0.131
NYSE,OSM,2006-10-11,0.13
NYSE,OSM,2006-09-12,0.131
NYSE,OSM,2006-08-10,0.118
NYSE,OSM,2006-07-12,0.11
NYSE,OSM,2006-06-12,0.119
NYSE,OSM,2006-05-10,0.123
NYSE,OSM,2006-04-11,0.115
NYSE,OSM,2006-03-10,0.105
NYSE,OSM,2006-02-10,0.135
NYSE,OSM,2006-01-11,0.172
NYSE,OSM,2005-12-12,0.116
NYSE,OSM,2005-11-09,0.11
NYSE,OSM,2005-10-12,0.093
NYSE,OSM,2005-09-12,0.102
NYSE,OSM,2005-08-10,0.117
NYSE,OSM,2005-07-12,0.106
NYSE,OSM,2005-06-10,0.106
NYSE,OSM,2005-05-11,0.102
NYSE,OIA,2010-01-20,0.035
NYSE,OIA,2009-12-16,0.035
NYSE,OIA,2009-11-18,0.035
NYSE,OIA,2009-10-21,0.035
NYSE,OIA,2009-09-16,0.035
NYSE,OIA,2009-08-19,0.035
NYSE,OIA,2009-07-22,0.035
NYSE,OIA,2009-06-17,0.035
NYSE,OIA,2009-05-20,0.035
NYSE,OIA,2009-04-15,0.035
NYSE,OIA,2009-03-18,0.039
NYSE,OIA,2009-02-18,0.039
NYSE,OIA,2009-01-21,0.039
NYSE,OIA,2008-12-17,0.044
NYSE,OIA,2008-11-19,0.039
NYSE,OIA,2008-10-22,0.039
NYSE,OIA,2008-09-17,0.039
NYSE,OIA,2008-08-20,0.039
NYSE,OIA,2008-07-16,0.039
NYSE,OIA,2008-06-18,0.039
NYSE,OIA,2008-05-21,0.039
NYSE,OIA,2008-04-16,0.039
NYSE,OIA,2008-03-05,0.039
NYSE,OIA,2008-02-06,0.039
NYSE,OIA,2008-01-09,0.039
NYSE,OIA,2007-12-05,0.039
NYSE,OIA,2007-11-07,0.039
NYSE,OIA,2007-10-03,0.039
NYSE,OIA,2007-09-05,0.045
NYSE,OIA,2007-08-01,0.045
NYSE,OIA,2007-07-03,0.045
NYSE,OIA,2007-06-06,0.045
NYSE,OIA,2007-05-02,0.045
NYSE,OIA,2007-04-03,0.045
NYSE,OIA,2007-03-07,0.045
NYSE,OIA,2007-02-07,0.045
NYSE,OIA,2007-01-03,0.045
NYSE,OIA,2006-12-06,0.046
NYSE,OIA,2006-11-01,0.045
NYSE,OIA,2006-10-04,0.045
NYSE,OIA,2006-09-06,0.045
NYSE,OIA,2006-07-05,0.045
NYSE,OIA,2006-06-07,0.045
NYSE,OIA,2006-05-03,0.045
NYSE,OIA,2006-04-05,0.045
NYSE,OIA,2006-03-01,0.045
NYSE,OIA,2006-02-01,0.045
NYSE,OIA,2006-01-04,0.045
NYSE,OIA,2005-12-07,0.045
NYSE,OIA,2005-11-02,0.045
NYSE,OIA,2005-10-05,0.045
NYSE,OIA,2005-09-07,0.043
NYSE,OIA,2005-08-03,0.043
NYSE,OIA,2005-07-06,0.043
NYSE,OIA,2005-06-01,0.043
NYSE,OIA,2005-05-04,0.043
NYSE,OIA,2005-04-06,0.043
NYSE,OIA,2005-03-02,0.043
NYSE,OIA,2005-02-02,0.043
NYSE,OIA,2005-01-05,0.043
NYSE,OIA,2004-12-08,0.043
NYSE,OIA,2004-11-03,0.043
NYSE,OIA,2004-10-06,0.043
NYSE,OIA,2004-09-01,0.04
NYSE,OIA,2004-08-04,0.04
NYSE,OIA,2004-07-07,0.04
NYSE,OIA,2004-06-02,0.04
NYSE,OIA,2004-05-05,0.04
NYSE,OIA,2004-04-14,0.04
NYSE,OIA,2004-03-03,0.04
NYSE,OIA,2004-02-04,0.04
NYSE,OIA,2004-01-07,0.04
NYSE,OIA,2003-12-03,0.04
NYSE,OIA,2003-11-05,0.04
NYSE,OIA,2003-10-01,0.04
NYSE,OIA,2003-09-03,0.045
NYSE,OIA,2003-08-06,0.045
NYSE,OIA,2003-07-09,0.045
NYSE,OIA,2003-06-04,0.045
NYSE,OIA,2003-05-07,0.045
NYSE,OIA,2003-04-02,0.045
NYSE,OIA,2003-03-05,0.045
NYSE,OIA,2003-02-05,0.045
NYSE,OIA,2003-01-08,0.045
NYSE,OIA,2002-12-04,0.045
NYSE,OIA,2002-11-06,0.045
NYSE,OIA,2002-10-02,0.045
NYSE,OIA,2002-09-04,0.048
NYSE,OIA,2002-08-07,0.048
NYSE,OIA,2002-07-02,0.048
NYSE,OIA,2002-06-05,0.048
NYSE,OIA,2002-05-01,0.048
NYSE,OIA,2002-04-03,0.048
NYSE,OIA,2002-03-06,0.048
NYSE,OIA,2002-02-06,0.048
NYSE,OIA,2002-01-02,0.048
NYSE,OIA,2001-12-05,0.048
NYSE,OIA,2001-11-07,0.048
NYSE,OIA,2001-10-03,0.048
NYSE,OIA,2001-09-05,0.048
NYSE,OIA,2001-08-01,0.048
NYSE,OIA,2001-07-03,0.048
NYSE,OIA,2001-06-06,0.048
NYSE,OIA,2001-05-02,0.048
NYSE,OIA,2001-04-04,0.048
NYSE,OIA,2001-03-07,0.048
NYSE,OIA,2001-02-07,0.048
NYSE,OIA,2001-01-03,0.045
NYSE,OIA,2000-12-06,0.048
NYSE,OIA,2000-11-01,0.048
NYSE,OIA,2000-10-04,0.045
NYSE,OIA,2000-09-06,0.053
NYSE,OIA,2000-08-02,0.053
NYSE,OIA,2000-07-05,0.053
NYSE,OIA,2000-06-07,0.053
NYSE,OIA,2000-05-03,0.053
NYSE,OIA,2000-04-05,0.053
NYSE,OIA,2000-03-01,0.053
NYSE,OIA,2000-02-02,0.053
NYSE,OIA,2000-01-05,0.053
NYSE,OIA,1999-12-01,0.053
NYSE,OIA,1999-11-03,0.053
NYSE,OIA,1999-10-06,0.053
NYSE,OIA,1999-09-01,0.05
NYSE,OIA,1999-08-04,0.05
NYSE,OIA,1999-07-07,0.051
NYSE,OIA,1999-06-02,0.05
NYSE,OIA,1999-05-05,0.05
NYSE,OIA,1999-04-07,0.05
NYSE,OIA,1999-03-03,0.05
NYSE,OIA,1999-02-03,0.05
NYSE,OIA,1999-01-06,0.05
NYSE,OIA,1998-12-02,0.05
NYSE,OIA,1998-11-04,0.05
NYSE,OIA,1998-10-07,0.05
NYSE,OIA,1998-09-02,0.048
NYSE,OIA,1998-08-05,0.048
NYSE,OIA,1998-07-08,0.048
NYSE,OIA,1998-06-03,0.048
NYSE,OIA,1998-05-06,0.048
NYSE,OIA,1998-04-01,0.048
NYSE,OIA,1998-03-04,0.048
NYSE,OIA,1998-02-04,0.048
NYSE,OIA,1998-01-07,0.048
NYSE,OIA,1997-12-03,0.048
NYSE,OIA,1997-11-05,0.048
NYSE,OIA,1997-10-01,0.048
NYSE,OIA,1997-09-03,0.05
NYSE,OIA,1997-08-06,0.05
NYSE,OIA,1997-07-09,0.05
NYSE,OIA,1997-06-04,0.05
NYSE,OIA,1997-05-07,0.05
NYSE,OIA,1997-04-02,0.05
NYSE,OIA,1997-03-05,0.05
NYSE,OIA,1997-02-05,0.05
NYSE,OIA,1997-01-08,0.05
NYSE,OIA,1996-12-04,0.05
NYSE,OIA,1996-11-06,0.05
NYSE,OIA,1996-10-02,0.055
NYSE,OIA,1996-09-04,0.055
NYSE,OIA,1996-08-07,0.055
NYSE,OIA,1996-07-02,0.055
NYSE,OIA,1996-06-05,0.055
NYSE,OIA,1996-05-01,0.055
NYSE,OIA,1996-04-02,0.055
NYSE,OIA,1996-03-06,0.055
NYSE,OIA,1996-02-07,0.055
NYSE,OIA,1996-01-10,0.055
NYSE,OIA,1995-12-06,0.055
NYSE,OIA,1995-11-08,0.055
NYSE,OIA,1995-10-04,0.052
NYSE,OIA,1995-09-06,0.052
NYSE,OIA,1995-08-09,0.052
NYSE,OIA,1995-07-12,0.052
NYSE,OIA,1995-06-14,0.052
NYSE,OIA,1995-05-01,0.052
NYSE,OIA,1995-04-03,0.052
NYSE,OIA,1995-03-06,0.052
NYSE,OIA,1995-02-06,0.052
NYSE,OIA,1995-01-09,0.052
NYSE,OIA,1994-12-05,0.052
NYSE,OIA,1994-11-04,0.052
NYSE,OIA,1994-10-03,0.052
NYSE,OIA,1994-09-02,0.052
NYSE,OIA,1994-08-01,0.052
NYSE,OIA,1994-07-01,0.052
NYSE,OIA,1994-06-06,0.052
NYSE,OIA,1994-05-02,0.052
NYSE,OIA,1994-04-04,0.052
NYSE,OIA,1994-03-07,0.052
NYSE,OIA,1994-02-07,0.052
NYSE,OIA,1994-01-03,0.052
NYSE,OIA,1993-12-06,0.052
NYSE,OIA,1993-11-01,0.052
NYSE,OIA,1993-10-04,0.052
NYSE,OIA,1993-09-03,0.052
NYSE,OIA,1993-08-02,0.052
NYSE,OIA,1993-07-02,0.052
NYSE,OIA,1993-06-07,0.052
NYSE,OIA,1993-05-03,0.052
NYSE,OIA,1993-04-12,0.052
NYSE,OIA,1993-03-01,0.052
NYSE,OIA,1993-02-01,0.052
NYSE,OIA,1993-01-04,0.052
NYSE,OIA,1992-12-07,0.052
NYSE,OIA,1992-11-02,0.052
NYSE,OIA,1992-10-05,0.052
NYSE,OIA,1992-09-04,0.06
NYSE,OIA,1992-08-03,0.06
NYSE,OIA,1992-07-06,0.06
NYSE,OIA,1992-06-01,0.06
NYSE,OIA,1992-05-04,0.06
NYSE,OIA,1992-04-06,0.06
NYSE,OIA,1992-03-02,0.06
NYSE,OIA,1992-02-03,0.06
NYSE,OIA,1992-01-06,0.06
NYSE,OIA,1991-12-02,0.06
NYSE,OIA,1991-11-04,0.06
NYSE,OIA,1991-10-07,0.06
NYSE,OIA,1991-09-09,0.06
NYSE,OIA,1991-08-05,0.06
NYSE,OIA,1991-07-08,0.065
NYSE,OIA,1991-06-03,0.065
NYSE,OIA,1991-05-06,0.065
NYSE,OIA,1991-04-01,0.065
NYSE,OIA,1991-03-04,0.065
NYSE,OIA,1991-02-04,0.065
NYSE,OIA,1991-01-07,0.065
NYSE,OIA,1990-12-03,0.065
NYSE,OIA,1990-11-05,0.07
NYSE,OIA,1990-10-01,0.07
NYSE,OIA,1990-08-31,0.07
NYSE,OIA,1990-08-06,0.07
NYSE,OIA,1990-06-29,0.07
NYSE,OIA,1990-06-04,0.07
NYSE,OIA,1990-05-07,0.07
NYSE,OIA,1990-04-02,0.07
NYSE,OIA,1990-03-05,0.07
NYSE,OIA,1990-02-05,0.07
NYSE,OIA,1989-12-29,0.07
NYSE,OIA,1989-12-04,0.07
NYSE,OIA,1989-11-06,0.07
NYSE,OIA,1989-10-02,0.07
NYSE,OIA,1989-09-01,0.07
NYSE,OIA,1989-08-07,0.07
NYSE,OIA,1989-06-30,0.07
NYSE,OIA,1989-06-05,0.07
NYSE,OIA,1989-05-01,0.065
NYSE,OIA,1989-04-03,0.065
NYSE,OIA,1989-03-06,0.06
NYSE,OIA,1989-02-06,0.05
NYSE,OIA,1988-12-30,0.05
NYSE,OIA,1988-12-12,0.04
NYSE,OIA,1988-11-04,0.04
NYSE,OB,2009-12-15,0.21
NYSE,OB,2009-09-14,0.21
NYSE,OB,2009-06-12,0.21
NYSE,OB,2009-03-12,0.21
NYSE,OB,2008-12-18,0.21
NYSE,OB,2008-09-11,0.21
NYSE,OB,2008-06-12,0.21
NYSE,OB,2008-03-13,2.24
NYSE,OB,2007-12-13,0.21
NYSE,OB,2007-09-13,0.21
NYSE,OB,2007-06-14,0.21
NYSE,OB,2007-03-15,0.21
NYSE,OCR,2009-12-03,0.023
NYSE,OCR,2009-08-26,0.023
NYSE,OCR,2009-06-10,0.023
NYSE,OCR,2009-03-04,0.023
NYSE,OCR,2008-12-03,0.023
NYSE,OCR,2008-08-27,0.023
NYSE,OCR,2008-06-11,0.023
NYSE,OCR,2008-03-04,0.023
NYSE,OCR,2007-11-28,0.023
NYSE,OCR,2007-08-29,0.023
NYSE,OCR,2007-06-08,0.023
NYSE,OCR,2007-03-01,0.023
NYSE,OCR,2006-11-24,0.023
NYSE,OCR,2006-08-30,0.023
NYSE,OCR,2006-05-31,0.023
NYSE,OCR,2006-03-01,0.023
NYSE,OCR,2005-11-23,0.023
NYSE,OCR,2005-08-26,0.023
NYSE,OCR,2005-06-01,0.023
NYSE,OCR,2004-11-23,0.023
NYSE,OCR,2004-08-26,0.023
NYSE,OCR,2004-05-27,0.023
NYSE,OCR,2004-02-25,0.023
NYSE,OCR,2003-11-25,0.023
NYSE,OCR,2003-08-26,0.023
NYSE,OCR,2003-05-28,0.023
NYSE,OCR,2003-02-26,0.023
NYSE,OCR,2002-11-25,0.023
NYSE,OCR,2002-08-26,0.023
NYSE,OCR,2002-05-29,0.023
NYSE,OCR,2002-02-26,0.023
NYSE,OCR,2001-11-23,0.023
NYSE,OCR,2001-08-24,0.023
NYSE,OCR,2001-05-30,0.023
NYSE,OCR,2001-02-26,0.023
NYSE,OCR,2000-11-22,0.023
NYSE,OCR,2000-08-24,0.023
NYSE,OCR,2000-05-30,0.023
NYSE,OCR,2000-02-24,0.023
NYSE,OCR,1999-11-22,0.023
NYSE,OCR,1999-08-25,0.023
NYSE,OCR,1999-05-27,0.022
NYSE,OCR,1999-02-17,0.022
NYSE,OCR,1998-11-19,0.02
NYSE,OCR,1998-08-21,0.02
NYSE,OCR,1998-05-29,0.02
NYSE,OCR,1998-02-18,0.02
NYSE,OCR,1997-11-20,0.018
NYSE,OCR,1997-08-22,0.018
NYSE,OCR,1997-05-30,0.018
NYSE,OCR,1997-02-19,0.018
NYSE,OCR,1996-11-21,0.015
NYSE,OCR,1996-08-22,0.015
NYSE,OCR,1996-05-31,0.015
NYSE,OCR,1996-02-21,0.015
NYSE,OCR,1995-11-16,0.0125
NYSE,OCR,1995-08-17,0.0125
NYSE,OCR,1995-05-23,0.0125
NYSE,OCR,1995-02-17,0.0125
NYSE,OCR,1994-11-15,0.01125
NYSE,OCR,1994-08-16,0.01125
NYSE,OCR,1994-05-24,0.01125
NYSE,OCR,1994-02-18,0.01125
NYSE,OCR,1993-11-17,0.01
NYSE,OCR,1993-08-17,0.01
NYSE,OCR,1993-05-25,0.01
NYSE,OCR,1993-02-12,0.01
NYSE,OCR,1992-11-18,0.00875
NYSE,OCR,1992-08-18,0.00875
NYSE,OCR,1992-05-26,0.00875
NYSE,OCR,1992-02-14,0.00875
NYSE,OCR,1991-11-18,0.0075
NYSE,OCR,1991-08-19,0.0075
NYSE,OCR,1991-05-28,0.0075
NYSE,OCR,1991-02-15,0.0075
NYSE,OCR,1990-11-16,0.00625
NYSE,OCR,1990-08-20,0.00625
NYSE,OCR,1990-05-24,0.00625
NYSE,OCR,1990-02-16,0.00625
NYSE,OCR,1989-11-17,0.005
NYSE,OCR,1989-08-21,0.005
NYSE,OCR,1989-05-22,0.005
NYSE,OCR,1989-03-08,0.005
NYSE,OPY,2009-11-10,0.11
NYSE,OPY,2009-08-12,0.11
NYSE,OPY,2009-05-13,0.11
NYSE,OPY,2009-02-11,0.11
NYSE,OPY,2008-11-12,0.11
NYSE,OPY,2008-08-13,0.11
NYSE,OPY,2008-05-14,0.11
NYSE,OPY,2008-02-13,0.11
NYSE,OPY,2007-11-07,0.11
NYSE,OPY,2007-08-08,0.11
NYSE,OPY,2007-05-02,0.1
NYSE,OPY,2007-02-07,0.1
NYSE,OPY,2006-11-08,0.1
NYSE,OPY,2006-08-02,0.1
NYSE,OPY,2006-05-03,0.1
NYSE,OPY,2006-02-08,0.1
NYSE,OPY,2005-11-08,0.09
NYSE,OPY,2005-08-03,0.09
NYSE,OPY,2005-02-09,0.09
NYSE,OPY,2004-11-03,0.09
NYSE,OPY,2004-08-04,0.09
NYSE,OPY,2004-05-05,0.09
NYSE,OPY,2004-02-04,0.09
NYSE,OPY,2003-11-05,0.09
NYSE,OPY,2003-08-06,0.09
NYSE,OPY,2003-05-07,0.09
NYSE,OPY,2003-02-12,0.09
NYSE,OPY,2002-11-06,0.09
NYSE,OPY,2002-07-31,0.09
NYSE,OPY,2002-05-01,0.09
NYSE,OPY,2002-02-06,0.09
NYSE,OPY,2001-10-31,0.09
NYSE,OPY,2001-08-01,0.09
NYSE,OPY,2001-05-02,0.09
NYSE,OPY,2001-02-07,0.09
NYSE,OPY,2000-11-01,0.08
NYSE,OPY,2000-08-02,0.08
NYSE,OPY,2000-05-03,0.08
NYSE,OPY,2000-02-09,0.07
NYSE,OPY,1999-11-03,0.07
NYSE,OPY,1999-08-04,0.07
NYSE,OPY,1999-05-05,0.07
NYSE,OPY,1999-02-10,0.07
NYSE,OPY,1998-11-04,0.07
NYSE,OPY,1998-08-05,0.07
NYSE,OPY,1998-05-06,0.07
NYSE,OPY,1998-02-04,0.07
NYSE,OPY,1997-11-05,0.06
NYSE,OPY,1997-08-06,0.06
NYSE,OPY,1997-05-07,0.06
NYSE,OPY,1997-02-06,0.06
NYSE,OPY,1996-08-07,0.05
NYSE,OPY,1996-05-07,0.05
NYSE,OPY,1996-02-07,0.05
NYSE,OPY,1995-02-07,0.038
