exchange,stock_symbol,date,dividends
NASDAQ,MATW,2010-01-28,0.07
NASDAQ,MATW,2009-10-29,0.07
NASDAQ,MATW,2009-07-31,0.065
NASDAQ,MATW,2009-04-30,0.065
NASDAQ,MATW,2009-01-29,0.065
NASDAQ,MATW,2008-10-29,0.065
NASDAQ,MATW,2008-07-31,0.06
NASDAQ,MATW,2008-05-01,0.06
NASDAQ,MATW,2008-01-31,0.06
NASDAQ,MATW,2007-10-29,0.06
NASDAQ,MATW,2007-07-27,0.055
NASDAQ,MATW,2007-04-26,0.055
NASDAQ,MATW,2007-01-29,0.055
NASDAQ,MATW,2006-10-27,0.055
NASDAQ,MATW,2006-07-27,0.05
NASDAQ,MATW,2006-05-03,0.05
NASDAQ,MATW,2006-01-27,0.05
NASDAQ,MATW,2005-10-27,0.05
NASDAQ,MATW,2005-07-27,0.045
NASDAQ,MATW,2005-04-27,0.045
NASDAQ,MATW,2005-01-27,0.045
NASDAQ,MATW,2004-10-27,0.045
NASDAQ,MATW,2004-07-28,0.04
NASDAQ,MATW,2004-04-28,0.04
NASDAQ,MATW,2004-01-28,0.04
NASDAQ,MATW,2003-10-29,0.04
NASDAQ,MATW,2003-07-29,0.028
NASDAQ,MATW,2003-04-30,0.028
NASDAQ,MATW,2003-01-29,0.028
NASDAQ,MATW,2002-10-29,0.028
NASDAQ,MATW,2002-07-29,0.026
NASDAQ,MATW,2002-04-26,0.026
NASDAQ,MATW,2002-01-23,0.026
NASDAQ,MATW,2001-10-29,0.026
NASDAQ,MATW,2001-07-27,0.025
NASDAQ,MATW,2001-04-26,0.025
NASDAQ,MATW,2001-01-25,0.025
NASDAQ,MATW,2000-10-27,0.025
NASDAQ,MATW,2000-07-27,0.024
NASDAQ,MATW,2000-04-26,0.024
NASDAQ,MATW,2000-01-26,0.024
NASDAQ,MATW,1999-10-27,0.024
NASDAQ,MATW,1999-07-28,0.0225
NASDAQ,MATW,1999-04-28,0.0225
NASDAQ,MATW,1999-01-27,0.0225
NASDAQ,MATW,1998-10-28,0.0225
NASDAQ,MATW,1998-07-29,0.021
NASDAQ,MATW,1998-04-29,0.02125
NASDAQ,MATW,1998-01-28,0.02125
NASDAQ,MATW,1997-10-29,0.02125
NASDAQ,MATW,1997-07-31,0.02
NASDAQ,MATW,1997-03-26,0.02
NASDAQ,MATW,1996-12-27,0.02
NASDAQ,MATW,1996-09-26,0.02
NASDAQ,MATW,1996-06-26,0.0175
NASDAQ,MATW,1996-03-27,0.0175
NASDAQ,MATW,1995-12-27,0.0175
NASDAQ,MATW,1995-09-27,0.0175
NASDAQ,MATW,1995-06-28,0.015
NASDAQ,MATW,1995-03-27,0.015
NASDAQ,MATW,1994-12-23,0.015
NASDAQ,MATW,1994-09-26,0.015
NASDAQ,MSFG,2009-12-02,0.01
NASDAQ,MSFG,2009-09-03,0.05
NASDAQ,MSFG,2009-06-03,0.05
NASDAQ,MSFG,2009-03-04,0.145
NASDAQ,MSFG,2008-12-03,0.145
NASDAQ,MSFG,2008-09-03,0.145
NASDAQ,MSFG,2008-06-04,0.145
NASDAQ,MSFG,2008-03-06,0.14
NASDAQ,MSFG,2007-11-30,0.14
NASDAQ,MSFG,2007-08-30,0.14
NASDAQ,MSFG,2007-06-01,0.14
NASDAQ,MSFG,2007-02-27,0.135
NASDAQ,MSFG,2006-12-01,0.13333
NASDAQ,MSFG,2006-08-31,0.13333
NASDAQ,MSFG,2006-05-18,0.13333
NASDAQ,MSFG,2006-03-02,0.12857
NASDAQ,MSFG,2005-11-29,0.12381
NASDAQ,MSFG,2005-08-30,0.12381
NASDAQ,MSFG,2005-05-27,0.12381
NASDAQ,MSFG,2005-03-02,0.12381
NASDAQ,MSFG,2004-12-29,0.0
NASDAQ,MSFG,2004-11-29,0.11791
NASDAQ,MSFG,2004-08-30,0.11338
NASDAQ,MSFG,2004-05-27,0.11338
NASDAQ,MSFG,2004-03-04,0.10885
NASDAQ,MSFG,2003-12-18,0.0
NASDAQ,MSFG,2003-11-26,0.10367
NASDAQ,MSFG,2003-08-27,0.10367
NASDAQ,MSFG,2003-05-29,0.10367
NASDAQ,MSFG,2003-02-26,0.10367
NASDAQ,MSFG,2002-12-02,0.09873
NASDAQ,MSFG,2002-08-28,0.09324
NASDAQ,MSFG,2002-05-29,0.09324
NASDAQ,MSFG,2002-03-06,0.09324
NASDAQ,MSFG,2001-12-27,0.08941
NASDAQ,MSFG,2001-11-29,0.0888
NASDAQ,MSFG,2001-08-30,0.08619
NASDAQ,MSFG,2001-05-30,0.08619
NASDAQ,MSFG,2001-02-27,0.08619
NASDAQ,MSFG,2000-12-27,0.08253
NASDAQ,MSFG,2000-11-29,0.08208
NASDAQ,MSFG,2000-08-30,0.08208
NASDAQ,MSFG,2000-05-30,0.08208
NASDAQ,MSFG,2000-02-28,0.07959
NASDAQ,MSFG,1999-12-08,0.07959
NASDAQ,MSFG,1999-09-08,0.07959
NASDAQ,MSFG,1999-06-09,0.07959
NASDAQ,MSFG,1999-03-05,0.07959
NASDAQ,MSFG,1998-12-09,0.0771
NASDAQ,MSFG,1998-09-14,0.07213
NASDAQ,MSFG,1998-06-15,0.07213
NASDAQ,MSFG,1998-03-06,0.06964
NASDAQ,MSFG,1997-12-15,0.06716
NASDAQ,MSFG,1997-09-05,0.06467
NASDAQ,MSFG,1997-06-06,0.06219
NASDAQ,MSFG,1997-03-06,0.05721
NASDAQ,MSFG,1996-12-06,0.05472
NASDAQ,MSFG,1996-09-06,0.05224
NASDAQ,MSFG,1996-06-06,0.04975
NASDAQ,MSFG,1996-03-07,0.04229
NASDAQ,MSFG,1995-12-07,0.04229
NASDAQ,MSFG,1995-09-07,0.04229
NASDAQ,MSFG,1995-06-06,0.03979
NASDAQ,MSFG,1995-03-06,0.03608
NASDAQ,MSFG,1994-12-14,0.03608
NASDAQ,MSFG,1994-12-05,0.03979
NASDAQ,MSFG,1994-09-02,0.03483
NASDAQ,MSFG,1994-06-06,0.03483
NASDAQ,MSFG,1994-03-07,0.02985
NASDAQ,MSFG,1993-12-06,0.02985
NASDAQ,MSFG,1993-09-03,0.02985
NASDAQ,MSFG,1993-06-07,0.02985
NASDAQ,MSFG,1993-03-03,0.02985
NASDAQ,MSFG,1992-12-07,0.02985
NASDAQ,MSFG,1992-09-04,0.02487
NASDAQ,MSFG,1992-06-04,0.02487
NASDAQ,MSFG,1992-03-04,0.02487
NASDAQ,MAIL,2009-12-17,0.4
NASDAQ,MAIL,2009-07-09,0.5
NASDAQ,MATK,2008-09-26,0.001
NASDAQ,MKTX,2009-11-06,0.07
NASDAQ,MNRTP,2009-11-12,0.477
NASDAQ,MNRTP,2009-08-13,0.477
NASDAQ,MNRTP,2009-05-13,0.477
NASDAQ,MNRTP,2009-02-12,0.477
NASDAQ,MNRTP,2008-11-13,0.477
NASDAQ,MNRTP,2008-08-13,0.477
NASDAQ,MNRTP,2008-05-13,0.477
NASDAQ,MNRTP,2008-02-13,0.477
NASDAQ,MNRTP,2007-11-28,0.477
NASDAQ,MNRTP,2007-08-29,0.477
NASDAQ,MNRTP,2007-05-29,0.477
NASDAQ,MHLD,2009-12-30,0.065
NASDAQ,MHLD,2009-09-29,0.06
NASDAQ,MHLD,2009-06-29,0.06
NASDAQ,MHLD,2009-03-30,0.06
NASDAQ,MHLD,2008-12-29,0.06
NASDAQ,MHLD,2008-09-30,0.05
NASDAQ,MHLD,2008-06-27,0.05
NASDAQ,MXIM,2009-11-18,0.2
NASDAQ,MXIM,2009-08-19,0.2
NASDAQ,MXIM,2009-05-20,0.2
NASDAQ,MXIM,2009-02-18,0.2
NASDAQ,MXIM,2008-11-19,0.2
NASDAQ,MXIM,2008-08-20,0.2
NASDAQ,MXIM,2008-05-13,0.188
NASDAQ,MXIM,2008-05-12,0.19
NASDAQ,MXIM,2008-02-12,0.188
NASDAQ,MXIM,2007-11-13,0.188
NASDAQ,MXIM,2007-10-12,0.0
NASDAQ,MXIM,2007-08-21,0.188
NASDAQ,MXIM,2007-05-09,0.156
NASDAQ,MXIM,2007-02-14,0.156
NASDAQ,MXIM,2006-11-17,0.156
NASDAQ,MXIM,2006-08-17,0.156
NASDAQ,MXIM,2006-05-11,0.125
NASDAQ,MXIM,2006-02-09,0.125
NASDAQ,MXIM,2005-11-09,0.125
NASDAQ,MXIM,2005-08-11,0.1
NASDAQ,MXIM,2005-05-12,0.1
NASDAQ,MXIM,2005-02-10,0.1
NASDAQ,MXIM,2004-11-10,0.1
NASDAQ,MXIM,2004-08-12,0.08
NASDAQ,MXIM,2004-05-05,0.08
NASDAQ,MXIM,2004-02-11,0.08
NASDAQ,MXIM,2003-11-06,0.08
NASDAQ,MXIM,2003-08-20,0.08
NASDAQ,MXIM,2003-05-08,0.04
NASDAQ,MXIM,2003-02-06,0.02
NASDAQ,MXIM,2002-11-06,0.02
NASDAQ,MDRX,2008-10-13,5.23
NASDAQ,MAT,2009-11-25,0.75
NASDAQ,MAT,2008-12-03,0.75
NASDAQ,MAT,2007-11-28,0.75
NASDAQ,MAT,2006-11-29,0.65
NASDAQ,MAT,2005-11-30,0.5
NASDAQ,MAT,2004-12-01,0.45
NASDAQ,MAT,2003-12-04,0.4
NASDAQ,MAT,2002-11-22,0.05
NASDAQ,MAT,2001-11-21,0.05
NASDAQ,MAT,2001-09-06,0.09
NASDAQ,MAT,2000-09-06,0.09
NASDAQ,MAT,2000-06-16,0.09
NASDAQ,MAT,2000-03-08,0.09
NASDAQ,MAT,1999-12-08,0.09
NASDAQ,MAT,1999-09-08,0.09
NASDAQ,MAT,1999-06-09,0.09
NASDAQ,MAT,1999-03-10,0.08
NASDAQ,MAT,1998-12-09,0.08
NASDAQ,MAT,1998-09-09,0.08
NASDAQ,MAT,1998-06-10,0.08
NASDAQ,MAT,1998-03-11,0.103
NASDAQ,MAT,1997-12-05,0.07
NASDAQ,MAT,1997-09-10,0.07
NASDAQ,MAT,1997-06-12,0.07
NASDAQ,MAT,1997-03-12,0.06
NASDAQ,MAT,1996-12-11,0.06
NASDAQ,MAT,1996-09-11,0.06
NASDAQ,MAT,1996-06-12,0.06
NASDAQ,MAT,1996-03-13,0.06
NASDAQ,MAT,1995-12-13,0.048
NASDAQ,MAT,1995-09-19,0.048
NASDAQ,MAT,1995-06-20,0.048
NASDAQ,MAT,1995-03-17,0.048
NASDAQ,MAT,1994-12-15,0.0384
NASDAQ,MAT,1994-09-19,0.0384
NASDAQ,MAT,1994-06-16,0.0384
NASDAQ,MAT,1994-03-10,0.0384
NASDAQ,MAT,1993-12-06,0.0384
NASDAQ,MAT,1993-09-09,0.03072
NASDAQ,MAT,1993-06-07,0.03072
NASDAQ,MAT,1993-03-08,0.0256
NASDAQ,MAT,1992-12-07,0.0256
NASDAQ,MAT,1992-09-09,0.0256
NASDAQ,MAT,1992-06-08,0.0256
NASDAQ,MAT,1992-03-09,0.01706
NASDAQ,MAT,1991-12-09,0.01706
NASDAQ,MAT,1991-09-09,0.01366
NASDAQ,MAT,1991-06-10,0.01366
NASDAQ,MAT,1991-03-11,0.00819
NASDAQ,MAT,1990-12-10,0.00819
NASDAQ,MAT,1990-09-10,0.00819
NASDAQ,MAT,1990-06-11,0.00819
NASDAQ,MAT,1983-06-28,0.02048
NASDAQ,MAT,1983-03-28,0.02048
NASDAQ,MAT,1982-12-28,0.02048
NASDAQ,MAT,1982-09-28,0.02048
NASDAQ,MAT,1982-06-29,0.02048
NASDAQ,MAT,1982-03-31,0.02048
NASDAQ,MALL,2005-04-12,7.786
NASDAQ,MALL,1999-06-08,23.966
NASDAQ,MBVA,2007-08-13,0.02
NASDAQ,MBVA,2007-05-11,0.02
NASDAQ,MBVA,2007-02-26,0.02
NASDAQ,MBVA,2006-11-13,0.02
NASDAQ,MBVA,2006-08-11,0.02
NASDAQ,MBVA,2006-05-11,0.02
NASDAQ,MBVA,2006-02-13,0.02
NASDAQ,MFSF,2009-12-09,0.06
NASDAQ,MFSF,2009-09-09,0.12
NASDAQ,MFSF,2009-06-10,0.12
NASDAQ,MFSF,2009-03-11,0.12
NASDAQ,MFSF,2008-12-10,0.16
NASDAQ,MFSF,2008-09-10,0.16
NASDAQ,MFSF,2008-06-11,0.16
NASDAQ,MFSF,2008-03-12,0.16
NASDAQ,MFSF,2007-12-12,0.15
NASDAQ,MFSF,2007-09-12,0.15
NASDAQ,MFSF,2007-06-06,0.15
NASDAQ,MFSF,2007-03-07,0.15
NASDAQ,MFSF,2006-12-06,0.15
NASDAQ,MFSF,2006-09-06,0.15
NASDAQ,MFSF,2006-06-07,0.14
NASDAQ,MFSF,2006-03-08,0.14
NASDAQ,MFSF,2005-12-07,0.14
NASDAQ,MFSF,2005-09-07,0.13
NASDAQ,MFSF,2005-06-08,0.13
NASDAQ,MFSF,2005-03-09,0.13
NASDAQ,MFSF,2004-12-08,0.12
NASDAQ,MFSF,2004-09-08,0.12
NASDAQ,MFSF,2004-06-09,0.12
NASDAQ,MFSF,2004-03-10,0.11
NASDAQ,MFSF,2003-12-10,0.11
NASDAQ,MFSF,2003-09-10,0.11
NASDAQ,MFSF,2003-06-11,0.1
NASDAQ,MFSF,2003-03-12,0.1
NASDAQ,MFSF,2002-12-11,0.1
NASDAQ,MFSF,2002-09-11,0.09
NASDAQ,MFSF,2002-06-12,0.09
NASDAQ,MFSF,2002-03-06,0.09
NASDAQ,MFSF,2001-12-12,0.08
NASDAQ,MFSF,2001-06-06,0.08
NASDAQ,MFSF,2001-03-07,0.08
NASDAQ,MFSF,2000-11-13,0.07
NASDAQ,MFSF,2000-09-06,0.07
NASDAQ,MFSF,2000-06-07,0.07
NASDAQ,MFSF,2000-03-08,0.07
NASDAQ,MOLXA,2009-12-29,0.153
NASDAQ,MOLXA,2009-09-28,0.153
NASDAQ,MOLXA,2009-06-26,0.153
NASDAQ,MOLXA,2009-03-27,0.153
NASDAQ,MOLXA,2008-12-29,0.153
NASDAQ,MOLXA,2008-09-26,0.153
NASDAQ,MOLXA,2008-06-26,0.113
NASDAQ,MOLXA,2008-03-27,0.113
NASDAQ,MOLXA,2007-12-27,0.113
NASDAQ,MOLXA,2007-09-26,0.113
NASDAQ,MOLXA,2007-06-27,0.075
NASDAQ,MOLXA,2007-03-28,0.075
NASDAQ,MOLXA,2006-12-27,0.075
NASDAQ,MOLXA,2006-09-27,0.075
NASDAQ,MOLXA,2006-06-28,0.075
NASDAQ,MOLXA,2006-03-29,0.05
NASDAQ,MOLXA,2005-12-28,0.05
NASDAQ,MOLXA,2005-09-28,0.05
NASDAQ,MOLXA,2005-06-28,0.038
NASDAQ,MOLXA,2005-03-29,0.038
NASDAQ,MOLXA,2004-12-28,0.038
NASDAQ,MOLXA,2004-09-28,0.038
NASDAQ,MOLXA,2004-06-28,0.025
NASDAQ,MOLXA,2004-03-29,0.025
NASDAQ,MOLXA,2003-12-26,0.025
NASDAQ,MOLXA,2003-09-26,0.025
NASDAQ,MOLXA,2003-06-26,0.025
NASDAQ,MOLXA,2003-03-31,0.025
NASDAQ,MOLXA,2002-12-27,0.025
NASDAQ,MOLXA,2002-09-26,0.025
NASDAQ,MOLXA,2002-06-26,0.025
NASDAQ,MOLXA,2002-03-26,0.025
NASDAQ,MOLXA,2001-12-26,0.025
NASDAQ,MOLXA,2001-09-26,0.025
NASDAQ,MOLXA,2001-06-27,0.025
NASDAQ,MOLXA,2001-03-28,0.025
NASDAQ,MOLXA,2000-12-27,0.025
NASDAQ,MOLXA,2000-09-27,0.025
NASDAQ,MOLXA,2000-06-28,0.025
NASDAQ,MOLXA,2000-03-29,0.025
NASDAQ,MOLXA,1999-12-29,0.02
NASDAQ,MOLXA,1999-09-28,0.02
NASDAQ,MOLXA,1999-06-28,0.0128
NASDAQ,MOLXA,1999-06-25,0.012
NASDAQ,MOLXA,1999-03-29,0.012
NASDAQ,MOLXA,1998-12-29,0.012
NASDAQ,MOLXA,1998-09-28,0.012
NASDAQ,MOLXA,1998-06-26,0.012
NASDAQ,MOLXA,1998-03-27,0.012
NASDAQ,MOLXA,1997-12-29,0.012
NASDAQ,MOLXA,1997-09-26,0.0096
NASDAQ,MOLXA,1997-06-26,0.0096
NASDAQ,MOLXA,1997-03-26,0.01024
NASDAQ,MOLXA,1996-12-27,0.00768
NASDAQ,MOLXA,1996-09-26,0.00768
NASDAQ,MOLXA,1996-06-26,0.00768
NASDAQ,MOLXA,1996-04-22,0.00768
NASDAQ,MOLXA,1995-12-27,0.00768
NASDAQ,MOLXA,1995-09-27,0.00768
NASDAQ,MOLXA,1995-06-28,0.00512
NASDAQ,MOLXA,1995-03-27,0.00512
NASDAQ,MOLXA,1994-12-23,0.00512
NASDAQ,MOLXA,1994-09-26,0.0041
NASDAQ,MOLXA,1994-06-24,0.0041
NASDAQ,MOLXA,1994-03-25,0.0041
NASDAQ,MOLXA,1993-09-24,0.00286
NASDAQ,MOLXA,1993-06-24,0.00286
NASDAQ,MOLXA,1993-03-25,0.00286
NASDAQ,MOLXA,1992-12-24,0.00286
NASDAQ,MOLXA,1992-09-24,0.00171
NASDAQ,MXGL,2009-11-12,0.1
NASDAQ,MXGL,2009-08-14,0.1
NASDAQ,MXGL,2009-05-14,0.09
NASDAQ,MXGL,2009-02-20,0.09
NASDAQ,MXGL,2008-11-13,0.09
NASDAQ,MXGL,2008-08-15,0.09
NASDAQ,MXGL,2008-05-14,0.09
NASDAQ,MXGL,2008-02-22,0.09
NASDAQ,MXGL,2007-11-13,0.09
NASDAQ,MXGL,2007-08-08,0.09
NASDAQ,MXGL,2007-05-16,0.07
NASDAQ,MXGL,2007-02-21,0.07
NASDAQ,MXGL,2006-11-07,0.07
NASDAQ,MXGL,2006-08-09,0.07
NASDAQ,MXGL,2006-05-10,0.05
NASDAQ,MXGL,2006-02-22,0.05
NASDAQ,MXGL,2005-11-08,0.05
NASDAQ,MXGL,2005-08-10,0.05
NASDAQ,MXGL,2005-05-11,0.05
NASDAQ,MXGL,2005-02-10,0.03
NASDAQ,MXGL,2004-11-09,0.03
NASDAQ,MXGL,2004-08-11,0.03
NASDAQ,MXGL,2004-05-12,0.03
NASDAQ,MXGL,2004-02-11,0.03
NASDAQ,MXGL,2003-11-12,0.03
NASDAQ,MXGL,2003-08-06,0.02
NASDAQ,MXGL,2003-05-08,0.02
NASDAQ,MXGL,2003-02-12,0.02
NASDAQ,MXGL,2002-11-13,0.02
NASDAQ,MXGL,2002-08-08,0.02
NASDAQ,MXGL,2002-05-15,0.02
NASDAQ,MXGL,2002-02-20,0.02
NASDAQ,MXGL,2001-11-14,0.02
NASDAQ,MBVT,2010-02-02,0.28
NASDAQ,MBVT,2009-10-27,0.28
NASDAQ,MBVT,2009-07-28,0.28
NASDAQ,MBVT,2009-04-28,0.28
NASDAQ,MBVT,2009-02-03,0.28
NASDAQ,MBVT,2008-10-28,0.28
NASDAQ,MBVT,2008-08-05,0.28
NASDAQ,MBVT,2008-04-30,0.28
NASDAQ,MBVT,2008-01-29,0.28
NASDAQ,MBVT,2007-10-30,0.28
NASDAQ,MBVT,2007-07-31,0.28
NASDAQ,MBVT,2007-05-01,0.28
NASDAQ,MBVT,2007-01-30,0.28
NASDAQ,MBVT,2006-10-31,0.28
NASDAQ,MBVT,2006-08-01,0.28
NASDAQ,MBVT,2006-05-02,0.28
NASDAQ,MBVT,2006-01-31,0.28
NASDAQ,MBVT,2005-11-01,0.27
NASDAQ,MBVT,2005-08-02,0.27
NASDAQ,MBVT,2005-05-03,0.27
NASDAQ,MBVT,2005-02-01,0.27
NASDAQ,MBVT,2004-12-08,4.5
NASDAQ,MBVT,2004-11-02,0.27
NASDAQ,MBVT,2004-07-27,0.27
NASDAQ,MBVT,2004-04-27,0.27
NASDAQ,MBVT,2004-02-03,0.27
NASDAQ,MBVT,2003-10-28,0.27
NASDAQ,MBVT,2003-07-29,0.27
NASDAQ,MBVT,2003-04-29,0.25
NASDAQ,MBVT,2003-01-28,0.25
NASDAQ,MBVT,2002-10-29,0.24
NASDAQ,MBVT,2002-07-30,0.24
NASDAQ,MBVT,2002-04-30,0.24
NASDAQ,MBVT,2002-01-29,0.24
NASDAQ,MBVT,2001-10-30,0.22
NASDAQ,MBVT,2001-07-31,0.22
NASDAQ,MBVT,2001-05-01,0.22
NASDAQ,MBVT,2001-01-30,0.22
NASDAQ,MBVT,2000-10-31,0.22
NASDAQ,MBVT,2000-08-01,0.14667
NASDAQ,MBVT,2000-05-02,0.14667
NASDAQ,MBVT,2000-02-01,0.14
NASDAQ,MBVT,1999-11-02,0.14
NASDAQ,MBVT,1999-07-28,0.13333
NASDAQ,MBVT,1999-04-27,0.13333
NASDAQ,MBVT,1999-01-26,0.12667
NASDAQ,MBVT,1998-10-20,0.12667
NASDAQ,MBVT,1998-07-28,0.12
NASDAQ,MBVT,1998-04-28,0.11333
NASDAQ,MBVT,1998-02-06,0.11333
NASDAQ,MBVT,1997-10-21,0.1
NASDAQ,MBVT,1997-07-28,0.1
NASDAQ,MBVT,1997-04-28,0.06667
NASDAQ,MBVT,1994-03-22,0.13333
NASDAQ,MCBI,2009-03-30,0.04
NASDAQ,MCBI,2008-12-29,0.04
NASDAQ,MCBI,2008-09-26,0.04
NASDAQ,MCBI,2008-06-26,0.04
NASDAQ,MCBI,2008-03-27,0.04
NASDAQ,MCBI,2007-12-27,0.04
NASDAQ,MCBI,2007-09-26,0.04
NASDAQ,MCBI,2007-06-27,0.04
NASDAQ,MCBI,2007-03-28,0.04
NASDAQ,MCBI,2006-12-27,0.04
NASDAQ,MCBI,2006-09-27,0.04
NASDAQ,MCBI,2006-06-28,0.04
NASDAQ,MCBI,2006-03-29,0.04
NASDAQ,MCBI,2005-12-28,0.04
NASDAQ,MCBI,2005-09-28,0.04
NASDAQ,MCBI,2005-06-28,0.04
NASDAQ,MCBI,2005-03-29,0.04
NASDAQ,MCBI,2004-12-29,0.04
NASDAQ,MCBI,2004-09-28,0.04
NASDAQ,MCBI,2004-06-28,0.04
NASDAQ,MCBI,2004-03-29,0.04
NASDAQ,MCBI,2003-12-29,0.04
NASDAQ,MCBI,2003-09-26,0.04
NASDAQ,MCBI,2003-06-26,0.04
NASDAQ,MCBI,2003-03-27,0.04
NASDAQ,MCBI,2002-12-27,0.04
NASDAQ,MCBI,2002-09-27,0.04
NASDAQ,MCBI,2002-06-26,0.04
NASDAQ,MCBI,2002-03-26,0.04
NASDAQ,MCBI,2001-12-27,0.04
NASDAQ,MCBI,2001-09-26,0.04
NASDAQ,MCBI,2001-06-27,0.04
NASDAQ,MCBI,2001-03-28,0.04
NASDAQ,MCBI,2000-12-27,0.04
NASDAQ,MCBI,2000-09-27,0.04
NASDAQ,MCBI,2000-07-05,0.04
NASDAQ,MCBI,2000-03-31,0.04
NASDAQ,MCBI,1999-12-29,0.04
NASDAQ,MCBI,1999-10-01,0.04
NASDAQ,MCBI,1999-07-01,0.04
NASDAQ,MCBI,1999-04-01,0.04
NASDAQ,MCBI,1999-01-07,0.04
NASDAQ,MSFT,2009-11-17,0.13
NASDAQ,MSFT,2009-08-18,0.13
NASDAQ,MSFT,2009-05-19,0.13
NASDAQ,MSFT,2009-02-17,0.13
NASDAQ,MSFT,2008-11-18,0.13
NASDAQ,MSFT,2008-08-19,0.11
NASDAQ,MSFT,2008-05-13,0.11
NASDAQ,MSFT,2008-02-19,0.11
NASDAQ,MSFT,2007-11-13,0.11
NASDAQ,MSFT,2007-08-14,0.1
NASDAQ,MSFT,2007-05-15,0.1
NASDAQ,MSFT,2007-02-13,0.1
NASDAQ,MSFT,2006-11-14,0.1
NASDAQ,MSFT,2006-08-15,0.09
NASDAQ,MSFT,2006-05-15,0.09
NASDAQ,MSFT,2006-02-15,0.09
NASDAQ,MSFT,2005-11-15,0.08
NASDAQ,MSFT,2005-08-15,0.08
NASDAQ,MSFT,2005-05-16,0.08
NASDAQ,MSFT,2005-02-15,0.08
NASDAQ,MSFT,2004-11-15,3.08
NASDAQ,MSFT,2004-08-23,0.08
NASDAQ,MSFT,2003-10-15,0.16
NASDAQ,MSFT,2003-02-19,0.08
NASDAQ,MGEE,2009-11-27,0.368
NASDAQ,MGEE,2009-08-28,0.368
NASDAQ,MGEE,2009-05-28,0.362
NASDAQ,MGEE,2009-02-25,0.362
NASDAQ,MGEE,2008-11-26,0.362
NASDAQ,MGEE,2008-08-27,0.362
NASDAQ,MGEE,2008-05-28,0.355
NASDAQ,MGEE,2008-02-27,0.355
NASDAQ,MGEE,2007-11-28,0.355
NASDAQ,MGEE,2007-08-29,0.355
NASDAQ,MGEE,2007-05-30,0.348
NASDAQ,MGEE,2007-02-27,0.348
NASDAQ,MGEE,2006-11-29,0.348
NASDAQ,MGEE,2006-08-30,0.348
NASDAQ,MGEE,2006-05-30,0.345
NASDAQ,MGEE,2006-02-27,0.345
NASDAQ,MGEE,2005-11-29,0.345
NASDAQ,MGEE,2005-08-30,0.345
NASDAQ,MGEE,2005-05-27,0.342
NASDAQ,MGEE,2005-02-25,0.342
NASDAQ,MGEE,2004-11-29,0.342
NASDAQ,MGEE,2004-08-30,0.342
NASDAQ,MGEE,2004-05-27,0.338
NASDAQ,MGEE,2004-02-26,0.338
NASDAQ,MGEE,2003-11-26,0.338
NASDAQ,MGEE,2003-08-27,0.338
NASDAQ,MGEE,2003-05-28,0.336
NASDAQ,MGEE,2003-03-04,0.336
NASDAQ,MGEE,2002-11-26,0.336
NASDAQ,MGEE,2002-08-28,0.336
NASDAQ,MGEE,2002-05-29,0.333
NASDAQ,MGEE,2002-02-27,0.333
NASDAQ,MGEE,2001-11-28,0.333
NASDAQ,MGEE,2001-08-29,0.333
NASDAQ,MGEE,2001-05-30,0.331
NASDAQ,MGEE,2001-02-27,0.331
NASDAQ,MGEE,2000-11-29,0.331
NASDAQ,MGEE,2000-08-30,0.331
NASDAQ,MGEE,2000-05-30,0.328
NASDAQ,MGEE,2000-02-28,0.325
NASDAQ,MGEE,1999-11-29,0.325
NASDAQ,MGEE,1999-08-30,0.325
NASDAQ,MGEE,1999-05-27,0.325
NASDAQ,MGEE,1999-02-25,0.325
NASDAQ,MGEE,1998-11-27,0.325
NASDAQ,MGEE,1998-08-28,0.325
NASDAQ,MGEE,1998-05-28,0.322
NASDAQ,MGEE,1998-02-25,0.322
NASDAQ,MGEE,1997-11-26,0.322
NASDAQ,MGEE,1997-08-27,0.322
NASDAQ,MGEE,1997-05-28,0.32
NASDAQ,MGEE,1997-02-26,0.32
NASDAQ,MGEE,1996-11-26,0.32
NASDAQ,MGEE,1996-08-28,0.32
NASDAQ,MGEE,1996-05-29,0.318
NASDAQ,MGEE,1996-02-28,0.315
NASDAQ,MGEE,1995-11-29,0.31667
NASDAQ,MGEE,1995-08-30,0.31667
NASDAQ,MGEE,1995-05-25,0.31333
NASDAQ,MGEE,1995-02-23,0.31333
NASDAQ,MGEE,1994-11-25,0.31333
NASDAQ,MGEE,1994-08-26,0.31333
NASDAQ,MGEE,1994-05-25,0.31
NASDAQ,MGEE,1994-02-23,0.31
NASDAQ,MGEE,1993-11-24,0.31
NASDAQ,MGEE,1993-08-26,0.31
NASDAQ,MGEE,1993-05-25,0.30333
NASDAQ,MGEE,1993-02-23,0.30333
NASDAQ,MGEE,1992-11-24,0.30333
NASDAQ,MGEE,1992-08-26,0.30333
NASDAQ,MGEE,1992-05-26,0.29333
NASDAQ,MGEE,1992-02-24,0.29333
NASDAQ,MGEE,1991-12-26,0.29333
NASDAQ,MGEE,1991-11-22,0.29333
NASDAQ,MGEE,1991-08-26,0.29333
NASDAQ,MGEE,1991-05-24,0.28889
NASDAQ,MGEE,1991-02-25,0.28889
NASDAQ,MGEE,1990-11-26,0.28889
NASDAQ,MGEE,1990-08-27,0.28889
NASDAQ,MGEE,1990-05-25,0.28445
NASDAQ,MBHI,2008-09-11,0.13
NASDAQ,MBHI,2008-06-11,0.13
NASDAQ,MBHI,2008-03-26,0.13
NASDAQ,MBHI,2008-03-12,0.13
NASDAQ,MBHI,2007-12-18,0.13
NASDAQ,MBHI,2007-09-19,0.13
NASDAQ,MBHI,2007-06-20,0.13
NASDAQ,MBHI,2007-03-14,0.13
NASDAQ,MBHI,2006-12-15,0.13
NASDAQ,MBHI,2006-09-13,0.13
NASDAQ,MBHI,2006-06-14,0.13
NASDAQ,MBHI,2006-03-15,0.12
NASDAQ,MBHI,2005-12-21,0.12
NASDAQ,MBHI,2005-09-14,0.12
NASDAQ,MBHI,2005-06-15,0.12
NASDAQ,MBHI,2005-03-22,0.12
NASDAQ,MBHI,2004-12-15,0.12
NASDAQ,MBHI,2004-09-13,0.12
NASDAQ,MBHI,2004-06-16,0.12
NASDAQ,MBHI,2004-03-24,0.12
NASDAQ,MBHI,2003-12-17,0.12
NASDAQ,MBHI,2003-09-11,0.12
NASDAQ,MBHI,2003-06-12,0.1
NASDAQ,MBHI,2003-03-12,0.1
NASDAQ,MBHI,2002-12-12,0.1
NASDAQ,MBHI,2002-09-12,0.1
NASDAQ,MBHI,2002-06-12,0.1
NASDAQ,MBHI,2002-03-13,0.1
NASDAQ,MBHI,2001-12-12,0.1
NASDAQ,MBHI,2001-06-13,0.1
NASDAQ,MBHI,2001-03-14,0.1
NASDAQ,MBHI,2000-12-13,0.1
NASDAQ,MBHI,2000-09-13,0.08333
NASDAQ,MBHI,2000-06-13,0.08333
NASDAQ,MBHI,2000-03-13,0.08333
NASDAQ,MBHI,1999-12-13,0.08333
NASDAQ,MBHI,1999-09-08,0.05
NASDAQ,MBHI,1999-06-10,0.05
NASDAQ,MBHI,1999-03-15,0.05
NASDAQ,MBHI,1998-12-17,0.05
NASDAQ,MBHI,1998-09-02,0.02
NASDAQ,MBHI,1998-06-15,0.01333
NASDAQ,MCBF,2009-09-02,0.07
NASDAQ,MCBF,2009-06-03,0.09
NASDAQ,MCBF,2009-03-04,0.09
NASDAQ,MCBF,2008-12-03,0.09
NASDAQ,MCBF,2008-09-03,0.09
NASDAQ,MCBF,2008-05-28,0.09
NASDAQ,MCBF,2008-03-05,0.09
NASDAQ,MCBF,2007-11-28,0.08
NASDAQ,MCBF,2007-08-29,0.07
NASDAQ,MCBF,2007-05-30,0.07
NASDAQ,MCBF,2007-02-28,0.07
NASDAQ,MCBF,2006-11-29,0.06
NASDAQ,MCBF,2006-08-30,0.06
NASDAQ,MCBF,2006-05-31,0.06
NASDAQ,MCBF,2006-03-01,0.06
NASDAQ,MCBF,2005-11-30,0.06
NASDAQ,MCBF,2005-08-31,0.05
NASDAQ,MCBF,2005-06-01,0.05
NASDAQ,MCBF,2005-03-02,0.05
NASDAQ,MCBF,2004-12-01,0.05
NASDAQ,MCBF,2004-09-01,0.05
NASDAQ,MCBF,2004-06-02,0.05
NASDAQ,MCBF,2004-03-03,0.05
NASDAQ,MCBF,2003-12-03,0.05
NASDAQ,MCBF,2003-09-03,0.05
NASDAQ,MCBF,2003-05-28,0.05
NASDAQ,MCBF,2003-03-05,0.05
NASDAQ,MDH,2009-06-17,0.01
NASDAQ,MDH,2009-03-18,0.01
NASDAQ,MDH,2008-09-11,0.17
NASDAQ,MDH,2008-06-12,0.17
NASDAQ,MDH,2008-03-12,0.17
NASDAQ,MDH,2007-12-12,0.17
NASDAQ,MDH,2007-09-12,0.17
NASDAQ,MDH,2007-06-13,0.17
NASDAQ,MDH,2007-03-13,0.17
NASDAQ,MDH,2006-12-13,0.17
NASDAQ,MDH,2006-09-13,0.17
NASDAQ,MDH,2006-06-13,0.17
NASDAQ,MDH,2006-03-13,0.17
NASDAQ,MDH,2005-12-13,0.17
NASDAQ,MDH,2005-09-13,0.17
NASDAQ,MDH,2005-06-13,0.17
NASDAQ,MDH,2005-03-11,0.17
NASDAQ,MRGE,2008-06-19,0.001
NASDAQ,MCGC,2008-06-26,0.27
NASDAQ,MCGC,2008-03-26,0.026
NASDAQ,MCGC,2008-03-10,0.44
NASDAQ,MCGC,2007-11-19,0.44
NASDAQ,MCGC,2007-08-21,0.44
NASDAQ,MCGC,2007-05-22,0.44
NASDAQ,MCGC,2007-03-13,0.44
NASDAQ,MCGC,2006-11-20,0.42
NASDAQ,MCGC,2006-08-22,0.42
NASDAQ,MCGC,2006-05-23,0.42
NASDAQ,MCGC,2006-03-14,0.42
NASDAQ,MCGC,2005-11-21,0.42
NASDAQ,MCGC,2005-08-23,0.42
NASDAQ,MCGC,2005-05-24,0.42
NASDAQ,MCGC,2005-03-10,0.42
NASDAQ,MCGC,2004-11-17,0.42
NASDAQ,MCGC,2004-08-18,0.42
NASDAQ,MCGC,2004-05-05,0.42
NASDAQ,MCGC,2004-04-02,0.42
NASDAQ,MCGC,2003-12-29,0.42
NASDAQ,MCGC,2003-08-14,0.42
NASDAQ,MCGC,2003-06-19,0.41
NASDAQ,MCGC,2003-04-14,0.4
NASDAQ,MCGC,2002-12-26,0.42
NASDAQ,MCGC,2002-10-11,0.46
NASDAQ,MCGC,2002-06-07,0.47
NASDAQ,MCGC,2002-04-15,0.41
NASDAQ,MCGC,2002-01-17,0.86
NASDAQ,MYLNP,2009-10-28,16.25
NASDAQ,MYLNP,2009-07-29,16.25
NASDAQ,MSDXP,2009-11-27,1.259
NASDAQ,MSDXP,2009-05-28,1.259
NASDAQ,MSDXP,2008-11-26,1.259
NASDAQ,MSDXP,2008-05-28,1.259
NASDAQ,MSDXP,2007-11-28,1.259
NASDAQ,MSDXP,2007-05-30,1.259
NASDAQ,MSDXP,2006-11-29,1.259
NASDAQ,MSDXP,2006-05-30,1.259
NASDAQ,MSDXP,2005-11-29,1.259
NASDAQ,MSDXP,2005-05-27,1.259
NASDAQ,MSDXP,2004-11-29,1.259
NASDAQ,MSDXP,2004-05-27,1.259
NASDAQ,MSDXP,2003-11-26,1.259
NASDAQ,MSDXP,2002-11-26,1.259
NASDAQ,MSDXP,2002-05-29,1.259
NASDAQ,MSDXP,2001-11-28,1.259
NASDAQ,MSDXP,2001-05-30,1.259
NASDAQ,MSDXP,2000-11-29,1.259
NASDAQ,MSDXP,2000-05-30,1.259
NASDAQ,MSDXP,1999-11-29,1.259
NASDAQ,MSDXP,1998-07-08,1.259
NASDAQ,MFNC,2002-07-16,1.0
NASDAQ,MFNC,2002-04-19,2.0
NASDAQ,MFNC,2001-07-11,2.0
NASDAQ,MFNC,2001-03-30,2.0
NASDAQ,MARPS,2009-11-25,0.323
NASDAQ,MARPS,2009-08-27,0.246
NASDAQ,MARPS,2009-05-27,0.261
NASDAQ,MARPS,2009-02-25,0.302
NASDAQ,MARPS,2008-11-25,0.885
NASDAQ,MARPS,2008-08-27,0.77
NASDAQ,MARPS,2008-05-28,0.746
NASDAQ,MARPS,2008-02-27,0.645
NASDAQ,MARPS,2007-11-28,0.761
NASDAQ,MARPS,2007-08-29,0.771
NASDAQ,MARPS,2007-05-29,0.703
NASDAQ,MARPS,2007-02-26,0.613
NASDAQ,MARPS,2006-11-28,0.576
NASDAQ,MARPS,2006-08-29,0.568
NASDAQ,MARPS,2006-05-26,0.447
NASDAQ,MARPS,2006-02-24,0.392
NASDAQ,MARPS,2005-11-28,0.789
NASDAQ,MARPS,2005-08-29,0.609
NASDAQ,MARPS,2005-05-26,0.543
NASDAQ,MARPS,2005-02-24,0.542
NASDAQ,MARPS,2004-11-26,0.559
NASDAQ,MARPS,2004-08-27,0.645
NASDAQ,MARPS,2004-05-26,0.534
NASDAQ,MARPS,2004-02-25,0.557
NASDAQ,MARPS,2003-11-25,0.762
NASDAQ,MARPS,2003-08-27,0.778
NASDAQ,MARPS,2003-05-28,0.412
NASDAQ,MARPS,2003-02-26,0.656
NASDAQ,MARPS,2002-11-26,0.629
NASDAQ,MARPS,2002-08-28,0.542
NASDAQ,MARPS,2002-05-29,0.459
NASDAQ,MARPS,2002-02-26,0.486
NASDAQ,MARPS,2001-11-28,0.724
NASDAQ,MARPS,2001-08-29,1.134
NASDAQ,MARPS,2001-05-29,1.174
NASDAQ,MARPS,2001-02-26,0.935
NASDAQ,MARPS,2000-11-28,0.862
NASDAQ,MARPS,2000-08-29,0.623
NASDAQ,MARPS,2000-05-26,0.643
NASDAQ,MARPS,2000-02-29,0.555
NASDAQ,MARPS,1999-11-26,0.516
NASDAQ,MARPS,1999-08-27,0.375
NASDAQ,MARPS,1999-05-26,0.338
NASDAQ,MARPS,1999-02-24,0.338
NASDAQ,MARPS,1998-11-25,0.405
NASDAQ,MARPS,1998-08-27,0.375
NASDAQ,MARPS,1998-05-27,0.402
NASDAQ,MARPS,1998-02-25,0.44
NASDAQ,MARPS,1997-11-25,0.442
NASDAQ,MARPS,1997-08-27,0.478
NASDAQ,MARPS,1997-05-28,0.492
NASDAQ,MARPS,1997-02-26,0.478
NASDAQ,MARPS,1996-11-26,0.425
NASDAQ,MARPS,1996-08-28,0.375
NASDAQ,MARPS,1996-05-29,0.318
NASDAQ,MARPS,1996-02-27,0.282
NASDAQ,MARPS,1995-11-28,0.27
NASDAQ,MARPS,1995-08-29,0.27
NASDAQ,MFLR,2009-12-02,0.06
NASDAQ,MFLR,2009-08-28,0.06
NASDAQ,MFLR,2009-06-05,0.1
NASDAQ,MFLR,2009-03-05,0.1
NASDAQ,MFLR,2008-12-12,0.1
NASDAQ,MFLR,2008-09-03,0.1
NASDAQ,MFLR,2008-06-13,0.1
NASDAQ,MFLR,2008-02-28,0.1
NASDAQ,MFLR,2007-12-13,0.1
NASDAQ,MFLR,2007-08-30,0.1
NASDAQ,MFLR,2007-06-12,0.1
NASDAQ,MFLR,2007-03-12,0.1
NASDAQ,MFLR,2006-12-06,0.1
NASDAQ,MFLR,2006-08-31,0.1
NASDAQ,MFLR,2006-06-08,0.1
NASDAQ,MFLR,2006-03-13,0.1
NASDAQ,MFLR,2005-12-13,0.1
NASDAQ,MFLR,2005-08-31,0.1
NASDAQ,MFLR,2005-06-09,0.1
NASDAQ,MFLR,2005-03-10,0.1
NASDAQ,MFLR,2004-12-08,0.1
NASDAQ,MFLR,2004-08-30,0.1
NASDAQ,MFLR,2004-06-16,0.1
NASDAQ,MFLR,2004-03-10,0.1
NASDAQ,MFLR,2003-12-11,0.1
NASDAQ,MFLR,2003-08-29,0.1
NASDAQ,MFLR,2003-06-06,0.1
NASDAQ,MFLR,2003-03-07,0.1
NASDAQ,MFLR,2002-12-10,0.1
NASDAQ,MFLR,2002-08-29,0.1
NASDAQ,MFLR,2002-06-11,0.1
NASDAQ,MFLR,2002-03-07,0.1
NASDAQ,MFLR,2001-12-05,0.1
NASDAQ,MFLR,2001-08-30,0.1
NASDAQ,MFLR,2001-06-08,0.1
NASDAQ,MFLR,2001-03-07,0.1
NASDAQ,MFLR,2000-11-29,0.1
NASDAQ,MFLR,2000-08-24,0.1
NASDAQ,MFLR,2000-06-08,0.1
NASDAQ,MFLR,2000-03-08,0.1
NASDAQ,MFLR,1999-12-09,0.1
NASDAQ,MFLR,1999-08-31,0.1
NASDAQ,MFLR,1999-06-10,0.1
NASDAQ,MFLR,1999-03-04,0.08889
NASDAQ,MFLR,1998-12-09,0.08889
NASDAQ,MFLR,1998-09-11,0.08889
NASDAQ,MFLR,1998-06-08,0.08889
NASDAQ,MFLR,1998-02-19,0.08889
NASDAQ,MFLR,1997-12-08,0.07555
NASDAQ,MFLR,1997-09-03,0.07555
NASDAQ,MFLR,1997-06-04,0.06667
NASDAQ,MFLR,1997-02-28,0.06667
NASDAQ,MFLR,1996-11-29,0.05333
NASDAQ,MFLR,1996-08-27,0.05333
NASDAQ,MFLR,1996-06-05,0.04445
NASDAQ,MFLR,1996-02-20,0.02222
NASDAQ,MFLR,1996-02-15,0.02222
NASDAQ,MFLR,1995-11-28,0.02222
NASDAQ,MFLR,1995-08-28,0.02222
NASDAQ,MFLR,1995-05-23,0.02222
NASDAQ,MFLR,1995-02-17,0.02222
NASDAQ,MGPI,2008-03-27,0.1
NASDAQ,MGPI,2007-09-14,0.15
NASDAQ,MGPI,2007-03-29,0.1
NASDAQ,MGPI,2006-09-15,0.2
NASDAQ,MGPI,2005-09-16,0.15
NASDAQ,MGPI,2004-10-05,0.15
NASDAQ,MGPI,2003-10-08,0.075
NASDAQ,MGPI,2002-10-08,0.075
NASDAQ,MGPI,2001-10-09,0.075
NASDAQ,MGPI,2000-10-10,0.05
NASDAQ,MGPI,1995-07-12,0.0625
NASDAQ,MGPI,1995-04-03,0.0625
NASDAQ,MGPI,1995-01-09,0.0625
NASDAQ,MGPI,1994-10-21,0.0625
NASDAQ,MGPI,1994-07-01,0.0625
NASDAQ,MGPI,1994-04-04,0.0625
NASDAQ,MGPI,1994-01-10,0.0625
NASDAQ,MGPI,1993-10-22,0.0625
NASDAQ,MGPI,1993-07-01,0.0625
NASDAQ,MGPI,1993-04-02,0.0625
NASDAQ,MGPI,1993-01-07,0.0625
NASDAQ,MGPI,1992-10-23,0.0625
NASDAQ,MGPI,1992-07-17,0.0625
NASDAQ,MGPI,1992-04-06,0.05833
NASDAQ,MGPI,1992-01-07,0.05833
NASDAQ,MGPI,1991-07-08,0.05833
NASDAQ,MGPI,1991-04-05,0.05833
NASDAQ,MGPI,1991-01-08,0.05833
NASDAQ,MGPI,1990-07-09,0.05833
NASDAQ,MGPI,1990-04-06,0.05833
NASDAQ,MRTI,2008-09-25,0.2
NASDAQ,MRTI,2008-05-29,0.2
NASDAQ,MRTI,2008-03-04,0.2
NASDAQ,MRTI,2007-12-19,0.2
NASDAQ,MRTI,2007-08-29,0.2
NASDAQ,MRTI,2007-05-29,0.2
NASDAQ,MRTI,2007-04-25,0.2
NASDAQ,MRTI,2006-12-29,0.2
NASDAQ,MRTI,2005-08-29,0.25
NASDAQ,MRTI,2005-05-26,0.25
NASDAQ,MRTI,2005-02-24,0.25
NASDAQ,MRTI,2004-11-26,0.25
NASDAQ,MRTI,2004-08-27,0.25
NASDAQ,MRTI,2004-05-26,0.25
NASDAQ,MRTI,2004-02-25,0.25
NASDAQ,MRTI,2003-11-25,0.25
NASDAQ,MRTI,2003-08-27,0.25
NASDAQ,MRTI,2003-05-28,0.25
NASDAQ,MRTI,2003-02-26,0.25
NASDAQ,MRTI,2002-11-26,0.25
NASDAQ,MRTI,2002-08-28,0.25
NASDAQ,MRTI,2002-05-29,0.25
NASDAQ,MRTI,2002-02-26,0.25
NASDAQ,MRTI,2001-11-28,0.2
NASDAQ,MRTI,2001-08-29,0.2
NASDAQ,MRTI,2001-05-29,0.2
NASDAQ,MRTI,2001-02-26,0.16
NASDAQ,MRTI,2000-12-04,0.16
NASDAQ,MRTI,2000-08-29,0.16
NASDAQ,MRTI,2000-05-26,0.16
NASDAQ,MRTI,1998-06-12,0.22
NASDAQ,MRTI,1997-03-13,0.22
NASDAQ,MRTI,1996-12-13,0.2
NASDAQ,MRTI,1996-09-12,0.2
NASDAQ,MRTI,1996-06-12,0.2
NASDAQ,MRTI,1996-03-13,0.17
NASDAQ,MRTI,1995-12-13,0.17
NASDAQ,MRTI,1995-09-13,0.17
NASDAQ,MRTI,1995-06-14,0.15
NASDAQ,MRTI,1995-03-13,0.15
NASDAQ,MRTI,1994-12-12,0.15
NASDAQ,MRTI,1994-06-10,0.12
NASDAQ,MRTI,1994-03-11,0.1
NASDAQ,MRTI,1993-12-13,0.1
NASDAQ,MRTI,1993-09-10,0.1
NASDAQ,MRTI,1993-06-10,0.1
NASDAQ,MRTI,1993-03-11,0.17
NASDAQ,MRTI,1992-12-11,0.17
NASDAQ,MRTI,1992-09-10,0.17
NASDAQ,MRTI,1992-06-10,0.17
NASDAQ,MRTI,1992-03-11,0.17
NASDAQ,MNDO,2009-12-22,0.8
NASDAQ,MNDO,2008-03-14,0.2
NASDAQ,MNDO,2007-03-12,0.2
NASDAQ,MNDO,2006-03-10,0.14
NASDAQ,MNDO,2005-02-25,0.24
NASDAQ,MNDO,2004-02-20,0.13
NASDAQ,MNDO,2003-11-07,0.14
NASDAQ,MEDQ,2009-09-04,1.33
NASDAQ,MEDQ,2008-08-05,2.75
NASDAQ,MU,1996-05-07,0.025
NASDAQ,MU,1995-12-26,0.025
NASDAQ,MU,1995-11-08,0.025
NASDAQ,MU,1995-08-09,0.025
NASDAQ,MU,1995-05-30,0.025
NASDAQ,MU,1995-03-30,0.025
NASDAQ,MU,1994-12-29,0.0125
NASDAQ,MU,1994-09-26,0.0125
NASDAQ,MU,1994-07-19,0.0125
NASDAQ,MU,1994-04-26,0.0125
NASDAQ,MU,1993-11-26,0.005
NASDAQ,MU,1992-11-27,0.005
NASDAQ,MU,1991-11-22,0.005
NASDAQ,MLAB,2009-11-25,0.11
NASDAQ,MLAB,2009-08-26,0.1
NASDAQ,MLAB,2009-05-29,0.1
NASDAQ,MLAB,2009-02-25,0.1
NASDAQ,MLAB,2008-11-24,0.1
NASDAQ,MLAB,2008-08-26,0.1
NASDAQ,MLAB,2008-05-22,0.1
NASDAQ,MLAB,2008-02-21,0.1
NASDAQ,MLAB,2007-11-21,0.1
NASDAQ,MLAB,2007-08-21,0.08
NASDAQ,MLAB,2007-05-17,0.08
NASDAQ,MLAB,2007-02-27,0.08
NASDAQ,MLAB,2006-11-29,0.18
NASDAQ,MLAB,2006-08-30,0.07
NASDAQ,MLAB,2006-05-30,0.07
NASDAQ,MLAB,2006-02-27,0.07
NASDAQ,MLAB,2005-11-29,0.32
NASDAQ,MLAB,2005-08-30,0.06
NASDAQ,MLAB,2005-05-27,0.06
NASDAQ,MLAB,2005-02-25,0.06
NASDAQ,MLAB,2004-11-29,0.26
NASDAQ,MLAB,2004-08-30,0.05
NASDAQ,MLAB,2004-05-27,0.05
NASDAQ,MLAB,2004-02-26,0.05
NASDAQ,MLAB,2003-11-26,0.2
NASDAQ,MGRC,2010-01-13,0.22
NASDAQ,MGRC,2009-10-14,0.22
NASDAQ,MGRC,2009-07-14,0.22
NASDAQ,MGRC,2009-04-14,0.22
NASDAQ,MGRC,2009-01-13,0.2
NASDAQ,MGRC,2008-10-10,0.2
NASDAQ,MGRC,2008-07-14,0.2
NASDAQ,MGRC,2008-04-14,0.2
NASDAQ,MGRC,2008-01-11,0.18
NASDAQ,MGRC,2007-10-11,0.18
NASDAQ,MGRC,2007-07-12,0.18
NASDAQ,MGRC,2007-04-12,0.18
NASDAQ,MGRC,2007-01-10,0.16
NASDAQ,MGRC,2006-10-12,0.16
NASDAQ,MGRC,2006-07-12,0.16
NASDAQ,MGRC,2006-04-11,0.16
NASDAQ,MGRC,2006-01-11,0.14
NASDAQ,MGRC,2005-10-12,0.14
NASDAQ,MGRC,2005-07-13,0.14
NASDAQ,MGRC,2005-04-13,0.14
NASDAQ,MGRC,2005-01-12,0.11
NASDAQ,MGRC,2004-10-13,0.11
NASDAQ,MGRC,2004-07-13,0.11
NASDAQ,MGRC,2004-04-13,0.11
NASDAQ,MGRC,2004-01-13,0.1
NASDAQ,MGRC,2003-10-10,0.1
NASDAQ,MGRC,2003-07-11,0.1
NASDAQ,MGRC,2003-04-11,0.1
NASDAQ,MGRC,2003-01-13,0.09
NASDAQ,MGRC,2002-10-10,0.09
NASDAQ,MGRC,2002-07-11,0.09
NASDAQ,MGRC,2002-04-11,0.08
NASDAQ,MGRC,2002-01-11,0.08
NASDAQ,MGRC,2001-10-11,0.08
NASDAQ,MGRC,2001-07-11,0.08
NASDAQ,MGRC,2001-04-10,0.08
NASDAQ,MGRC,2001-01-10,0.07
NASDAQ,MGRC,2000-10-11,0.07
NASDAQ,MGRC,2000-07-12,0.07
NASDAQ,MGRC,2000-04-12,0.07
NASDAQ,MGRC,2000-01-12,0.06
NASDAQ,MGRC,1999-10-13,0.06
NASDAQ,MGRC,1999-07-13,0.06
NASDAQ,MGRC,1999-04-13,0.06
NASDAQ,MGRC,1999-01-13,0.05
NASDAQ,MGRC,1998-10-14,0.05
NASDAQ,MGRC,1998-07-14,0.05
NASDAQ,MGRC,1998-04-13,0.05
NASDAQ,MGRC,1998-01-14,0.04
NASDAQ,MGRC,1997-10-15,0.04
NASDAQ,MGRC,1997-07-14,0.04
NASDAQ,MGRC,1997-01-15,0.035
NASDAQ,MGRC,1996-10-15,0.035
NASDAQ,MGRC,1996-07-11,0.035
NASDAQ,MGRC,1996-04-18,0.035
NASDAQ,MGRC,1996-01-12,0.03
NASDAQ,MGRC,1995-10-13,0.03
NASDAQ,MGRC,1995-07-13,0.03
NASDAQ,MGRC,1995-04-13,0.03
NASDAQ,MGRC,1995-01-13,0.0275
NASDAQ,MGRC,1994-10-17,0.0275
NASDAQ,MGRC,1994-07-12,0.0275
NASDAQ,MGRC,1994-04-12,0.0275
NASDAQ,MGRC,1994-01-13,0.025
NASDAQ,MGRC,1993-10-12,0.025
NASDAQ,MGRC,1993-07-13,0.025
NASDAQ,MGRC,1993-04-14,0.025
NASDAQ,MGRC,1993-01-12,0.0225
NASDAQ,MGRC,1992-10-14,0.0225
NASDAQ,MGRC,1992-07-14,0.0225
NASDAQ,MGRC,1992-04-13,0.0225
NASDAQ,MGRC,1992-01-10,0.02
NASDAQ,MGRC,1991-10-10,0.02
NASDAQ,MGRC,1991-07-09,0.02
NASDAQ,MGRC,1991-04-10,0.01
NASDAQ,MGRC,1990-10-16,0.02
NASDAQ,MERC,2000-04-28,0.013
NASDAQ,MERC,1999-04-28,0.012
NASDAQ,MERC,1998-04-28,0.01
NASDAQ,MERC,1997-04-28,0.008
NASDAQ,MYL,2007-06-27,0.06
NASDAQ,MYL,2007-03-28,0.06
NASDAQ,MYL,2006-12-27,0.06
NASDAQ,MYL,2006-09-27,0.06
NASDAQ,MYL,2006-06-28,0.06
NASDAQ,MYL,2006-03-29,0.06
NASDAQ,MYL,2005-12-28,0.06
NASDAQ,MYL,2005-09-28,0.06
NASDAQ,MYL,2005-06-28,0.06
NASDAQ,MYL,2005-03-29,0.03
NASDAQ,MYL,2004-12-29,0.03
NASDAQ,MYL,2004-09-28,0.03
NASDAQ,MYL,2004-06-28,0.03
NASDAQ,MYL,2004-03-29,0.03
NASDAQ,MYL,2003-12-29,0.03
NASDAQ,MYL,2003-09-26,0.022
NASDAQ,MYL,2003-06-26,0.022
NASDAQ,MYL,2003-03-27,0.022
NASDAQ,MYL,2002-12-27,0.02222
NASDAQ,MYL,2002-09-26,0.01778
NASDAQ,MYL,2002-06-26,0.01778
NASDAQ,MYL,2002-03-26,0.01778
NASDAQ,MYL,2001-12-27,0.01778
NASDAQ,MYL,2001-09-26,0.01778
NASDAQ,MYL,2001-06-27,0.01778
NASDAQ,MYL,2001-03-28,0.01778
NASDAQ,MYL,2000-12-27,0.01778
NASDAQ,MYL,2000-09-27,0.01778
NASDAQ,MYL,2000-06-28,0.01778
NASDAQ,MYL,2000-03-29,0.01778
NASDAQ,MYL,1999-12-29,0.01778
NASDAQ,MYL,1999-09-28,0.01778
NASDAQ,MYL,1999-06-28,0.01778
NASDAQ,MYL,1999-03-29,0.01778
NASDAQ,MYL,1998-12-29,0.01778
NASDAQ,MYL,1998-09-28,0.01778
NASDAQ,MYL,1998-06-26,0.01778
NASDAQ,MYL,1998-03-30,0.01778
NASDAQ,MYL,1997-12-29,0.01778
NASDAQ,MYL,1997-09-26,0.01778
NASDAQ,MYL,1997-06-26,0.01778
NASDAQ,MYL,1997-03-26,0.01778
NASDAQ,MYL,1996-12-30,0.01778
NASDAQ,MYL,1996-09-26,0.01778
NASDAQ,MYL,1996-06-26,0.01778
NASDAQ,MYL,1996-03-27,0.01778
NASDAQ,MYL,1995-12-27,0.01778
NASDAQ,MYL,1995-09-27,0.01778
NASDAQ,MYL,1995-06-29,0.01481
NASDAQ,MYL,1995-03-27,0.01481
NASDAQ,MYL,1994-12-23,0.01481
NASDAQ,MYL,1994-09-26,0.01481
NASDAQ,MYL,1994-06-24,0.01185
NASDAQ,MYL,1994-03-25,0.01185
NASDAQ,MYL,1993-12-27,0.01185
NASDAQ,MYL,1993-09-24,0.01185
NASDAQ,MYL,1993-06-24,0.00889
NASDAQ,MYL,1993-03-25,0.00889
NASDAQ,MYL,1992-12-24,0.00889
NASDAQ,MYL,1992-09-24,0.00889
NASDAQ,MYL,1992-06-24,0.00741
NASDAQ,MYL,1992-03-25,0.00741
NASDAQ,MYL,1991-12-24,0.00741
NASDAQ,MYL,1991-09-24,0.00741
NASDAQ,MYL,1991-06-24,0.00741
NASDAQ,MYL,1991-03-22,0.00741
NASDAQ,MYL,1990-12-24,0.00741
NASDAQ,MYL,1990-09-24,0.00741
NASDAQ,MYL,1990-06-25,0.00741
NASDAQ,MYL,1989-12-22,0.00741
NASDAQ,MYL,1989-06-26,0.00741
NASDAQ,MYL,1988-12-23,0.0037
NASDAQ,MYL,1988-06-29,0.00741
NASDAQ,MYL,1987-12-24,0.00741
NASDAQ,MSBF,2009-12-23,0.03
NASDAQ,MSBF,2009-10-01,0.03
NASDAQ,MSBF,2009-06-18,0.03
NASDAQ,MSBF,2009-03-19,0.03
NASDAQ,MSBF,2008-12-18,0.03
NASDAQ,MSBF,2008-09-19,0.03
NASDAQ,MSBF,2008-06-20,0.03
NASDAQ,MSBF,2008-03-24,0.03
NASDAQ,MSBF,2007-12-21,0.03
NASDAQ,MBFI,2009-11-12,0.01
NASDAQ,MBFI,2009-08-19,0.01
NASDAQ,MBFI,2009-05-13,0.01
NASDAQ,MBFI,2009-02-11,0.12
NASDAQ,MBFI,2008-11-12,0.18
NASDAQ,MBFI,2008-08-13,0.18
NASDAQ,MBFI,2008-05-14,0.18
NASDAQ,MBFI,2008-02-13,0.18
NASDAQ,MBFI,2007-11-14,0.18
NASDAQ,MBFI,2007-08-08,0.18
NASDAQ,MBFI,2007-05-16,0.18
NASDAQ,MBFI,2007-02-14,0.18
NASDAQ,MBFI,2006-11-08,0.18
NASDAQ,MBFI,2006-08-02,0.18
NASDAQ,MBFI,2006-05-17,0.15
NASDAQ,MBFI,2006-02-15,0.15
NASDAQ,MBFI,2005-11-16,0.15
NASDAQ,MBFI,2005-08-17,0.15
NASDAQ,MBFI,2005-05-18,0.13
NASDAQ,MBFI,2005-02-16,0.13
NASDAQ,MBFI,2004-11-09,0.13
NASDAQ,MBFI,2004-08-05,0.13
NASDAQ,MBFI,2004-05-05,0.12
NASDAQ,MBFI,2004-02-04,0.12
NASDAQ,MBFI,2003-10-30,0.12
NASDAQ,MBFI,2003-07-30,0.12
NASDAQ,MBFI,2003-04-29,0.1
NASDAQ,MBFI,2003-02-03,0.1
NASDAQ,MBFI,2002-10-29,0.1
NASDAQ,MBFI,2002-07-29,0.1
NASDAQ,MBFI,2002-04-26,0.1
NASDAQ,MBFI,2002-01-29,0.1
NASDAQ,MOCO,2010-02-03,0.09
NASDAQ,MOCO,2009-11-04,0.09
NASDAQ,MOCO,2009-08-05,0.09
NASDAQ,MOCO,2009-04-29,0.09
NASDAQ,MOCO,2009-02-04,0.09
NASDAQ,MOCO,2008-11-05,0.085
NASDAQ,MOCO,2008-07-30,0.085
NASDAQ,MOCO,2008-04-30,0.08
NASDAQ,MOCO,2008-01-30,0.08
NASDAQ,MOCO,2007-10-31,0.08
NASDAQ,MOCO,2007-08-01,0.08
NASDAQ,MOCO,2007-05-02,0.075
NASDAQ,MOCO,2007-01-31,0.075
NASDAQ,MOCO,2006-11-01,0.075
NASDAQ,MOCO,2006-08-02,0.075
NASDAQ,MOCO,2006-05-03,0.075
NASDAQ,MOCO,2006-02-01,0.075
NASDAQ,MOCO,2005-11-02,0.07
NASDAQ,MOCO,2005-08-03,0.07
NASDAQ,MOCO,2005-05-04,0.07
NASDAQ,MOCO,2005-02-02,0.07
NASDAQ,MOCO,2004-11-03,0.065
NASDAQ,MOCO,2004-08-04,0.065
NASDAQ,MOCO,2004-05-05,0.065
NASDAQ,MOCO,2004-02-04,0.065
NASDAQ,MOCO,2003-11-05,0.065
NASDAQ,MOCO,2003-07-30,0.065
NASDAQ,MOCO,2003-04-30,0.065
NASDAQ,MOCO,2003-02-05,0.06
NASDAQ,MOCO,2002-10-30,0.06
NASDAQ,MOCO,2002-07-31,0.06
NASDAQ,MOCO,2002-05-01,0.06
NASDAQ,MOCO,2002-01-30,0.06
NASDAQ,MOCO,2001-10-31,0.06
NASDAQ,MOCO,2001-08-01,0.06
NASDAQ,MOCO,2001-05-02,0.06
NASDAQ,MOCO,2001-01-31,0.06
NASDAQ,MOCO,2000-11-01,0.055
NASDAQ,MOCO,2000-08-02,0.055
NASDAQ,MOCO,2000-05-03,0.055
NASDAQ,MOCO,2000-02-02,0.05
NASDAQ,MOCO,1999-11-03,0.05
NASDAQ,MOCO,1999-08-04,0.05
NASDAQ,MOCO,1999-05-05,0.05
NASDAQ,MOCO,1999-01-06,0.05
NASDAQ,MOCO,1998-11-04,0.05
NASDAQ,MOCO,1998-08-05,0.05
NASDAQ,MOCO,1998-04-29,0.05
NASDAQ,MOCO,1998-02-04,0.05
NASDAQ,MOCO,1997-11-05,0.05
NASDAQ,MOCO,1997-07-30,0.04
NASDAQ,MOCO,1997-04-30,0.04
NASDAQ,MOCO,1997-02-05,0.04
NASDAQ,MOCO,1996-10-30,0.04
NASDAQ,MOCO,1996-07-31,0.04
NASDAQ,MOCO,1996-05-01,0.04
NASDAQ,MOCO,1996-01-31,0.04
NASDAQ,MOCO,1995-11-01,0.03333
NASDAQ,MOCO,1995-08-02,0.03333
NASDAQ,MOCO,1995-05-01,0.03333
NASDAQ,MOCO,1995-01-30,0.03333
NASDAQ,MOCO,1994-10-31,0.03333
NASDAQ,MOCO,1994-08-01,0.03333
NASDAQ,MOCO,1994-05-02,0.03333
NASDAQ,MOCO,1994-01-31,0.03333
NASDAQ,MOCO,1993-11-01,0.03333
NASDAQ,MOCO,1993-08-03,0.03333
NASDAQ,MOCO,1993-05-03,0.03333
NASDAQ,MOCO,1993-02-01,0.02667
NASDAQ,MOCO,1992-11-02,0.02667
NASDAQ,MOCO,1992-08-03,0.02667
NASDAQ,MOCO,1992-04-27,0.02667
NASDAQ,MOCO,1992-02-03,0.02133
NASDAQ,MOCO,1991-10-28,0.02133
NASDAQ,MOCO,1991-07-29,0.02222
NASDAQ,MOCO,1991-04-29,0.02222
NASDAQ,MOCO,1991-01-28,0.01778
NASDAQ,MOCO,1990-10-29,0.01778
NASDAQ,MOCO,1990-07-30,0.01778
NASDAQ,MOCO,1990-04-30,0.01778
NASDAQ,MOCO,1990-01-29,0.01481
NASDAQ,MOCO,1989-10-30,0.01481
NASDAQ,MOCO,1989-07-31,0.01481
NASDAQ,MOCO,1989-05-01,0.01481
NASDAQ,MKTAY,2006-09-27,0.162
NASDAQ,MKTAY,2006-03-28,0.076
NASDAQ,MKTAY,2005-09-27,0.172
NASDAQ,MKTAY,2005-03-28,0.086
NASDAQ,MKTAY,2004-09-27,0.1
NASDAQ,MKTAY,2004-03-26,0.081
NASDAQ,MKTAY,2003-09-25,0.077
NASDAQ,MKTAY,2003-03-26,0.076
NASDAQ,MKTAY,2002-09-25,0.074
NASDAQ,MKTAY,2002-03-26,0.07
NASDAQ,MKTAY,2001-09-25,0.077
NASDAQ,MKTAY,2001-03-27,0.075
NASDAQ,MKTAY,2000-09-26,0.085
NASDAQ,MKTAY,2000-03-28,0.038
NASDAQ,MKTAY,1999-09-27,0.033
NASDAQ,MKTAY,1999-03-26,0.03
NASDAQ,MKTAY,1998-09-25,0.028
NASDAQ,MKTAY,1998-03-26,0.03
NASDAQ,MKTAY,1997-09-25,0.032
NASDAQ,MKTAY,1997-03-25,0.032
NASDAQ,MKTAY,1996-09-25,0.038
NASDAQ,MKTAY,1996-03-26,0.038
NASDAQ,MKTAY,1995-09-26,0.032
NASDAQ,MKTAY,1995-03-24,0.032
NASDAQ,MKTAY,1994-09-23,0.032
NASDAQ,MKTAY,1994-03-24,0.032
NASDAQ,MKTAY,1993-09-23,0.032
NASDAQ,MKTAY,1993-03-24,0.027
NASDAQ,MKTAY,1992-09-23,0.099
NASDAQ,MKTAY,1992-03-24,0.027
NASDAQ,MIDD,2003-11-07,0.125
NASDAQ,MIDD,2000-12-18,0.05
NASDAQ,MTEX,2009-06-01,0.02
NASDAQ,MTEX,2009-03-05,0.02
NASDAQ,MTEX,2008-12-09,0.02
NASDAQ,MTEX,2008-09-08,0.02
NASDAQ,MTEX,2008-06-03,0.09
NASDAQ,MTEX,2008-03-05,0.09
NASDAQ,MTEX,2007-11-28,0.09
NASDAQ,MTEX,2007-10-09,0.09
NASDAQ,MTEX,2007-06-27,0.09
NASDAQ,MTEX,2007-03-26,0.09
NASDAQ,MTEX,2006-12-06,0.08
NASDAQ,MTEX,2006-10-11,0.08
NASDAQ,MTEX,2006-06-22,0.08
NASDAQ,MTEX,2006-03-29,0.08
NASDAQ,MTEX,2005-12-08,0.08
NASDAQ,MTEX,2005-09-28,0.07
NASDAQ,MTEX,2005-06-29,0.07
NASDAQ,MTEX,2005-03-30,0.07
NASDAQ,MTEX,2004-11-29,0.07
NASDAQ,MTEX,2004-09-09,0.1
NASDAQ,MTEX,2004-02-18,0.1
NASDAQ,MXWL,1994-12-27,0.05
NASDAQ,MXWL,1993-12-27,0.05
NASDAQ,MXWL,1992-12-24,0.05
NASDAQ,MXWL,1991-10-30,0.05
NASDAQ,MBTF,2009-06-24,0.01
NASDAQ,MBTF,2009-03-25,0.01
NASDAQ,MBTF,2008-12-17,0.09
NASDAQ,MBTF,2008-09-23,0.09
NASDAQ,MBTF,2008-06-23,0.18
NASDAQ,MBTF,2008-03-26,0.18
NASDAQ,MBTF,2007-12-19,0.18
NASDAQ,MBTF,2007-09-26,0.18
NASDAQ,MBTF,2007-06-27,0.18
NASDAQ,MBTF,2007-03-21,0.18
NASDAQ,MBTF,2006-12-20,0.18
NASDAQ,MBTF,2006-09-27,0.18
NASDAQ,MBTF,2006-06-21,0.17
NASDAQ,MBTF,2006-03-22,0.17
NASDAQ,MBTF,2005-12-21,0.17
NASDAQ,MBTF,2005-09-21,0.17
NASDAQ,MBTF,2005-06-17,0.16
NASDAQ,MBTF,2005-03-22,0.16
NASDAQ,MBTF,2004-12-21,0.16
NASDAQ,MBTF,2004-09-22,0.16
NASDAQ,MBTF,2004-06-23,0.15
NASDAQ,MBTF,2004-03-24,0.15
NASDAQ,MBTF,2003-12-17,0.15
NASDAQ,MBTF,2003-09-24,0.15
NASDAQ,MBTF,2003-06-25,0.14
NASDAQ,MBTF,2003-03-26,0.14
NASDAQ,MBTF,2002-09-18,0.14
NASDAQ,MBTF,2002-06-24,0.13
NASDAQ,MBTF,2002-03-25,0.13
NASDAQ,MBTF,2001-12-19,0.13
NASDAQ,MBTF,2001-09-19,0.13
NASDAQ,MBTF,2001-06-18,0.13
NASDAQ,MBTF,2001-03-21,0.11
NASDAQ,MBTF,2000-12-20,0.11
NASDAQ,MNRO,2009-12-14,0.07
NASDAQ,MNRO,2009-09-09,0.07
NASDAQ,MNRO,2009-06-05,0.07
NASDAQ,MNRO,2009-04-22,0.06
NASDAQ,MNRO,2009-01-15,0.06
NASDAQ,MNRO,2008-10-15,0.06
NASDAQ,MNRO,2008-07-11,0.06
NASDAQ,MNRO,2008-04-18,0.06
NASDAQ,MNRO,2008-01-16,0.06
NASDAQ,MNRO,2007-10-17,0.06
NASDAQ,MNRO,2007-07-13,0.06
NASDAQ,MNRO,2007-04-19,0.04667
NASDAQ,MNRO,2007-01-17,0.04667
NASDAQ,MNRO,2006-10-18,0.04667
NASDAQ,MNRO,2006-07-14,0.04667
NASDAQ,MNRO,2006-04-20,0.03333
NASDAQ,MNRO,2006-01-18,0.03333
NASDAQ,MNRO,2005-10-19,0.03333
NASDAQ,MNRO,2005-07-15,0.03333
NASDAQ,MEOH,2009-12-15,0.155
NASDAQ,MEOH,2009-09-14,0.155
NASDAQ,MEOH,2009-06-12,0.155
NASDAQ,MEOH,2009-03-13,0.155
NASDAQ,MEOH,2008-12-15,0.155
NASDAQ,MEOH,2008-09-12,0.155
NASDAQ,MEOH,2008-06-12,0.155
NASDAQ,MEOH,2008-03-13,0.14
NASDAQ,MEOH,2007-12-13,0.14
NASDAQ,MEOH,2007-09-13,0.14
NASDAQ,MEOH,2007-06-13,0.14
NASDAQ,MEOH,2007-03-14,0.125
NASDAQ,MEOH,2006-12-14,0.125
NASDAQ,MEOH,2006-09-14,0.125
NASDAQ,MEOH,2006-06-14,0.125
NASDAQ,MEOH,2006-03-15,0.11
NASDAQ,MEOH,2005-12-15,0.11
NASDAQ,MEOH,2005-09-14,0.11
NASDAQ,MEOH,2005-06-14,0.11
NASDAQ,MEOH,2005-03-15,0.08
NASDAQ,MEOH,2004-12-15,0.08
NASDAQ,MEOH,2004-09-14,0.08
NASDAQ,MEOH,2004-06-14,0.06
NASDAQ,MEOH,2004-03-15,0.06
NASDAQ,MEOH,2003-12-15,0.06
NASDAQ,MEOH,2003-09-12,0.06
NASDAQ,MEOH,2003-06-12,0.05
NASDAQ,MEOH,2003-03-13,0.05
NASDAQ,MEOH,2003-02-04,0.25
NASDAQ,MEOH,2002-12-13,0.05
NASDAQ,MEOH,2002-09-12,0.05
NASDAQ,MCHP,2009-11-16,0.34
NASDAQ,MCHP,2009-08-18,0.339
NASDAQ,MCHP,2009-05-19,0.339
NASDAQ,MCHP,2009-02-11,0.339
NASDAQ,MCHP,2008-11-12,0.339
NASDAQ,MCHP,2008-08-05,0.338
NASDAQ,MCHP,2008-05-08,0.33
NASDAQ,MCHP,2008-02-05,0.32
NASDAQ,MCHP,2007-11-02,0.31
NASDAQ,MCHP,2007-08-07,0.295
NASDAQ,MCHP,2007-05-08,0.28
NASDAQ,MCHP,2007-02-12,0.265
NASDAQ,MCHP,2006-11-06,0.25
NASDAQ,MCHP,2006-08-01,0.235
NASDAQ,MCHP,2006-05-05,0.215
NASDAQ,MCHP,2006-01-31,0.19
NASDAQ,MCHP,2005-11-01,0.16
NASDAQ,MCHP,2005-08-10,0.125
NASDAQ,MCHP,2005-05-11,0.095
NASDAQ,MCHP,2005-02-09,0.07
NASDAQ,MCHP,2004-11-10,0.052
NASDAQ,MCHP,2004-08-06,0.046
NASDAQ,MCHP,2004-05-11,0.04
NASDAQ,MCHP,2004-02-10,0.035
NASDAQ,MCHP,2003-11-06,0.03
NASDAQ,MCHP,2003-08-06,0.024
NASDAQ,MCHP,2003-05-06,0.024
NASDAQ,MCHP,2003-02-05,0.02
NASDAQ,MCHP,2002-11-05,0.02
NASDAQ,MCRL,2010-02-08,0.035
NASDAQ,MCRL,2009-11-06,0.035
NASDAQ,MCRL,2009-08-10,0.035
NASDAQ,MCRL,2009-05-11,0.035
NASDAQ,MCRL,2009-02-09,0.035
NASDAQ,MCRL,2008-11-03,0.035
NASDAQ,MCRL,2008-08-01,0.035
NASDAQ,MCRL,2008-05-02,0.035
NASDAQ,MCRL,2008-02-07,0.03
NASDAQ,MCRL,2007-11-01,0.03
NASDAQ,MCRL,2007-08-03,0.03
NASDAQ,MCRL,2007-05-04,0.03
NASDAQ,MROE,2009-12-15,0.01
NASDAQ,MROE,2009-09-14,0.01
NASDAQ,MROE,2009-06-12,0.01
NASDAQ,MROE,2009-03-12,0.13
NASDAQ,MROE,2008-12-15,0.13
NASDAQ,MROE,2008-09-11,0.13
NASDAQ,MROE,2008-06-12,0.13
NASDAQ,MROE,2008-03-13,0.13
NASDAQ,MROE,2007-12-13,0.13
NASDAQ,MROE,2007-09-12,0.12
NASDAQ,MROE,2007-06-13,0.12
NASDAQ,MROE,2007-03-14,0.12
NASDAQ,MROE,2006-12-13,0.12
NASDAQ,MROE,2006-09-13,0.12
NASDAQ,MROE,2006-06-13,0.12
NASDAQ,MROE,2006-03-21,0.12
NASDAQ,MROE,2005-12-14,0.12
NASDAQ,MROE,2005-09-14,0.11818
NASDAQ,MROE,2005-06-15,0.11818
NASDAQ,MROE,2005-03-16,0.11818
NASDAQ,MROE,2004-12-14,0.11818
NASDAQ,MROE,2004-09-14,0.11818
NASDAQ,MROE,2004-06-15,0.11818
NASDAQ,MROE,2004-03-04,0.11818
NASDAQ,MROE,2003-12-16,0.11818
NASDAQ,MROE,2003-09-16,0.10909
NASDAQ,MROE,2003-06-13,0.10909
NASDAQ,MROE,2003-03-13,0.10909
NASDAQ,MROE,2002-12-16,0.10909
NASDAQ,MROE,2002-09-13,0.10909
NASDAQ,MROE,2002-06-13,0.10909
NASDAQ,MROE,2002-03-14,0.10909
NASDAQ,MROE,2001-12-12,0.1
NASDAQ,MSW,2009-12-29,0.15
NASDAQ,MSW,2009-09-28,0.15
NASDAQ,MSW,2009-06-26,0.15
NASDAQ,MSW,2009-03-27,0.2
NASDAQ,MSW,2008-12-29,0.2
NASDAQ,MSW,2008-09-26,0.2
NASDAQ,MSW,2008-06-26,0.2
NASDAQ,MSW,2008-03-27,0.2
NASDAQ,MSW,2007-12-27,0.16
NASDAQ,MSW,2007-09-26,0.16
NASDAQ,MSW,2007-06-27,0.16
NASDAQ,MSW,2007-03-28,0.16
NASDAQ,MSW,2006-12-27,0.16
NASDAQ,MSW,2006-09-27,0.16
NASDAQ,MSW,2006-06-28,0.16
NASDAQ,MSW,2006-03-29,0.16
NASDAQ,MSW,2005-12-28,0.16
NASDAQ,MSW,2005-09-28,0.16
NASDAQ,MSW,2005-06-28,0.16
NASDAQ,MSW,2005-03-29,0.16
NASDAQ,MSW,2004-12-29,0.16
NASDAQ,MSW,2004-09-28,0.24
NASDAQ,MSW,2004-06-28,0.24
NASDAQ,MSW,2004-03-29,0.24
NASDAQ,MSW,2003-12-29,0.24
NASDAQ,MSW,2003-09-26,0.24
NASDAQ,MSW,2003-06-26,0.24
NASDAQ,MSW,2003-03-27,0.24
NASDAQ,MSW,2002-12-27,0.24
NASDAQ,MSW,2002-09-26,0.24
NASDAQ,MSW,2002-06-26,0.24
NASDAQ,MSW,2002-03-26,0.24
NASDAQ,MSW,2001-12-27,0.24
NASDAQ,MSW,2001-09-26,0.24
NASDAQ,MSW,2001-06-27,0.22
NASDAQ,MSW,2001-03-28,0.19
NASDAQ,MSW,2000-12-27,0.19
NASDAQ,MSW,2000-09-27,0.17
NASDAQ,MSW,2000-06-26,0.17
NASDAQ,MSW,2000-03-29,0.15
NASDAQ,MSW,1999-12-28,0.15
NASDAQ,MSW,1999-09-28,0.15
NASDAQ,MSW,1999-06-17,0.14
NASDAQ,MSW,1999-04-13,0.12
NASDAQ,MTSC,2009-12-09,0.15
NASDAQ,MTSC,2009-09-16,0.15
NASDAQ,MTSC,2009-06-10,0.15
NASDAQ,MTSC,2009-03-06,0.15
NASDAQ,MTSC,2008-12-10,0.15
NASDAQ,MTSC,2008-09-11,0.15
NASDAQ,MTSC,2008-06-11,0.15
NASDAQ,MTSC,2008-03-06,0.15
NASDAQ,MTSC,2007-12-12,0.15
NASDAQ,MTSC,2007-09-12,0.15
NASDAQ,MTSC,2007-06-13,0.11
NASDAQ,MTSC,2007-03-07,0.11
NASDAQ,MTSC,2006-12-12,0.11
NASDAQ,MTSC,2006-09-12,0.11
NASDAQ,MTSC,2006-06-13,0.1
NASDAQ,MTSC,2006-03-08,0.1
NASDAQ,MTSC,2005-12-13,0.1
NASDAQ,MTSC,2005-09-13,0.1
NASDAQ,MTSC,2005-06-09,0.08
NASDAQ,MTSC,2005-03-09,0.08
NASDAQ,MTSC,2004-12-14,0.08
NASDAQ,MTSC,2004-09-15,0.08
NASDAQ,MTSC,2004-06-09,0.06
NASDAQ,MTSC,2004-03-04,0.06
NASDAQ,MTSC,2003-12-11,0.06
NASDAQ,MTSC,2003-09-12,0.06
NASDAQ,MTSC,2003-06-09,0.06
NASDAQ,MTSC,2003-03-05,0.06
NASDAQ,MTSC,2002-12-12,0.06
NASDAQ,MTSC,2002-09-13,0.06
NASDAQ,MTSC,2002-06-07,0.06
NASDAQ,MTSC,2002-02-28,0.06
NASDAQ,MTSC,2001-12-13,0.06
NASDAQ,MTSC,2001-09-05,0.06
NASDAQ,MTSC,2001-06-07,0.06
NASDAQ,MTSC,2001-02-28,0.06
NASDAQ,MTSC,2000-12-13,0.06
NASDAQ,MTSC,2000-09-06,0.06
NASDAQ,MTSC,2000-06-08,0.06
NASDAQ,MTSC,2000-03-01,0.06
NASDAQ,MTSC,1999-12-15,0.06
NASDAQ,MTSC,1999-09-08,0.06
NASDAQ,MTSC,1999-05-24,0.06
NASDAQ,MTSC,1999-03-03,0.06
NASDAQ,MTSC,1998-12-16,0.06
NASDAQ,MTSC,1998-09-09,0.06
NASDAQ,MTSC,1998-06-10,0.06
NASDAQ,MTSC,1998-03-04,0.06
NASDAQ,MTSC,1997-12-15,0.06
NASDAQ,MTSC,1997-09-03,0.05
NASDAQ,MTSC,1997-06-04,0.05
NASDAQ,MTSC,1997-03-05,0.05
NASDAQ,MTSC,1996-12-05,0.05
NASDAQ,MTSC,1996-09-04,0.04
NASDAQ,MTSC,1996-06-05,0.04
NASDAQ,MTSC,1996-04-02,0.08
NASDAQ,MTSC,1996-03-06,0.04
NASDAQ,MTSC,1995-12-06,0.04
NASDAQ,MTSC,1995-09-06,0.035
NASDAQ,MTSC,1995-06-06,0.035
NASDAQ,MTSC,1995-03-06,0.035
NASDAQ,MTSC,1994-12-12,0.035
NASDAQ,MTSC,1994-09-02,0.035
NASDAQ,MTSC,1994-06-06,0.035
NASDAQ,MTSC,1994-03-07,0.035
NASDAQ,MTSC,1993-12-10,0.035
NASDAQ,MTSC,1993-09-03,0.03
NASDAQ,MTSC,1993-06-04,0.03
NASDAQ,MTSC,1993-03-08,0.03
NASDAQ,MTSC,1992-12-14,0.03
NASDAQ,MTSC,1992-09-04,0.03
NASDAQ,MTSC,1992-06-04,0.03
NASDAQ,MTSC,1992-03-09,0.03
NASDAQ,MTSC,1991-12-02,0.03
NASDAQ,MTSC,1991-09-09,0.025
NASDAQ,MTSC,1991-03-11,0.025
NASDAQ,MTSC,1990-12-03,0.025
NASDAQ,MTSC,1990-09-10,0.025
NASDAQ,MTSC,1990-06-05,0.025
NASDAQ,MBHIP,2009-03-12,0.484
NASDAQ,MBHIP,2008-12-11,0.484
NASDAQ,MBHIP,2008-09-11,0.484
NASDAQ,MBHIP,2008-06-11,0.484
NASDAQ,MBHIP,2008-03-12,0.484
NASDAQ,MBHIP,2007-12-18,0.118
NASDAQ,MIGP,2009-12-09,0.075
NASDAQ,MIGP,2009-09-09,0.075
NASDAQ,MIGP,2009-06-10,0.075
NASDAQ,MIGP,2009-03-11,0.075
NASDAQ,MIGP,2008-12-10,0.075
NASDAQ,MIGP,2008-09-10,0.075
NASDAQ,MIGP,2008-06-09,0.075
NASDAQ,MIGP,2008-03-10,0.05
NASDAQ,MIGP,2007-12-10,0.05
NASDAQ,MIGP,2007-09-10,0.05
NASDAQ,MIGP,2007-06-11,0.05
NASDAQ,MIGP,2007-03-09,0.05
NASDAQ,MIGP,2006-12-11,0.05
NASDAQ,MIGP,2006-09-11,0.05
NASDAQ,MIGP,2006-06-16,0.05
NASDAQ,MICC,2009-12-23,1.24
NASDAQ,MICC,2008-05-29,2.4
NASDAQ,MOFG,2009-11-27,0.05
NASDAQ,MOFG,2009-08-28,0.05
NASDAQ,MOFG,2009-05-28,0.05
NASDAQ,MOFG,2009-02-26,0.153
NASDAQ,MOFG,2008-11-26,0.153
NASDAQ,MOFG,2008-08-27,0.153
NASDAQ,MOFG,2008-05-29,0.153
NASDAQ,MCBC,2008-06-09,0.13
NASDAQ,MCBC,2008-03-10,0.13
NASDAQ,MCBC,2007-12-06,0.13
NASDAQ,MCBC,2007-09-06,0.13
NASDAQ,MCBC,2007-06-07,0.13
NASDAQ,MCBC,2007-03-06,0.12381
NASDAQ,MCBC,2006-12-05,0.12381
NASDAQ,MCBC,2006-09-05,0.11429
NASDAQ,MCBC,2006-06-08,0.07619
NASDAQ,MCBC,2006-03-07,0.10885
NASDAQ,MCBC,2005-12-06,0.10885
NASDAQ,MCBC,2005-09-06,0.0907
NASDAQ,MCBC,2005-06-06,0.0907
NASDAQ,MCBC,2005-03-07,0.07887
NASDAQ,MCBC,2004-12-07,0.07887
NASDAQ,MCBC,2004-09-03,0.0631
NASDAQ,MCBC,2004-06-14,0.0631
NASDAQ,MCBC,2004-03-05,0.0601
NASDAQ,MCBC,2003-12-05,0.0601
NASDAQ,MCBC,2003-09-04,0.05009
NASDAQ,MCBC,2003-06-06,0.05009
NASDAQ,MCBC,2003-03-05,0.04769
NASDAQ,MCBC,2002-12-06,0.04769
NASDAQ,MCBC,2002-09-05,0.03816
NASDAQ,MCBC,2002-06-05,0.03816
NASDAQ,MCBC,2002-04-25,0.0372
NASDAQ,MCBC,2002-03-06,0.03669
NASDAQ,MCBC,2001-12-03,0.03669
NASDAQ,MCBC,2001-08-31,0.0321
NASDAQ,MCBC,2001-06-04,0.0321
NASDAQ,MCBC,2001-03-05,0.03117
NASDAQ,MCBC,2000-12-04,0.03117
NASDAQ,MAIN,2010-01-19,0.125
NASDAQ,MAIN,2010-01-04,0.125
NASDAQ,MAIN,2009-11-18,0.125
NASDAQ,MAIN,2009-10-19,0.125
NASDAQ,MAIN,2009-09-17,0.125
NASDAQ,MAIN,2009-08-18,0.125
NASDAQ,MAIN,2009-07-17,0.125
NASDAQ,MAIN,2009-06-17,0.125
NASDAQ,MAIN,2009-05-19,0.125
NASDAQ,MAIN,2009-04-17,0.125
NASDAQ,MAIN,2009-03-18,0.125
NASDAQ,MAIN,2009-02-18,0.125
NASDAQ,MAIN,2009-01-20,0.125
NASDAQ,MAIN,2008-12-17,0.125
NASDAQ,MAIN,2008-11-17,0.125
NASDAQ,MAIN,2008-10-15,0.125
NASDAQ,MAIN,2008-09-16,0.125
NASDAQ,MAIN,2008-08-12,0.36
NASDAQ,MAIN,2008-05-08,0.35
NASDAQ,MAIN,2008-02-13,0.34
NASDAQ,MAIN,2007-11-14,0.33
NASDAQ,MNRTA,2009-11-12,0.15
NASDAQ,MNRTA,2009-08-13,0.15
NASDAQ,MNRTA,2009-05-28,0.15
NASDAQ,MNRTA,2009-02-12,0.15
NASDAQ,MNRTA,2008-11-13,0.15
NASDAQ,MNRTA,2008-08-13,0.15
NASDAQ,MNRTA,2008-05-13,0.15
NASDAQ,MNRTA,2008-02-13,0.15
NASDAQ,MNRTA,2007-11-13,0.15
NASDAQ,MNRTA,2007-08-13,0.15
NASDAQ,MNRTA,2007-05-11,0.15
NASDAQ,MNRTA,2007-02-13,0.15
NASDAQ,MNRTA,2006-11-13,0.15
NASDAQ,MNRTA,2006-08-11,0.15
NASDAQ,MNRTA,2006-05-11,0.15
NASDAQ,MNRTA,2006-02-13,0.15
NASDAQ,MNRTA,2005-11-10,0.15
NASDAQ,MNRTA,2005-08-11,0.145
NASDAQ,MNRTA,2005-05-12,0.145
NASDAQ,MNRTA,2005-02-11,0.145
NASDAQ,MNRTA,2004-11-10,0.145
NASDAQ,MNRTA,2004-08-12,0.145
NASDAQ,MNRTA,2004-05-13,0.145
NASDAQ,MNRTA,2004-02-12,0.145
NASDAQ,MNRTA,2003-11-13,0.145
NASDAQ,MNRTA,2003-08-13,0.145
NASDAQ,MNRTA,2003-05-13,0.145
NASDAQ,MNRTA,2003-02-13,0.145
NASDAQ,MNRTA,2002-11-13,0.145
NASDAQ,MNRTA,2002-08-13,0.145
NASDAQ,MNRTA,2002-05-13,0.145
NASDAQ,MNRTA,2002-02-13,0.145
NASDAQ,MNRTA,2001-11-13,0.145
NASDAQ,MNRTA,2001-08-13,0.145
NASDAQ,MNRTA,2001-05-11,0.145
NASDAQ,MNRTA,2001-02-13,0.145
NASDAQ,MNRTA,2000-11-13,0.145
NASDAQ,MNRTA,2000-08-11,0.145
NASDAQ,MNRTA,2000-05-11,0.145
NASDAQ,MNRTA,2000-02-11,0.145
NASDAQ,MNRTA,1999-11-10,0.145
NASDAQ,MNRTA,1999-08-12,0.145
NASDAQ,MNRTA,1999-05-13,0.145
NASDAQ,MNRTA,1999-02-10,0.14
NASDAQ,MNRTA,1998-11-12,0.138
NASDAQ,MNRTA,1998-08-13,0.135
NASDAQ,MNRTA,1998-05-13,0.135
NASDAQ,MNRTA,1998-02-12,0.13
NASDAQ,MNRTA,1997-11-13,0.13
NASDAQ,MNRTA,1997-08-13,0.13
NASDAQ,MNRTA,1997-05-13,0.125
NASDAQ,MNRTA,1997-02-12,0.125
NASDAQ,MNRTA,1996-11-13,0.125
NASDAQ,MNRTA,1996-08-13,0.125
NASDAQ,MNRTA,1996-05-13,0.125
NASDAQ,MNRTA,1996-02-13,0.125
NASDAQ,MNRTA,1995-11-13,0.125
NASDAQ,MNRTA,1995-08-11,0.125
NASDAQ,MNRTA,1995-05-09,0.125
NASDAQ,MNRTA,1995-02-09,0.125
NASDAQ,MNRTA,1994-11-08,0.125
NASDAQ,MNRTA,1994-08-09,0.125
NASDAQ,MNRTA,1994-05-10,0.125
NASDAQ,MNRTA,1994-02-09,0.125
NASDAQ,MNRTA,1993-11-08,0.125
NASDAQ,MNRTA,1993-08-10,0.125
NASDAQ,MNRTA,1993-05-10,0.125
NASDAQ,MNRTA,1993-02-08,0.125
NASDAQ,MNRTA,1992-11-09,0.125
NASDAQ,MNRTA,1992-08-10,0.125
NASDAQ,MNRTA,1992-05-11,0.15
NASDAQ,MNRTA,1992-02-10,0.15
NASDAQ,MNRTA,1991-11-08,0.15
NASDAQ,MNRTA,1991-02-11,0.175
NASDAQ,MNRTA,1990-11-08,0.175
NASDAQ,MNRTA,1990-08-09,0.175
NASDAQ,MNRTA,1990-05-09,0.175
NASDAQ,MENT,1993-07-26,0.06
NASDAQ,MENT,1993-04-26,0.06
NASDAQ,MENT,1993-02-08,0.06
NASDAQ,MENT,1992-10-26,0.06
NASDAQ,MENT,1992-07-27,0.06
NASDAQ,MENT,1992-04-27,0.06
NASDAQ,MENT,1992-02-10,0.06
NASDAQ,MENT,1991-04-22,0.06
NASDAQ,MENT,1990-07-23,0.06
NASDAQ,MENT,1989-07-24,0.05
NASDAQ,MENT,1989-05-08,0.025
NASDAQ,MENT,1989-02-06,0.025
NASDAQ,MENT,1988-07-26,0.006
NASDAQ,MITSY,2006-09-27,2.414
NASDAQ,MITSY,2005-09-27,1.795
NASDAQ,MITSY,2005-03-28,0.951
NASDAQ,MITSY,2004-09-27,0.73
NASDAQ,MITSY,2004-03-26,0.721
NASDAQ,MITSY,2003-09-25,0.683
NASDAQ,MITSY,2003-03-26,0.68
NASDAQ,MITSY,2002-09-25,0.663
NASDAQ,MITSY,2002-03-26,0.624
NASDAQ,MITSY,2001-09-26,0.672
NASDAQ,MITSY,2001-03-27,0.678
NASDAQ,MITSY,2000-09-26,0.751
NASDAQ,MITSY,2000-03-28,0.731
NASDAQ,MITSY,1999-09-27,0.622
NASDAQ,MITSY,1999-03-26,0.268
NASDAQ,MITSY,1998-09-25,0.252
NASDAQ,MITSY,1998-03-26,0.262
NASDAQ,MITSY,1997-09-25,0.29
NASDAQ,MITSY,1997-03-25,0.288
NASDAQ,MITSY,1996-09-25,0.308
NASDAQ,MITSY,1996-03-27,0.308
NASDAQ,MPB,2009-08-03,0.16
NASDAQ,MPB,2009-05-04,0.16
NASDAQ,MPB,2009-02-09,0.2
NASDAQ,MPB,2008-11-03,0.2
NASDAQ,MPB,2008-08-04,0.2
NASDAQ,MPB,2008-05-05,0.2
NASDAQ,MPB,2008-02-04,0.2
NASDAQ,MPB,2007-11-05,0.2
NASDAQ,MPB,2007-08-06,0.2
NASDAQ,MPB,2007-05-07,5.2
NASDAQ,MPB,2007-02-05,0.19048
NASDAQ,MPB,2006-11-06,0.19048
NASDAQ,MPB,2006-08-07,0.19048
NASDAQ,MPB,2006-05-08,0.19048
NASDAQ,MPB,2006-02-06,0.19048
NASDAQ,MPB,2005-11-07,0.18141
NASDAQ,MPB,2005-08-08,0.18141
NASDAQ,MPB,2005-05-09,0.18141
NASDAQ,MPB,2005-02-07,0.18141
NASDAQ,MPB,2004-11-08,0.18141
NASDAQ,MPB,2004-08-09,0.18141
NASDAQ,MPB,2004-05-10,0.18141
NASDAQ,MPB,2004-02-09,1.08844
NASDAQ,MPB,2003-11-03,0.18141
NASDAQ,MPB,2003-08-04,0.18141
NASDAQ,MPB,2003-05-05,0.18141
NASDAQ,MPB,2003-02-03,0.17277
NASDAQ,MPB,2002-11-04,0.17277
NASDAQ,MPB,2002-08-05,0.17277
NASDAQ,MPB,2002-05-06,0.17277
NASDAQ,MPB,2002-02-04,0.17277
NASDAQ,MPB,2001-11-05,0.17277
NASDAQ,MPB,2001-08-06,0.17277
NASDAQ,MPB,2001-05-07,0.17277
NASDAQ,MPB,2001-02-05,0.17277
NASDAQ,MPB,2000-11-06,0.17277
NASDAQ,MPB,2000-08-07,0.17277
NASDAQ,MPB,2000-05-08,0.17277
NASDAQ,MPB,2000-02-07,0.17277
NASDAQ,MPB,1999-11-08,0.17277
NASDAQ,MPB,1999-08-09,0.16454
NASDAQ,MPB,1999-05-10,0.16454
NASDAQ,MPB,1999-02-08,1.39037
NASDAQ,MPB,1998-08-03,0.14886
NASDAQ,MPB,1998-05-04,0.14886
NASDAQ,MPB,1998-02-09,0.14886
NASDAQ,MAGS,2004-01-08,0.04762
NASDAQ,MAGS,2001-05-18,0.1167
NASDAQ,MAGS,2000-05-19,0.08977
NASDAQ,MBWM,2010-02-08,0.01
NASDAQ,MBWM,2009-11-06,0.01
NASDAQ,MBWM,2009-08-06,0.01
NASDAQ,MBWM,2009-05-06,0.01
NASDAQ,MBWM,2009-02-06,0.04
NASDAQ,MBWM,2008-11-06,0.04
NASDAQ,MBWM,2008-08-06,0.04
NASDAQ,MBWM,2008-05-07,0.08
NASDAQ,MBWM,2008-02-06,0.15
NASDAQ,MBWM,2007-11-07,0.14
NASDAQ,MBWM,2007-08-08,0.14
NASDAQ,MBWM,2007-05-08,0.14
NASDAQ,MBWM,2007-02-07,0.13333
NASDAQ,MBWM,2006-11-08,0.12381
NASDAQ,MBWM,2006-08-08,0.12381
NASDAQ,MBWM,2006-05-15,0.12381
NASDAQ,MBWM,2006-02-08,0.11429
NASDAQ,MBWM,2005-11-08,0.10476
NASDAQ,MBWM,2005-08-08,0.10476
NASDAQ,MBWM,2005-05-06,0.09977
NASDAQ,MBWM,2005-02-08,0.0907
NASDAQ,MBWM,2004-11-08,0.08163
NASDAQ,MBWM,2004-08-06,0.08163
NASDAQ,MBWM,2004-05-06,0.08163
NASDAQ,MBWM,2004-02-06,0.07774
NASDAQ,MBWM,2003-11-06,0.0691
NASDAQ,MBWM,2003-08-07,0.0691
NASDAQ,MBWM,2003-05-08,0.0691
NASDAQ,MBWM,2003-02-06,0.0691
NASDAQ,MBWM,2003-01-15,0.0691
NASDAQ,MFI,2010-01-28,0.05
NASDAQ,MFI,2009-10-28,0.05
NASDAQ,MFI,2009-07-28,0.05
NASDAQ,MFI,2009-04-28,0.05
NASDAQ,MFI,2008-12-31,0.05
NASDAQ,MFI,2008-11-03,0.05
NASDAQ,MFI,2008-08-01,0.05
NASDAQ,MFI,2008-05-01,0.05
NASDAQ,MFI,2007-12-27,0.05
NASDAQ,MFI,2007-09-26,0.05
NASDAQ,MFI,2007-06-27,0.05
NASDAQ,MFI,2007-03-28,0.05
NASDAQ,MFI,2006-12-27,0.05
NASDAQ,MFI,2006-09-27,0.05
NASDAQ,MFI,2006-06-28,0.05
NASDAQ,MFI,2006-03-29,0.05
NASDAQ,MFI,2005-12-28,0.05
NASDAQ,MFI,2005-10-27,0.05
NASDAQ,MFI,2005-07-27,0.05
NASDAQ,MFI,2005-04-27,0.05
NASDAQ,MFI,2005-02-07,0.05
NASDAQ,MFI,2002-10-01,0.05
NASDAQ,MFI,2002-06-26,0.05
NASDAQ,MFI,2002-03-26,0.05
NASDAQ,MFI,2001-12-27,0.05
NASDAQ,MFI,2001-09-26,0.05
NASDAQ,MFI,2001-06-27,0.05
NASDAQ,MFI,2001-03-28,0.045
NASDAQ,MFI,2000-12-27,0.045
NASDAQ,MFI,2000-09-27,0.045
NASDAQ,MFI,2000-06-28,0.045
NASDAQ,MFI,2000-03-29,0.04
NASDAQ,MFI,1999-12-29,0.04
NASDAQ,MFI,1999-09-29,0.04
NASDAQ,MFI,1999-06-28,0.04
NASDAQ,MFI,1999-04-06,0.035
NASDAQ,MLNK,1997-06-03,0.5469
NASDAQ,MOLX,2009-12-29,0.153
NASDAQ,MOLX,2009-09-28,0.153
NASDAQ,MOLX,2009-06-26,0.153
NASDAQ,MOLX,2009-03-27,0.153
NASDAQ,MOLX,2008-12-29,0.153
NASDAQ,MOLX,2008-09-26,0.153
NASDAQ,MOLX,2008-06-26,0.113
NASDAQ,MOLX,2008-03-27,0.113
NASDAQ,MOLX,2007-12-27,0.113
NASDAQ,MOLX,2007-09-26,0.113
NASDAQ,MOLX,2007-06-27,0.075
NASDAQ,MOLX,2007-03-28,0.075
NASDAQ,MOLX,2006-12-27,0.075
NASDAQ,MOLX,2006-09-27,0.075
NASDAQ,MOLX,2006-06-28,0.075
NASDAQ,MOLX,2006-03-29,0.05
NASDAQ,MOLX,2005-12-28,0.05
NASDAQ,MOLX,2005-09-28,0.05
NASDAQ,MOLX,2005-06-28,0.038
NASDAQ,MOLX,2005-03-29,0.038
NASDAQ,MOLX,2004-12-28,0.038
NASDAQ,MOLX,2004-09-28,0.038
NASDAQ,MOLX,2004-06-28,0.025
NASDAQ,MOLX,2004-03-29,0.025
NASDAQ,MOLX,2003-12-26,0.025
NASDAQ,MOLX,2003-09-26,0.025
NASDAQ,MOLX,2003-06-26,0.025
NASDAQ,MOLX,2003-03-31,0.025
NASDAQ,MOLX,2002-12-27,0.025
NASDAQ,MOLX,2002-09-26,0.025
NASDAQ,MOLX,2002-06-26,0.025
NASDAQ,MOLX,2002-03-26,0.025
NASDAQ,MOLX,2001-12-26,0.025
NASDAQ,MOLX,2001-09-26,0.025
NASDAQ,MOLX,2001-06-27,0.025
NASDAQ,MOLX,2001-03-28,0.025
NASDAQ,MOLX,2000-12-27,0.025
NASDAQ,MOLX,2000-09-27,0.025
NASDAQ,MOLX,2000-06-28,0.025
NASDAQ,MOLX,2000-03-29,0.025
NASDAQ,MOLX,1999-12-29,0.02
NASDAQ,MOLX,1999-09-28,0.02
NASDAQ,MOLX,1999-06-28,0.0128
NASDAQ,MOLX,1999-03-29,0.012
NASDAQ,MOLX,1998-12-29,0.012
NASDAQ,MOLX,1998-09-28,0.012
NASDAQ,MOLX,1998-06-26,0.012
NASDAQ,MOLX,1998-03-27,0.012
NASDAQ,MOLX,1997-12-29,0.012
NASDAQ,MOLX,1997-09-26,0.0096
NASDAQ,MOLX,1997-06-26,0.0096
NASDAQ,MOLX,1997-03-26,0.01024
NASDAQ,MOLX,1996-12-27,0.00768
NASDAQ,MOLX,1996-09-26,0.00768
NASDAQ,MOLX,1996-06-26,0.00768
NASDAQ,MOLX,1996-04-22,0.00768
NASDAQ,MOLX,1995-12-27,0.00768
NASDAQ,MOLX,1995-09-27,0.00768
NASDAQ,MOLX,1995-06-28,0.00512
NASDAQ,MOLX,1995-03-27,0.00512
NASDAQ,MOLX,1994-12-23,0.00512
NASDAQ,MOLX,1994-09-26,0.0041
NASDAQ,MOLX,1994-06-24,0.0041
NASDAQ,MOLX,1994-03-25,0.0041
NASDAQ,MOLX,1993-12-27,0.0041
NASDAQ,MOLX,1993-09-24,0.00286
NASDAQ,MOLX,1993-06-24,0.00286
NASDAQ,MOLX,1993-03-25,0.00286
NASDAQ,MOLX,1992-12-24,0.00286
NASDAQ,MOLX,1992-09-24,0.00154
NASDAQ,MOLX,1992-06-24,0.00154
NASDAQ,MOLX,1992-03-25,0.00154
NASDAQ,MOLX,1991-12-24,0.00154
NASDAQ,MOLX,1990-06-25,0.00107
NASDAQ,MMLP,2010-02-03,0.75
NASDAQ,MMLP,2009-11-04,0.75
NASDAQ,MMLP,2009-08-05,0.75
NASDAQ,MMLP,2009-05-06,0.75
NASDAQ,MMLP,2009-02-04,0.75
NASDAQ,MMLP,2008-11-05,0.75
NASDAQ,MMLP,2008-07-30,0.74
NASDAQ,MMLP,2008-04-30,0.72
NASDAQ,MMLP,2008-01-30,0.7
NASDAQ,MMLP,2007-10-29,0.68
NASDAQ,MMLP,2007-07-27,0.66
NASDAQ,MMLP,2007-04-27,0.64
NASDAQ,MMLP,2007-01-30,0.62
NASDAQ,MMLP,2006-10-27,0.61
NASDAQ,MMLP,2006-07-27,0.61
NASDAQ,MMLP,2006-04-27,0.61
NASDAQ,MMLP,2006-01-30,0.61
NASDAQ,MMLP,2005-11-01,0.57
NASDAQ,MMLP,2005-07-28,0.55
NASDAQ,MMLP,2005-04-27,0.535
NASDAQ,MMLP,2005-01-27,0.535
NASDAQ,MMLP,2004-10-28,0.525
NASDAQ,MMLP,2004-07-29,0.525
NASDAQ,MMLP,2004-04-28,0.525
NASDAQ,MMLP,2004-01-28,0.525
NASDAQ,MMLP,2003-10-29,0.5
NASDAQ,MMLP,2003-07-30,0.5
NASDAQ,MMLP,2003-04-30,0.5
NASDAQ,MMLP,2003-01-29,0.308
NASDAQ,MYGN,2009-07-01,1.75
NASDAQ,MYGN,2009-06-15,1.75
NASDAQ,MBRG,2009-11-10,0.1
NASDAQ,MBRG,2009-07-15,0.1
NASDAQ,MBRG,2009-05-04,0.19
NASDAQ,MBRG,2009-02-09,0.19
NASDAQ,MBRG,2008-10-06,0.19
NASDAQ,MBRG,2008-07-03,0.19
NASDAQ,MBRG,2008-04-03,0.19
NASDAQ,MBRG,2007-12-28,0.19
NASDAQ,MBRG,2007-09-27,0.19
NASDAQ,MBRG,2007-07-11,0.19
NASDAQ,MBRG,2007-04-02,0.19
NASDAQ,MBRG,2006-12-29,0.19
NASDAQ,MBRG,2006-09-25,0.19
NASDAQ,MBRG,2006-06-30,0.19
NASDAQ,MBRG,2006-04-03,0.19
NASDAQ,MBRG,2005-12-23,0.19
NASDAQ,MBRG,2005-10-03,0.19
NASDAQ,MBRG,2005-07-01,0.19
NASDAQ,MBRG,2005-04-04,0.19
NASDAQ,MBRG,2005-01-03,0.19
NASDAQ,MBRG,2004-09-27,0.19
NASDAQ,MBRG,2004-06-28,0.19
NASDAQ,MBRG,2004-04-05,0.19
NASDAQ,MBRG,2004-01-05,0.19
NASDAQ,MBRG,2003-09-29,0.19
NASDAQ,MBRG,2003-06-30,0.155
NASDAQ,MBRG,2003-03-31,0.155
NASDAQ,MBRG,2002-12-30,0.15
NASDAQ,MBRG,2002-09-30,0.15
NASDAQ,MBRG,2002-07-01,0.15
NASDAQ,MBRG,2002-04-01,0.15
NASDAQ,MBRG,2001-12-28,0.125
NASDAQ,MBRG,2001-10-01,0.125
NASDAQ,MBRG,2001-07-02,0.125
NASDAQ,MBRG,2001-04-02,0.125
NASDAQ,MCHX,2010-02-02,0.02
NASDAQ,MCHX,2009-11-04,0.02
NASDAQ,MCHX,2009-08-05,0.02
NASDAQ,MCHX,2009-04-30,0.02
NASDAQ,MCHX,2009-02-04,0.02
NASDAQ,MCHX,2008-11-04,0.02
NASDAQ,MCHX,2008-07-31,0.02
NASDAQ,MCHX,2008-04-30,0.02
NASDAQ,MCHX,2008-01-31,0.02
NASDAQ,MCHX,2007-10-31,0.02
NASDAQ,MCHX,2007-08-01,0.02
NASDAQ,MCHX,2007-05-02,0.02
NASDAQ,MCHX,2007-01-31,0.02
NASDAQ,MSEX,2009-11-10,0.18
NASDAQ,MSEX,2009-08-12,0.178
NASDAQ,MSEX,2009-05-13,0.178
NASDAQ,MSEX,2009-02-11,0.178
NASDAQ,MSEX,2008-11-12,0.178
NASDAQ,MSEX,2008-08-13,0.175
NASDAQ,MSEX,2008-05-13,0.175
NASDAQ,MSEX,2008-02-13,0.175
NASDAQ,MSEX,2007-11-13,0.175
NASDAQ,MSEX,2007-08-13,0.173
NASDAQ,MSEX,2007-05-11,0.173
NASDAQ,MSEX,2006-11-13,0.173
NASDAQ,MSEX,2006-08-11,0.17
NASDAQ,MSEX,2006-05-11,0.17
NASDAQ,MSEX,2006-02-13,0.17
NASDAQ,MSEX,2005-11-10,0.17
NASDAQ,MSEX,2005-08-11,0.168
NASDAQ,MSEX,2005-05-11,0.168
NASDAQ,MSEX,2005-02-11,0.168
NASDAQ,MSEX,2004-11-10,0.168
NASDAQ,MSEX,2004-08-11,0.165
NASDAQ,MSEX,2004-05-12,0.165
NASDAQ,MSEX,2004-02-12,0.165
NASDAQ,MSEX,2003-11-12,0.12375
NASDAQ,MSEX,2003-08-13,0.16125
NASDAQ,MSEX,2003-05-13,0.16125
NASDAQ,MSEX,2003-02-12,0.16125
NASDAQ,MSEX,2002-11-13,0.16125
NASDAQ,MSEX,2002-08-13,0.1575
NASDAQ,MSEX,2002-05-13,0.1575
NASDAQ,MSEX,2002-02-13,0.1575
NASDAQ,MSEX,2001-11-13,0.1575
NASDAQ,MSEX,2001-08-13,0.155
NASDAQ,MSEX,2001-05-11,0.155
NASDAQ,MSEX,2001-02-13,0.155
NASDAQ,MSEX,2000-11-13,0.155
NASDAQ,MSEX,2000-08-11,0.1525
NASDAQ,MSEX,2000-05-11,0.1525
NASDAQ,MSEX,2000-02-11,0.1525
NASDAQ,MSEX,1999-11-10,0.1525
NASDAQ,MSEX,1999-08-12,0.1475
NASDAQ,MSEX,1999-05-12,0.1475
NASDAQ,MSEX,1999-02-11,0.1475
NASDAQ,MSEX,1998-11-12,0.1475
NASDAQ,MSEX,1998-08-12,0.1425
NASDAQ,MSEX,1998-05-13,0.1425
NASDAQ,MSEX,1998-02-12,0.1425
NASDAQ,MSEX,1997-11-12,0.1425
NASDAQ,MSEX,1997-08-13,0.14
NASDAQ,MSEX,1997-05-13,0.14
NASDAQ,MSEX,1997-02-12,0.14
NASDAQ,MSEX,1996-11-13,0.14
NASDAQ,MSEX,1996-08-13,0.1375
NASDAQ,MSEX,1996-05-13,0.1375
NASDAQ,MSEX,1996-02-13,0.1375
NASDAQ,MSEX,1995-11-13,0.1375
NASDAQ,MSEX,1995-08-11,0.135
NASDAQ,MSEX,1995-05-09,0.135
NASDAQ,MSEX,1995-02-09,0.135
NASDAQ,MSEX,1994-11-08,0.135
NASDAQ,MSEX,1994-08-09,0.131
NASDAQ,MSEX,1994-05-10,0.131
NASDAQ,MSEX,1994-02-09,0.131
NASDAQ,MSEX,1993-11-08,0.131
NASDAQ,MSEX,1993-08-10,0.125
NASDAQ,MSEX,1993-05-10,0.125
NASDAQ,MSEX,1993-02-08,0.125
NASDAQ,MSEX,1993-01-11,0.125
NASDAQ,MSEX,1992-11-06,0.125
NASDAQ,MSEX,1992-08-10,0.12
NASDAQ,MSEX,1992-05-11,0.12
NASDAQ,MSEX,1992-02-10,0.12
NASDAQ,MSEX,1991-11-08,0.12
NASDAQ,MSEX,1991-08-09,0.1175
NASDAQ,MSEX,1991-05-09,0.1175
NASDAQ,MSEX,1991-02-11,0.1175
NASDAQ,MSEX,1990-11-08,0.1175
NASDAQ,MSEX,1990-08-09,0.115
NASDAQ,MSEX,1990-05-09,0.115
NASDAQ,MLHR,2009-11-24,0.022
NASDAQ,MLHR,2009-08-26,0.022
NASDAQ,MLHR,2009-05-27,0.022
NASDAQ,MLHR,2009-02-25,0.088
NASDAQ,MLHR,2008-11-25,0.088
NASDAQ,MLHR,2008-08-27,0.088
NASDAQ,MLHR,2008-05-28,0.088
NASDAQ,MLHR,2008-02-27,0.088
NASDAQ,MLHR,2007-11-28,0.088
NASDAQ,MLHR,2007-08-29,0.088
NASDAQ,MLHR,2007-05-30,0.088
NASDAQ,MLHR,2007-02-28,0.08
NASDAQ,MLHR,2006-11-29,0.08
NASDAQ,MLHR,2006-08-30,0.08
NASDAQ,MLHR,2006-05-31,0.08
NASDAQ,MLHR,2006-03-01,0.08
NASDAQ,MLHR,2005-11-30,0.073
NASDAQ,MLHR,2005-08-31,0.073
NASDAQ,MLHR,2005-05-25,0.073
NASDAQ,MLHR,2005-02-23,0.073
NASDAQ,MLHR,2004-11-23,0.073
NASDAQ,MLHR,2004-08-25,0.073
NASDAQ,MLHR,2004-05-26,0.073
NASDAQ,MLHR,2004-02-25,0.036
NASDAQ,MLHR,2003-11-25,0.036
NASDAQ,MLHR,2003-08-27,0.036
NASDAQ,MLHR,2003-05-28,0.036
NASDAQ,MLHR,2003-02-26,0.036
NASDAQ,MLHR,2002-11-26,0.036
NASDAQ,MLHR,2002-08-28,0.036
NASDAQ,MLHR,2002-05-29,0.036
NASDAQ,MLHR,2002-02-27,0.036
NASDAQ,MLHR,2001-11-28,0.036
NASDAQ,MLHR,2001-08-29,0.036
NASDAQ,MLHR,2001-05-30,0.036
NASDAQ,MLHR,2001-02-28,0.036
NASDAQ,MLHR,2000-11-29,0.036
NASDAQ,MLHR,2000-08-30,0.036
NASDAQ,MLHR,2000-05-31,0.036
NASDAQ,MLHR,2000-03-01,0.036
NASDAQ,MLHR,1999-12-01,0.038
NASDAQ,MLHR,1999-09-01,0.038
NASDAQ,MLHR,1999-05-26,0.038
NASDAQ,MLHR,1999-02-24,0.038
NASDAQ,MLHR,1998-11-24,0.038
NASDAQ,MLHR,1998-08-26,0.038
NASDAQ,MLHR,1998-05-27,0.038
NASDAQ,MLHR,1998-02-25,0.036
NASDAQ,MLHR,1997-11-05,0.036
NASDAQ,MLHR,1997-08-27,0.036
NASDAQ,MLHR,1997-05-28,0.036
NASDAQ,MLHR,1997-02-26,0.0325
NASDAQ,MLHR,1996-11-26,0.0325
NASDAQ,MLHR,1996-08-28,0.0325
NASDAQ,MLHR,1996-05-29,0.0325
NASDAQ,MLHR,1996-02-28,0.0325
NASDAQ,MLHR,1995-12-14,0.0325
NASDAQ,MLHR,1995-08-30,0.0325
NASDAQ,MLHR,1995-05-26,0.0325
NASDAQ,MLHR,1995-02-27,0.0325
NASDAQ,MLHR,1994-11-28,0.0325
NASDAQ,MLHR,1994-08-29,0.0325
NASDAQ,MLHR,1994-05-23,0.0325
NASDAQ,MLHR,1994-02-18,0.0325
NASDAQ,MLHR,1993-11-19,0.0325
NASDAQ,MLHR,1993-08-23,0.0325
NASDAQ,MLHR,1993-05-24,0.0325
NASDAQ,MLHR,1993-02-22,0.0325
NASDAQ,MLHR,1992-11-20,0.0325
NASDAQ,MLHR,1992-08-25,0.0325
NASDAQ,MLHR,1992-05-22,0.0325
NASDAQ,MLHR,1992-02-24,0.0325
NASDAQ,MLHR,1991-11-22,0.0325
NASDAQ,MLHR,1991-08-26,0.0325
NASDAQ,MLHR,1991-05-24,0.0325
NASDAQ,MLHR,1991-02-25,0.0325
NASDAQ,MLHR,1990-11-26,0.0325
NASDAQ,MLHR,1990-08-27,0.0325
NASDAQ,MLHR,1990-05-25,0.0325
NASDAQ,MLVF,2009-12-29,0.03
NASDAQ,MLVF,2009-09-28,0.03
NASDAQ,MLVF,2009-06-26,0.03
NASDAQ,MLVF,2009-03-27,0.04
NASDAQ,MLVF,2008-12-29,0.04
NASDAQ,MLVF,2008-09-26,0.04
