exchange,stock_symbol,date,dividends
NASDAQ,JAX,2007-12-27,0.1
NASDAQ,JAX,2006-12-22,0.1
NASDAQ,JAX,2005-12-22,0.1
NASDAQ,JXSB,2009-12-21,0.075
NASDAQ,JXSB,2009-09-23,0.075
NASDAQ,JXSB,2009-06-24,0.075
NASDAQ,JXSB,2009-03-25,0.075
NASDAQ,JXSB,2008-12-17,0.075
NASDAQ,JXSB,2008-09-24,0.075
NASDAQ,JXSB,2008-06-23,0.075
NASDAQ,JXSB,2008-03-26,0.075
NASDAQ,JXSB,2007-12-19,0.075
NASDAQ,JXSB,2007-09-26,0.075
NASDAQ,JXSB,2007-06-27,0.075
NASDAQ,JXSB,2007-03-28,0.075
NASDAQ,JXSB,2006-12-20,0.075
NASDAQ,JXSB,2006-09-27,0.075
NASDAQ,JXSB,2006-06-28,0.075
NASDAQ,JXSB,2006-03-29,0.075
NASDAQ,JXSB,2005-12-28,0.075
NASDAQ,JXSB,2005-09-28,0.075
NASDAQ,JXSB,2005-06-29,0.075
NASDAQ,JXSB,2005-03-22,0.075
NASDAQ,JXSB,2004-12-22,0.075
NASDAQ,JXSB,2004-09-29,0.075
NASDAQ,JXSB,2004-06-23,0.075
NASDAQ,JXSB,2004-03-24,0.075
NASDAQ,JXSB,2003-12-22,0.075
NASDAQ,JXSB,2003-09-29,0.075
NASDAQ,JXSB,2003-06-23,0.075
NASDAQ,JXSB,2003-03-24,0.075
NASDAQ,JXSB,2002-09-23,0.075
NASDAQ,JXSB,2002-06-24,0.075
NASDAQ,JXSB,2002-03-25,0.075
NASDAQ,JXSB,2001-12-21,0.075
NASDAQ,JXSB,2001-09-24,0.075
NASDAQ,JXSB,2001-06-25,0.075
NASDAQ,JXSB,2001-03-26,0.075
NASDAQ,JXSB,2001-01-10,0.075
NASDAQ,JXSB,2000-06-26,0.075
NASDAQ,JXSB,2000-03-27,0.075
NASDAQ,JXSB,1999-12-27,0.075
NASDAQ,JXSB,1999-09-27,0.075
NASDAQ,JXSB,1999-06-21,0.076
NASDAQ,JXSB,1999-03-22,0.075
NASDAQ,JXSB,1998-12-21,0.075
NASDAQ,JXSB,1998-09-21,0.075
NASDAQ,JXSB,1998-06-22,0.075
NASDAQ,JXSB,1998-03-23,0.075
NASDAQ,JXSB,1998-01-09,0.075
NASDAQ,JXSB,1997-12-22,0.06667
NASDAQ,JXSB,1997-09-22,0.06667
NASDAQ,JXSB,1997-06-23,0.06667
NASDAQ,JXSB,1997-03-21,0.06667
NASDAQ,JXSB,1996-12-20,0.06667
NASDAQ,JXSB,1996-09-23,0.06667
NASDAQ,JXSB,1996-06-24,0.06667
NASDAQ,JXSB,1996-03-25,0.06667
NASDAQ,JXSB,1995-12-22,0.06667
NASDAQ,JXSB,1995-10-04,0.06667
NASDAQ,JXSB,1995-06-26,0.06667
NASDAQ,JFBI,2009-11-05,0.03
NASDAQ,JFBI,2009-06-30,0.06
NASDAQ,JFBI,2009-03-27,0.06
NASDAQ,JFBI,2008-12-29,0.06
NASDAQ,JFBI,2008-09-26,0.06
NASDAQ,JFBI,2008-06-26,0.06
NASDAQ,JFBI,2008-03-27,0.06
NASDAQ,JFBI,2007-12-27,0.06
NASDAQ,JFBI,2007-09-26,0.06
NASDAQ,JFBI,2007-06-27,0.06
NASDAQ,JFBI,2007-03-28,0.06
NASDAQ,JFBI,2006-12-27,0.06
NASDAQ,JFBI,2006-09-27,0.06
NASDAQ,JFBI,2006-06-28,0.085
NASDAQ,JFBI,2006-03-29,0.06
NASDAQ,JFBI,2005-12-28,0.06
NASDAQ,JFBI,2005-09-28,0.06
NASDAQ,JFBI,2005-06-28,0.1
NASDAQ,JFBI,2005-03-29,0.05
NASDAQ,JFBI,2004-12-29,0.05
NASDAQ,JFBI,2004-09-28,0.05
NASDAQ,JFBI,2004-06-28,0.09
NASDAQ,JFBI,2004-03-29,0.04
NASDAQ,JFBI,2003-12-29,0.04
NASDAQ,JFBI,2003-09-26,0.04
NASDAQ,JFBC,2009-11-18,0.13
NASDAQ,JFBC,2009-08-19,0.13
NASDAQ,JFBC,2009-05-20,0.13
NASDAQ,JFBC,2009-02-18,0.13
NASDAQ,JFBC,2008-11-18,0.13
NASDAQ,JFBC,2008-08-20,0.13
NASDAQ,JFBC,2008-05-21,0.13
NASDAQ,JFBC,2008-02-15,0.13
NASDAQ,JFBC,2007-11-19,0.14
NASDAQ,JFBC,2007-08-20,0.12
NASDAQ,JFBC,2007-05-15,0.12
NASDAQ,JFBC,2007-02-15,0.12
NASDAQ,JFBC,2006-11-20,0.15
NASDAQ,JFBC,2006-08-15,0.11
NASDAQ,JFBC,2006-05-12,0.11
NASDAQ,JFBC,2006-02-16,0.11
NASDAQ,JFBC,2005-11-16,0.14
NASDAQ,JFBC,2005-08-17,0.1
NASDAQ,JFBC,2005-05-18,0.1
NASDAQ,JFBC,2005-02-16,0.1
NASDAQ,JFBC,2004-11-17,0.13
NASDAQ,JFBC,2004-08-16,0.09
NASDAQ,JFBC,2004-05-19,0.09
NASDAQ,JFBC,2004-02-17,0.09
NASDAQ,JFBC,2003-11-18,0.1
NASDAQ,JOUT,2008-10-14,0.055
NASDAQ,JOUT,2008-07-08,0.055
NASDAQ,JOUT,2008-04-08,0.055
NASDAQ,JOUT,2008-01-08,0.055
NASDAQ,JOUT,2007-10-09,0.055
NASDAQ,JOUT,2007-07-10,0.055
NASDAQ,JJSF,2009-12-11,0.108
NASDAQ,JJSF,2009-09-11,0.098
NASDAQ,JJSF,2009-06-15,0.098
NASDAQ,JJSF,2009-03-12,0.098
NASDAQ,JJSF,2008-12-11,0.098
NASDAQ,JJSF,2008-09-11,0.093
NASDAQ,JJSF,2008-06-12,0.093
NASDAQ,JJSF,2008-03-13,0.093
NASDAQ,JJSF,2007-12-12,0.093
NASDAQ,JJSF,2007-09-13,0.085
NASDAQ,JJSF,2007-06-13,0.085
NASDAQ,JJSF,2007-03-13,0.085
NASDAQ,JJSF,2006-12-13,0.085
NASDAQ,JJSF,2006-09-13,0.075
NASDAQ,JJSF,2006-06-13,0.075
NASDAQ,JJSF,2006-03-13,0.075
NASDAQ,JJSF,2005-12-13,0.0375
NASDAQ,JJSF,2005-09-13,0.0625
NASDAQ,JJSF,2005-06-13,0.0625
NASDAQ,JJSF,2005-03-11,0.0625
NASDAQ,JJSF,2004-12-13,0.0625
NASDAQ,JOYG,2009-12-02,0.175
NASDAQ,JOYG,2009-09-02,0.175
NASDAQ,JOYG,2009-06-03,0.175
NASDAQ,JOYG,2009-03-03,0.175
NASDAQ,JOYG,2008-12-03,0.175
NASDAQ,JOYG,2008-09-03,0.175
NASDAQ,JOYG,2008-06-03,0.15
NASDAQ,JOYG,2008-03-03,0.15
NASDAQ,JOYG,2007-12-03,0.15
NASDAQ,JOYG,2007-08-31,0.15
NASDAQ,JOYG,2007-06-01,0.15
NASDAQ,JOYG,2007-03-01,0.15
NASDAQ,JOYG,2006-12-01,0.15
NASDAQ,JOYG,2006-09-06,0.113
NASDAQ,JOYG,2006-06-07,0.113
NASDAQ,JOYG,2006-03-07,0.113
NASDAQ,JOYG,2005-12-13,0.075
NASDAQ,JOYG,2005-09-02,0.07533
NASDAQ,JOYG,2005-06-07,0.07533
NASDAQ,JOYG,2005-03-04,0.07533
NASDAQ,JOYG,2004-11-29,0.05022
NASDAQ,JOYG,2004-09-07,0.03333
NASDAQ,JOYG,2004-06-07,0.03333
NASDAQ,JOYG,2004-03-05,0.03333
NASDAQ,JOYG,2003-12-24,0.02222
NASDAQ,JBSS,1993-11-19,0.012
NASDAQ,JBSS,1992-11-02,0.012
NASDAQ,JKHY,2009-11-24,0.085
NASDAQ,JKHY,2009-09-02,0.085
NASDAQ,JKHY,2009-05-14,0.085
NASDAQ,JKHY,2009-02-23,0.085
NASDAQ,JKHY,2008-11-25,0.075
NASDAQ,JKHY,2008-09-03,0.075
NASDAQ,JKHY,2008-05-15,0.075
NASDAQ,JKHY,2008-02-14,0.075
NASDAQ,JKHY,2007-11-09,0.065
NASDAQ,JKHY,2007-09-05,0.065
NASDAQ,JKHY,2007-05-17,0.065
NASDAQ,JKHY,2007-02-15,0.065
NASDAQ,JKHY,2006-11-14,0.055
NASDAQ,JKHY,2006-09-06,0.055
NASDAQ,JKHY,2006-05-11,0.055
NASDAQ,JKHY,2006-02-14,0.055
NASDAQ,JKHY,2005-11-14,0.045
NASDAQ,JKHY,2005-09-06,0.045
NASDAQ,JKHY,2005-05-05,0.045
NASDAQ,JKHY,2005-02-10,0.045
NASDAQ,JKHY,2004-11-12,0.04
NASDAQ,JKHY,2004-09-03,0.04
NASDAQ,JKHY,2004-05-04,0.04
NASDAQ,JKHY,2004-02-09,0.04
NASDAQ,JKHY,2003-11-14,0.035
NASDAQ,JKHY,2003-09-03,0.035
NASDAQ,JKHY,2003-04-29,0.035
NASDAQ,JKHY,2003-02-10,0.035
NASDAQ,JKHY,2002-11-15,0.035
NASDAQ,JKHY,2002-09-04,0.035
NASDAQ,JKHY,2002-04-30,0.035
NASDAQ,JKHY,2002-02-11,0.035
NASDAQ,JKHY,2001-11-16,0.03
NASDAQ,JKHY,2001-09-04,0.03
NASDAQ,JKHY,2001-05-01,0.03
NASDAQ,JKHY,2001-02-12,0.03
NASDAQ,JKHY,2000-11-17,0.025
NASDAQ,JKHY,2000-09-05,0.025
NASDAQ,JKHY,2000-05-02,0.025
NASDAQ,JKHY,2000-02-14,0.025
NASDAQ,JKHY,1999-11-16,0.02
NASDAQ,JKHY,1999-09-02,0.02
NASDAQ,JKHY,1999-05-03,0.02
NASDAQ,JKHY,1999-02-12,0.02
NASDAQ,JKHY,1998-11-17,0.01625
NASDAQ,JKHY,1998-09-03,0.01625
NASDAQ,JKHY,1998-05-08,0.01625
NASDAQ,JKHY,1998-02-17,0.01625
NASDAQ,JKHY,1997-11-14,0.01375
NASDAQ,JKHY,1997-09-04,0.01375
NASDAQ,JKHY,1997-05-12,0.01375
NASDAQ,JKHY,1997-02-19,0.01333
NASDAQ,JKHY,1996-11-15,0.01167
NASDAQ,JKHY,1996-09-05,0.01167
NASDAQ,JKHY,1996-05-09,0.01167
NASDAQ,JKHY,1996-02-20,0.01167
NASDAQ,JKHY,1995-11-17,0.00967
NASDAQ,JKHY,1995-09-06,0.00967
NASDAQ,JKHY,1995-05-08,0.00967
NASDAQ,JKHY,1995-02-16,0.00967
NASDAQ,JKHY,1994-11-16,0.00833
NASDAQ,JKHY,1994-09-01,0.00833
NASDAQ,JKHY,1994-05-06,0.00833
NASDAQ,JKHY,1994-02-14,0.0075
NASDAQ,JKHY,1993-11-17,0.0075
NASDAQ,JKHY,1993-08-31,0.0075
NASDAQ,JKHY,1993-05-03,0.0075
NASDAQ,JKHY,1993-02-12,0.00666
NASDAQ,JKHY,1992-11-04,0.00666
NASDAQ,JKHY,1992-09-01,0.00666
NASDAQ,JKHY,1992-05-06,0.00583
NASDAQ,JKHY,1992-02-06,0.00583
NASDAQ,JKHY,1991-11-26,0.00556
NASDAQ,JKHY,1991-09-05,0.00556
NASDAQ,JKHY,1991-05-07,0.00445
NASDAQ,JBHT,2009-11-12,0.11
NASDAQ,JBHT,2009-07-29,0.11
NASDAQ,JBHT,2009-05-13,0.11
NASDAQ,JBHT,2009-02-10,0.11
NASDAQ,JBHT,2008-11-12,0.1
NASDAQ,JBHT,2008-07-30,0.1
NASDAQ,JBHT,2008-05-08,0.1
NASDAQ,JBHT,2008-02-05,0.1
NASDAQ,JBHT,2007-11-13,0.09
NASDAQ,JBHT,2007-07-31,0.09
NASDAQ,JBHT,2007-05-09,0.09
NASDAQ,JBHT,2007-02-05,0.09
NASDAQ,JBHT,2006-11-03,0.08
NASDAQ,JBHT,2006-07-31,0.08
NASDAQ,JBHT,2006-04-27,0.08
NASDAQ,JBHT,2006-01-30,0.08
NASDAQ,JBHT,2006-01-27,0.0
NASDAQ,JBHT,2005-11-03,0.06
NASDAQ,JBHT,2005-07-29,0.06
NASDAQ,JBHT,2005-04-28,0.06
NASDAQ,JBHT,2005-01-27,0.06
NASDAQ,JBHT,2004-11-03,0.015
NASDAQ,JBHT,2004-08-04,0.015
NASDAQ,JBHT,2004-05-04,0.015
NASDAQ,JBHT,2000-02-01,0.0125
NASDAQ,JBHT,1999-10-29,0.0125
NASDAQ,JBHT,1999-07-29,0.0125
NASDAQ,JBHT,1999-04-29,0.0125
NASDAQ,JBHT,1999-02-08,0.0125
NASDAQ,JBHT,1998-10-30,0.0125
NASDAQ,JBHT,1998-07-30,0.0125
NASDAQ,JBHT,1998-04-29,0.0125
NASDAQ,JBHT,1998-01-30,0.0125
NASDAQ,JBHT,1997-10-30,0.0125
NASDAQ,JBHT,1997-07-30,0.0125
NASDAQ,JBHT,1997-04-30,0.0125
NASDAQ,JBHT,1997-01-30,0.0125
NASDAQ,JBHT,1996-10-31,0.0125
NASDAQ,JBHT,1996-07-31,0.0125
NASDAQ,JBHT,1996-05-01,0.0125
NASDAQ,JBHT,1996-01-31,0.0125
NASDAQ,JBHT,1995-11-01,0.0125
NASDAQ,JBHT,1995-07-31,0.0125
NASDAQ,JBHT,1995-04-27,0.0125
NASDAQ,JBHT,1995-01-30,0.0125
NASDAQ,JBHT,1994-10-31,0.0125
NASDAQ,JBHT,1994-07-27,0.0125
NASDAQ,JBHT,1994-04-28,0.0125
NASDAQ,JBHT,1993-10-29,0.0125
NASDAQ,JBHT,1993-07-27,0.0125
NASDAQ,JBHT,1993-04-20,0.0125
NASDAQ,JBHT,1993-01-28,0.0125
NASDAQ,JBHT,1992-11-02,0.0125
NASDAQ,JBHT,1992-07-28,0.0125
NASDAQ,JBHT,1992-04-28,0.0125
NASDAQ,JBHT,1992-01-29,0.01167
NASDAQ,JBHT,1991-11-04,0.01167
NASDAQ,JBHT,1991-07-29,0.01167
NASDAQ,JBHT,1991-04-29,0.01167
NASDAQ,JBHT,1991-01-31,0.01167
NASDAQ,JBHT,1990-07-30,0.01
NASDAQ,JCS,2009-12-11,0.14
NASDAQ,JCS,2009-09-11,0.14
NASDAQ,JCS,2009-06-11,0.14
NASDAQ,JCS,2009-03-13,0.12
NASDAQ,JCS,2008-12-11,0.12
NASDAQ,JCS,2008-09-12,0.12
NASDAQ,JCS,2008-06-12,0.12
NASDAQ,JCS,2008-03-13,0.12
NASDAQ,JCS,2007-12-14,0.12
NASDAQ,JCS,2007-09-12,0.12
NASDAQ,JCS,2007-06-20,0.1
NASDAQ,JCS,2007-03-14,0.1
NASDAQ,JCS,2006-12-14,0.1
NASDAQ,JCS,2006-09-14,0.09
NASDAQ,JCS,2006-06-14,0.09
NASDAQ,JCS,2006-03-15,0.08
NASDAQ,JCS,2005-12-14,0.08
NASDAQ,JCS,2005-09-15,0.07
NASDAQ,JCS,2005-06-15,0.07
NASDAQ,JCS,2005-03-16,0.07
NASDAQ,JCS,2004-12-15,0.06
NASDAQ,JCS,2004-09-15,0.05
NASDAQ,JCS,2004-06-15,0.04
NASDAQ,JCS,2004-03-17,0.04
NASDAQ,JCS,2003-12-12,0.04
NASDAQ,JCS,2003-09-17,0.04
NASDAQ,JCS,2003-06-16,0.04
NASDAQ,JCS,2003-03-14,0.04
NASDAQ,JCS,2002-12-18,0.04
NASDAQ,JCS,2001-06-20,0.1
NASDAQ,JCS,2001-03-20,0.1
NASDAQ,JCS,2000-12-14,0.1
NASDAQ,JCS,2000-09-14,0.1
NASDAQ,JCS,2000-06-19,0.1
NASDAQ,JCS,2000-03-15,0.1
NASDAQ,JCS,1999-12-15,0.1
NASDAQ,JCS,1999-09-15,0.1
NASDAQ,JCS,1999-06-16,0.1
NASDAQ,JCS,1999-03-17,0.1
NASDAQ,JCS,1998-12-16,0.1
NASDAQ,JCS,1998-09-16,0.1
NASDAQ,JCS,1998-06-17,0.1
NASDAQ,JCS,1998-03-18,0.09
NASDAQ,JCS,1997-12-17,0.09
NASDAQ,JCS,1997-09-17,0.09
NASDAQ,JCS,1997-06-18,0.09
NASDAQ,JCS,1997-03-19,0.08
NASDAQ,JCS,1996-12-18,0.08
NASDAQ,JCS,1996-09-18,0.08
NASDAQ,JCS,1996-06-14,0.08
NASDAQ,JCS,1996-03-14,0.07
NASDAQ,JCS,1995-12-20,0.07
NASDAQ,JCS,1995-09-20,0.07
NASDAQ,JCS,1995-06-14,0.07
NASDAQ,JCS,1995-03-13,0.06
NASDAQ,JCS,1994-12-19,0.06
NASDAQ,JCS,1994-09-19,0.06
NASDAQ,JCS,1994-06-13,0.06
NASDAQ,JCS,1994-03-14,0.05
NASDAQ,JCS,1993-12-17,0.05
NASDAQ,JCS,1993-09-16,0.05
NASDAQ,JCS,1993-06-14,0.05
NASDAQ,JCS,1993-03-15,0.045
NASDAQ,JCS,1992-12-15,0.045
NASDAQ,JCS,1992-09-17,0.045
NASDAQ,JCS,1992-06-15,0.045
NASDAQ,JCS,1992-03-16,0.04
NASDAQ,JCS,1991-12-16,0.04
NASDAQ,JCS,1991-09-16,0.04
NASDAQ,JCS,1991-03-18,0.035
NASDAQ,JCS,1990-12-17,0.03
NASDAQ,JCS,1990-09-17,0.03
NASDAQ,JST,2009-06-26,0.12
NASDAQ,JST,2009-02-18,0.12
NASDAQ,JST,2008-06-30,0.12
NASDAQ,JST,2008-02-04,0.12
NASDAQ,JST,2007-06-28,0.12
NASDAQ,JST,2007-02-06,0.12
NASDAQ,JST,2006-08-08,0.12
NASDAQ,JST,2006-02-08,0.12
NASDAQ,JST,2005-08-10,0.1
NASDAQ,JST,2005-02-18,0.1
NASDAQ,JST,2004-07-01,0.1
NASDAQ,JST,2004-01-06,0.1
NASDAQ,JST,2003-08-13,0.025
