exchange,stock_symbol,date,dividends
NASDAQ,BDMS,2009-12-22,0.17
NASDAQ,BDMS,2009-09-23,0.17
NASDAQ,BDMS,2009-06-24,0.17
NASDAQ,BDMS,2009-03-25,0.17
NASDAQ,BDMS,2008-12-23,0.17
NASDAQ,BDMS,2008-09-24,0.17
NASDAQ,BDMS,2008-06-25,0.17
NASDAQ,BDMS,2008-03-26,0.17
NASDAQ,BDMS,2007-12-26,0.15
NASDAQ,BDMS,2007-09-26,0.15
NASDAQ,BDMS,2007-06-27,0.15
NASDAQ,BDMS,2007-03-28,0.15
NASDAQ,BDMS,2006-12-28,0.13
NASDAQ,BDMS,2006-12-27,0.13
NASDAQ,BDMS,2006-09-27,0.13
NASDAQ,BDMS,2006-06-28,0.13
NASDAQ,BDMS,2006-03-29,0.13
NASDAQ,BDMS,2005-12-28,0.1
NASDAQ,BDMS,2005-09-28,0.1
NASDAQ,BDMS,2005-06-28,0.1
NASDAQ,BDMS,2005-03-29,0.1
NASDAQ,BDMS,2004-12-29,0.0375
NASDAQ,BDMS,2004-09-28,0.0375
NASDAQ,BDMS,2004-06-28,0.0375
NASDAQ,BDMS,2004-03-29,0.0375
NASDAQ,BMTC,2010-02-04,0.14
NASDAQ,BMTC,2009-11-06,0.14
NASDAQ,BMTC,2009-08-12,0.14
NASDAQ,BMTC,2009-05-05,0.14
NASDAQ,BMTC,2009-02-05,0.14
NASDAQ,BMTC,2008-11-06,0.14
NASDAQ,BMTC,2008-08-04,0.14
NASDAQ,BMTC,2008-05-02,0.13
NASDAQ,BMTC,2008-02-07,0.13
NASDAQ,BMTC,2007-11-01,0.13
NASDAQ,BMTC,2007-08-02,0.13
NASDAQ,BMTC,2007-05-03,0.12
NASDAQ,BMTC,2007-02-01,0.12
NASDAQ,BMTC,2006-11-02,0.12
NASDAQ,BMTC,2006-08-03,0.12
NASDAQ,BMTC,2006-05-03,0.11
NASDAQ,BMTC,2006-02-02,0.11
NASDAQ,BMTC,2005-10-27,0.11
NASDAQ,BMTC,2005-07-28,0.11
NASDAQ,BMTC,2005-04-27,0.1
NASDAQ,BMTC,2005-01-27,0.1
NASDAQ,BMTC,2004-10-28,0.1
NASDAQ,BMTC,2004-07-29,0.1
NASDAQ,BMTC,2004-04-28,0.1
NASDAQ,BMTC,2004-01-28,0.1
NASDAQ,BMTC,2003-10-29,0.1
NASDAQ,BMTC,2003-07-31,0.1
NASDAQ,BMTC,2003-04-28,0.1
NASDAQ,BMTC,2003-01-29,0.1
NASDAQ,BMTC,2002-10-29,0.095
NASDAQ,BMTC,2002-07-29,0.095
NASDAQ,BMTC,2002-04-26,0.095
NASDAQ,BMTC,2002-01-30,0.095
NASDAQ,BMTC,2001-10-25,0.09
NASDAQ,BMTC,2001-07-27,0.09
NASDAQ,BMTC,2001-04-26,0.09
NASDAQ,BMTC,2001-01-30,0.09
NASDAQ,BMTC,2000-11-01,0.085
NASDAQ,BMTC,2000-08-02,0.085
NASDAQ,BMTC,2000-04-27,0.085
NASDAQ,BMTC,2000-01-28,0.085
NASDAQ,BMTC,1999-10-28,0.075
NASDAQ,BMTC,1999-07-29,0.075
NASDAQ,BMTC,1999-04-29,0.075
NASDAQ,BMTC,1999-01-28,0.075
NASDAQ,BMTC,1998-10-29,0.06
NASDAQ,BMTC,1998-07-30,0.0575
NASDAQ,BMTC,1998-04-29,0.0575
NASDAQ,BMTC,1998-01-29,0.0575
NASDAQ,BMTC,1997-11-05,0.045
NASDAQ,BMTC,1997-07-30,0.045
NASDAQ,BMTC,1997-04-30,0.045
NASDAQ,BMTC,1997-01-30,0.045
NASDAQ,BMTC,1996-10-30,0.0375
NASDAQ,BMTC,1996-07-31,0.03125
NASDAQ,BMTC,1996-05-01,0.03125
NASDAQ,BMTC,1996-04-02,0.03125
NASDAQ,BMTC,1996-01-31,0.03125
NASDAQ,BMTC,1995-11-01,0.03125
NASDAQ,BMTC,1995-08-02,0.03125
NASDAQ,BMTC,1995-05-01,0.03125
NASDAQ,BMTC,1995-01-30,0.03125
NASDAQ,BMTC,1994-10-31,0.01875
NASDAQ,BMTC,1994-08-01,0.01875
NASDAQ,BMTC,1994-05-02,0.01875
NASDAQ,BMTC,1994-01-31,0.01875
NASDAQ,BMTC,1993-11-01,0.01875
NASDAQ,BMTC,1993-08-02,0.01875
NASDAQ,BMTC,1993-05-03,0.01875
NASDAQ,BMTC,1993-02-01,0.01875
NASDAQ,BMTC,1991-06-28,0.01875
NASDAQ,BMTC,1991-04-01,0.01875
NASDAQ,BMTC,1990-12-28,0.0475
NASDAQ,BMTC,1990-10-01,0.0475
NASDAQ,BMTC,1990-06-29,0.0475
NASDAQ,BMTC,1990-04-02,0.0475
NASDAQ,BDGE,2009-12-28,0.23
NASDAQ,BDGE,2009-10-08,0.23
NASDAQ,BDGE,2009-07-02,0.23
NASDAQ,BDGE,2009-04-09,0.23
NASDAQ,BDGE,2008-12-26,0.23
NASDAQ,BDGE,2008-10-03,0.23
NASDAQ,BDGE,2008-07-03,0.23
NASDAQ,BDGE,2008-04-04,0.23
NASDAQ,BDGE,2007-12-27,0.23
NASDAQ,BDGE,2007-10-04,0.23
NASDAQ,BDGE,2007-07-05,0.23
NASDAQ,BDGE,2007-04-04,0.23
NASDAQ,BDGE,2006-12-28,0.23
NASDAQ,BDGE,2006-10-05,0.23
NASDAQ,BDGE,2006-07-06,0.23
NASDAQ,BDGE,2006-04-06,0.23
NASDAQ,BDGE,2005-12-28,0.23
NASDAQ,BDGE,2005-09-28,0.23
NASDAQ,BDGE,2005-06-29,0.23
NASDAQ,BDGE,2005-03-29,0.22
NASDAQ,BDGE,2004-12-29,0.21
NASDAQ,BDGE,2004-09-28,0.18
NASDAQ,BDGE,2004-06-30,0.16667
NASDAQ,BDGE,2004-03-29,0.16
NASDAQ,BDGE,2003-12-29,0.42
NASDAQ,BDGE,2003-09-26,0.13333
NASDAQ,BDGE,2003-06-26,0.12
NASDAQ,BDGE,2003-03-27,0.11333
NASDAQ,BDGE,2002-12-27,0.10667
NASDAQ,BDGE,2002-09-26,0.1
NASDAQ,BDGE,2002-06-26,0.1
NASDAQ,BDGE,2002-03-26,0.1
NASDAQ,BDGE,2001-12-27,0.1
NASDAQ,BDGE,2001-09-26,0.09333
NASDAQ,BDGE,2001-06-27,0.08667
NASDAQ,BDGE,2001-03-28,0.08667
NASDAQ,BDGE,2000-12-27,0.08667
NASDAQ,BMRC,2010-02-02,0.15
NASDAQ,BMRC,2009-10-29,0.15
NASDAQ,BMRC,2009-07-30,0.14
NASDAQ,BMRC,2009-04-29,0.14
NASDAQ,BMRC,2009-01-29,0.14
NASDAQ,BMRC,2008-10-30,0.14
NASDAQ,BMRC,2008-07-30,0.14
NASDAQ,BMRC,2008-04-29,0.14
NASDAQ,BMRC,2008-02-13,0.14
NASDAQ,BMRC,2007-11-19,0.13
NASDAQ,BMRC,2007-08-21,0.13
NASDAQ,BMRC,2007-06-20,0.001
NASDAQ,BMRC,2007-05-17,0.13
NASDAQ,BMRC,2007-02-12,0.12
NASDAQ,BMRC,2006-11-15,0.12
NASDAQ,BMRC,2006-08-16,0.12
NASDAQ,BMRC,2006-05-17,0.12
NASDAQ,BMRC,2006-02-15,0.09524
NASDAQ,BMRC,2005-11-17,0.09524
NASDAQ,BMRC,2005-08-17,0.09524
NASDAQ,BMRC,2004-05-25,0.36281
NASDAQ,BCBP,2010-01-27,0.12
NASDAQ,BCBP,2009-10-28,0.12
NASDAQ,BCBP,2009-07-28,0.12
NASDAQ,BCBP,2009-04-28,0.12
NASDAQ,BCBP,2009-01-28,0.12
NASDAQ,BCBP,2008-10-28,0.12
NASDAQ,BCBP,2008-07-28,0.1
NASDAQ,BCBP,2008-04-28,0.1
NASDAQ,BCBP,2008-01-28,0.09
NASDAQ,BCBP,2007-10-26,0.09
NASDAQ,BCBP,2007-07-25,0.08
NASDAQ,BCBP,2007-04-20,0.08
NASDAQ,BCBP,2007-02-23,0.07
NASDAQ,BCBP,2006-08-30,0.3
NASDAQ,BOCH,2009-12-29,0.06
NASDAQ,BOCH,2009-09-28,0.06
NASDAQ,BOCH,2009-07-22,0.06
NASDAQ,BOCH,2009-03-27,0.06
NASDAQ,BOCH,2008-12-29,0.08
NASDAQ,BOCH,2008-09-26,0.08
NASDAQ,BOCH,2008-06-26,0.08
NASDAQ,BOCH,2008-03-27,0.08
NASDAQ,BOCH,2007-12-27,0.08
NASDAQ,BOCH,2007-09-26,0.08
NASDAQ,BOCH,2007-06-27,0.08
NASDAQ,BOCH,2007-03-30,0.08
NASDAQ,BOCH,2006-12-27,0.09
NASDAQ,BOCH,2006-09-27,0.07
NASDAQ,BOCH,2006-06-28,0.07
NASDAQ,BOCH,2006-03-29,0.07
NASDAQ,BOCH,2005-12-28,0.08
NASDAQ,BOCH,2005-09-28,0.06
NASDAQ,BOCH,2005-06-28,0.06
NASDAQ,BOCH,2005-03-29,0.06
NASDAQ,BOCH,2004-09-29,0.23
NASDAQ,BOCH,2003-09-29,0.21667
NASDAQ,BOCH,2002-09-27,0.21667
NASDAQ,BOCH,2001-09-27,0.21667
NASDAQ,BCSB,2006-09-19,0.125
NASDAQ,BCSB,2006-06-20,0.125
NASDAQ,BCSB,2006-03-20,0.125
NASDAQ,BCSB,2005-12-20,0.125
NASDAQ,BCSB,2005-09-20,0.125
NASDAQ,BCSB,2005-06-21,0.125
NASDAQ,BCSB,2005-03-21,0.125
NASDAQ,BCSB,2004-12-21,0.125
NASDAQ,BCSB,2004-09-20,0.125
NASDAQ,BCSB,2004-06-23,0.125
NASDAQ,BCSB,2004-03-23,0.125
NASDAQ,BCSB,2003-12-23,0.125
NASDAQ,BCSB,2003-09-23,0.125
NASDAQ,BCSB,2003-06-24,0.125
NASDAQ,BCSB,2003-03-27,0.125
NASDAQ,BCSB,2002-12-23,0.125
NASDAQ,BCSB,2002-09-27,0.125
NASDAQ,BCSB,2002-06-25,0.125
NASDAQ,BCSB,2002-03-28,0.125
NASDAQ,BCSB,2001-12-26,0.125
NASDAQ,BCSB,2001-09-25,0.125
NASDAQ,BCSB,2001-06-25,0.125
NASDAQ,BCSB,2001-03-28,0.125
NASDAQ,BCSB,2000-12-27,0.125
NASDAQ,BCSB,2000-09-25,0.125
NASDAQ,BCSB,2000-06-21,0.125
NASDAQ,BCSB,2000-03-21,0.125
NASDAQ,BCSB,1999-12-20,0.125
NASDAQ,BCSB,1999-09-23,0.125
NASDAQ,BCSB,1999-06-25,0.126
NASDAQ,BCSB,1999-04-01,0.125
NASDAQ,BWINB,2009-11-13,0.25
NASDAQ,BWINB,2009-08-14,0.25
NASDAQ,BWINB,2009-05-15,0.25
NASDAQ,BWINB,2009-02-20,0.25
NASDAQ,BWINB,2008-11-14,0.25
NASDAQ,BWINB,2008-08-15,0.25
NASDAQ,BWINB,2008-05-16,0.25
NASDAQ,BWINB,2008-02-14,0.25
NASDAQ,BWINB,2007-11-16,0.35
NASDAQ,BWINB,2007-08-17,0.6
NASDAQ,BWINB,2007-05-11,0.25
NASDAQ,BWINB,2007-02-15,0.45
NASDAQ,BWINB,2006-11-17,0.45
NASDAQ,BWINB,2006-08-11,0.25
NASDAQ,BWINB,2006-05-12,1.5
NASDAQ,BWINB,2006-02-27,0.35
NASDAQ,BWINB,2005-11-10,0.25
NASDAQ,BWINB,2005-08-12,0.35
NASDAQ,BWINB,2005-05-13,0.1
NASDAQ,BWINB,2005-02-11,0.25
NASDAQ,BWINB,2004-11-12,1.0
NASDAQ,BWINB,2004-08-13,0.15
NASDAQ,BWINB,2004-05-14,0.4
NASDAQ,BWINB,2004-02-12,0.5
NASDAQ,BWINB,2003-11-14,0.35
NASDAQ,BWINB,2003-08-15,0.1
NASDAQ,BWINB,2003-05-16,0.1
NASDAQ,BWINB,2003-02-28,0.08
NASDAQ,BWINB,2002-11-15,0.08
NASDAQ,BWINB,2002-08-16,0.08
NASDAQ,BWINB,2002-05-17,0.08
NASDAQ,BWINB,2002-02-14,0.08
NASDAQ,BWINB,2001-11-16,0.08
NASDAQ,BWINB,2001-08-17,0.08
NASDAQ,BWINB,2001-05-11,0.08
NASDAQ,BWINB,2001-02-23,0.08
NASDAQ,BWINB,2000-11-10,0.08
NASDAQ,BWINB,2000-08-11,0.08
NASDAQ,BWINB,2000-05-12,0.08
NASDAQ,BWINB,2000-02-11,0.08
NASDAQ,BWINB,1999-11-12,0.08
NASDAQ,BWINB,1999-08-13,0.08
NASDAQ,BWINB,1999-05-14,0.08
NASDAQ,BWINB,1999-02-11,0.08
NASDAQ,BWINB,1998-11-13,0.08
NASDAQ,BWINB,1998-08-14,0.08
NASDAQ,BWINB,1998-05-15,0.08
NASDAQ,BWINB,1998-02-12,0.08
NASDAQ,BWINB,1997-11-13,0.08
NASDAQ,BWINB,1997-08-08,0.08
NASDAQ,BWINB,1997-05-16,0.08
NASDAQ,BWINB,1997-02-13,0.08
NASDAQ,BWINB,1996-11-06,0.08
NASDAQ,BWINB,1996-08-09,0.08
NASDAQ,BWINB,1996-05-17,0.064
NASDAQ,BWINB,1996-02-09,0.064
NASDAQ,BWINB,1995-11-10,0.064
NASDAQ,BWINB,1995-08-11,0.064
NASDAQ,BWINB,1995-05-10,0.064
NASDAQ,BWINB,1995-02-13,0.048
NASDAQ,BWINB,1994-11-08,0.128
NASDAQ,BWINB,1994-08-10,0.048
NASDAQ,BWINB,1994-05-11,0.048
NASDAQ,BWINB,1994-02-15,0.04
NASDAQ,BWINB,1993-11-09,0.04
NASDAQ,BWINB,1993-08-16,0.04
NASDAQ,BWINB,1993-05-17,0.03334
NASDAQ,BWINB,1993-02-12,0.03334
NASDAQ,BWINB,1992-11-17,0.03334
NASDAQ,BWINB,1992-08-17,0.03334
NASDAQ,BWINB,1992-05-18,0.02
NASDAQ,BWINB,1992-02-24,0.02
NASDAQ,BWINB,1991-11-08,0.02
NASDAQ,BWINB,1991-08-12,0.02
NASDAQ,BWINB,1991-05-20,0.02
NASDAQ,BWINB,1991-02-04,0.02
NASDAQ,BWINB,1990-11-05,0.02
NASDAQ,BWINB,1990-08-06,0.02
NASDAQ,BWINB,1990-05-08,0.02
NASDAQ,BWINB,1990-02-05,0.02
NASDAQ,BWINB,1989-11-06,0.02
NASDAQ,BWINB,1989-08-07,0.01334
NASDAQ,BWINB,1989-05-10,0.01334
NASDAQ,BWINB,1989-02-06,0.01334
NASDAQ,BWINB,1988-11-04,0.01334
NASDAQ,BWINB,1988-08-08,0.01334
NASDAQ,BWINB,1988-05-10,0.01334
NASDAQ,BWINB,1988-02-08,0.01334
NASDAQ,BWINB,1986-11-07,0.01334
NASDAQ,BWINB,1986-08-04,0.01066
NASDAQ,BYFC,2010-01-06,0.05
NASDAQ,BYFC,2009-10-14,0.05
NASDAQ,BYFC,2009-07-13,0.05
NASDAQ,BYFC,2009-04-07,0.05
NASDAQ,BYFC,2009-01-08,0.05
NASDAQ,BYFC,2008-10-08,0.05
NASDAQ,BYFC,2008-07-09,0.05
NASDAQ,BYFC,2008-04-10,0.05
NASDAQ,BYFC,2008-01-04,0.05
NASDAQ,BYFC,2007-10-03,0.05
NASDAQ,BYFC,2007-07-11,0.05
NASDAQ,BYFC,2007-04-04,0.05
NASDAQ,BYFC,2007-01-04,0.05
NASDAQ,BYFC,2006-10-04,0.05
NASDAQ,BYFC,2006-06-29,0.05
NASDAQ,BYFC,2006-03-30,0.05
NASDAQ,BYFC,2006-03-29,0.05
NASDAQ,BYFC,2006-01-04,0.05
NASDAQ,BYFC,2005-10-07,0.05
NASDAQ,BYFC,2005-07-01,0.05
NASDAQ,BYFC,2005-03-31,0.05
NASDAQ,BYFC,2005-01-05,0.05
NASDAQ,BYFC,2004-11-05,0.05
NASDAQ,BYFC,2004-06-30,0.05
NASDAQ,BYFC,2004-03-31,0.038
NASDAQ,BYFC,2004-01-02,0.038
NASDAQ,BYFC,2003-10-02,0.038
NASDAQ,BYFC,2003-06-27,0.038
NASDAQ,BYFC,2003-03-28,0.038
NASDAQ,BYFC,2002-12-27,0.038
NASDAQ,BYFC,2002-10-02,0.025
NASDAQ,BYFC,2002-07-02,0.025
NASDAQ,BYFC,2002-04-04,0.025
NASDAQ,BYFC,2002-01-03,0.025
NASDAQ,BYFC,2001-09-27,0.025
NASDAQ,BYFC,2001-06-28,0.025
NASDAQ,BYFC,2001-04-04,0.025
NASDAQ,BYFC,2000-12-27,0.025
NASDAQ,BYFC,2000-10-04,0.025
NASDAQ,BYFC,2000-06-30,0.025
NASDAQ,BYFC,2000-04-03,0.025
NASDAQ,BYFC,1999-12-31,0.025
NASDAQ,BYFC,1999-10-01,0.025
NASDAQ,BYFC,1999-06-28,0.025
NASDAQ,BYFC,1999-03-29,0.025
NASDAQ,BYFC,1998-12-29,0.025
NASDAQ,BYFC,1998-09-29,0.025
NASDAQ,BYFC,1998-06-26,0.02315
NASDAQ,BYFC,1998-03-27,0.02315
NASDAQ,BYFC,1997-12-29,0.02315
NASDAQ,BYFC,1997-09-26,0.02315
NASDAQ,BYFC,1997-06-26,0.02315
NASDAQ,BYFC,1997-03-26,0.02315
NASDAQ,BYFC,1996-12-27,0.02315
NASDAQ,BYFC,1996-09-26,0.02315
NASDAQ,BYFC,1996-07-25,0.02315
NASDAQ,BYFC,1996-04-11,0.02315
NASDAQ,BARI,2009-11-16,0.17
NASDAQ,BARI,2009-08-17,0.17
NASDAQ,BARI,2009-05-11,0.17
NASDAQ,BARI,2009-02-13,0.17
NASDAQ,BARI,2008-11-07,0.17
NASDAQ,BARI,2008-08-11,0.17
NASDAQ,BARI,2008-05-12,0.16
NASDAQ,BARI,2008-02-11,0.16
NASDAQ,BARI,2007-11-09,0.16
NASDAQ,BARI,2007-08-13,0.15
NASDAQ,BARI,2007-05-14,0.15
NASDAQ,BARI,2007-02-12,0.15
NASDAQ,BARI,2006-11-03,0.15
NASDAQ,BARI,2006-08-04,0.15
NASDAQ,BARI,2006-05-05,0.15
NASDAQ,BARI,2006-02-10,0.15
NASDAQ,BARI,2005-11-04,0.15
NASDAQ,BARI,2005-08-05,0.15
NASDAQ,BARI,2005-05-06,0.15
NASDAQ,BARI,2005-02-11,0.15
NASDAQ,BARI,2004-11-05,0.15
NASDAQ,BARI,2004-08-06,0.15
NASDAQ,BARI,2004-05-07,0.14
NASDAQ,BARI,2004-02-12,0.14
NASDAQ,BARI,2003-11-06,0.14
NASDAQ,BARI,2003-08-01,0.14
NASDAQ,BARI,2003-05-02,0.14
NASDAQ,BARI,2003-02-13,0.14
NASDAQ,BARI,2002-11-01,0.14
NASDAQ,BARI,2002-08-02,0.13
NASDAQ,BARI,2002-05-03,0.13
NASDAQ,BARI,2002-02-08,0.13
NASDAQ,BARI,2001-11-02,0.12
NASDAQ,BARI,2001-08-03,0.12
NASDAQ,BARI,2001-05-04,0.12
NASDAQ,BARI,2001-02-09,0.12
NASDAQ,BARI,2000-11-03,0.12
NASDAQ,BARI,2000-08-04,0.1
NASDAQ,BARI,2000-05-05,0.1
NASDAQ,BARI,2000-02-11,0.1
NASDAQ,BARI,1999-11-05,0.05
NASDAQ,BBGI,2008-09-26,0.05
NASDAQ,BBGI,2008-06-26,0.063
NASDAQ,BBGI,2008-03-27,0.063
NASDAQ,BBGI,2007-12-27,0.063
NASDAQ,BBGI,2007-09-26,0.063
NASDAQ,BBGI,2007-06-27,0.063
NASDAQ,BBGI,2007-03-28,0.063
NASDAQ,BBGI,2006-12-27,0.063
NASDAQ,BBGI,2006-09-27,0.063
NASDAQ,BBGI,2006-06-28,0.063
NASDAQ,BBGI,2006-03-29,0.063
NASDAQ,BBGI,2005-12-29,0.063
NASDAQ,BBGI,2005-12-28,0.0
NASDAQ,BLKB,2009-11-24,0.1
NASDAQ,BLKB,2009-08-26,0.1
NASDAQ,BLKB,2009-05-26,0.1
NASDAQ,BLKB,2009-02-25,0.1
NASDAQ,BLKB,2008-11-25,0.1
NASDAQ,BLKB,2008-08-26,0.1
NASDAQ,BLKB,2008-05-23,0.1
NASDAQ,BLKB,2008-02-26,0.1
NASDAQ,BLKB,2007-11-26,0.085
NASDAQ,BLKB,2007-08-24,0.085
NASDAQ,BLKB,2007-05-23,0.085
NASDAQ,BLKB,2007-02-26,0.085
NASDAQ,BLKB,2006-11-24,0.07
NASDAQ,BLKB,2006-08-24,0.07
NASDAQ,BLKB,2006-05-24,0.07
NASDAQ,BLKB,2006-02-24,0.07
NASDAQ,BLKB,2005-11-10,0.05
NASDAQ,BLKB,2005-08-11,0.05
NASDAQ,BLKB,2005-05-11,0.05
NASDAQ,BLKB,2005-02-10,0.05
NASDAQ,BNSO,2006-09-27,0.05
NASDAQ,BNSO,2005-07-27,0.1
NASDAQ,BNSO,2004-07-28,0.1
NASDAQ,BNSO,2004-04-28,0.0
NASDAQ,BNSO,2003-04-28,0.05
NASDAQ,BNSO,2001-12-19,0.1
NASDAQ,BNSO,2001-01-29,0.1
NASDAQ,BEBE,2009-11-25,0.025
NASDAQ,BEBE,2009-09-16,0.025
NASDAQ,BEBE,2009-07-09,0.05
NASDAQ,BEBE,2009-03-27,0.05
NASDAQ,BEBE,2008-11-26,0.05
NASDAQ,BEBE,2008-09-05,0.05
NASDAQ,BEBE,2008-07-02,0.05
NASDAQ,BEBE,2008-04-10,0.05
NASDAQ,BEBE,2007-12-12,0.05
NASDAQ,BEBE,2007-09-12,0.05
NASDAQ,BEBE,2007-07-12,0.05
NASDAQ,BEBE,2007-04-12,0.05
NASDAQ,BEBE,2006-12-13,0.05
NASDAQ,BEBE,2006-09-14,0.05
NASDAQ,BEBE,2006-06-29,0.05
NASDAQ,BEBE,2006-04-06,0.04
NASDAQ,BEBE,2005-12-14,0.04
NASDAQ,BEBE,2005-09-15,0.04
NASDAQ,BEBE,2005-06-16,0.04
NASDAQ,BEBE,2005-03-17,0.022
NASDAQ,BEBE,2004-12-08,0.02222
NASDAQ,BEBE,2004-09-07,0.02222
NASDAQ,BUSE,2010-01-29,0.04
NASDAQ,BUSE,2009-10-23,0.04
NASDAQ,BUSE,2009-07-17,0.08
NASDAQ,BUSE,2009-04-24,0.08
NASDAQ,BUSE,2009-01-23,0.2
NASDAQ,BUSE,2008-10-17,0.2
NASDAQ,BUSE,2008-07-18,0.2
NASDAQ,BUSE,2008-04-18,0.2
NASDAQ,BUSE,2008-01-17,0.2
NASDAQ,BUSE,2007-10-19,0.18
NASDAQ,BUSE,2007-07-13,0.18
NASDAQ,BUSE,2007-04-13,0.18
NASDAQ,BUSE,2007-01-19,0.23
NASDAQ,BUSE,2006-10-13,0.16
NASDAQ,BUSE,2006-07-14,0.16
NASDAQ,BUSE,2006-04-13,0.16
NASDAQ,BUSE,2006-01-12,0.16
NASDAQ,BUSE,2005-10-14,0.14
NASDAQ,BUSE,2005-07-15,0.14
NASDAQ,BUSE,2005-04-15,0.14
NASDAQ,BUSE,2005-01-13,0.14
NASDAQ,BUSE,2004-10-15,0.13
NASDAQ,BUSE,2004-07-16,0.12667
NASDAQ,BUSE,2004-04-16,0.12667
NASDAQ,BUSE,2004-01-15,0.12667
NASDAQ,BUSE,2003-10-17,0.11333
NASDAQ,BUSE,2003-07-11,0.11333
NASDAQ,BUSE,2003-04-11,0.11333
NASDAQ,BUSE,2003-01-16,0.11333
NASDAQ,BUSE,2002-10-10,0.1
NASDAQ,BUSE,2002-07-12,0.1
NASDAQ,BUSE,2002-04-12,0.1
NASDAQ,BUSE,2002-01-17,0.1
NASDAQ,BUSE,2001-10-12,0.08667
NASDAQ,BUSE,2001-07-13,0.08667
NASDAQ,BUSE,2001-04-12,0.08667
NASDAQ,BUSE,2001-01-19,0.08667
NASDAQ,BUSE,2000-10-13,0.08
NASDAQ,BUSE,2000-07-14,0.08
NASDAQ,BUSE,2000-04-14,0.08
NASDAQ,BUSE,2000-01-13,0.08
NASDAQ,BUSE,1999-10-15,0.07333
NASDAQ,BUSE,1999-07-16,0.06667
NASDAQ,BUSE,1999-04-16,0.06667
NASDAQ,BUSE,1999-01-14,0.06667
NASDAQ,BUSE,1998-10-16,0.06667
NASDAQ,BAMM,2009-12-01,0.05
NASDAQ,BAMM,2009-09-01,0.05
NASDAQ,BAMM,2009-06-03,0.05
NASDAQ,BAMM,2009-03-31,0.05
NASDAQ,BAMM,2008-12-03,0.05
NASDAQ,BAMM,2008-09-02,0.09
NASDAQ,BAMM,2008-06-03,0.09
NASDAQ,BAMM,2008-04-07,0.09
NASDAQ,BAMM,2007-12-07,0.09
NASDAQ,BAMM,2007-08-31,0.09
NASDAQ,BAMM,2007-06-18,3.0
NASDAQ,BAMM,2007-06-07,0.09
NASDAQ,BAMM,2007-04-11,0.09
NASDAQ,BAMM,2006-11-29,0.08
NASDAQ,BAMM,2006-08-29,0.08
NASDAQ,BAMM,2006-05-30,0.08
NASDAQ,BAMM,2006-03-27,0.08
NASDAQ,BAMM,2005-11-25,0.05
NASDAQ,BAMM,2005-08-26,0.05
NASDAQ,BAMM,2005-06-13,0.05
NASDAQ,BAMM,2005-03-24,0.05
NASDAQ,BAMM,2004-11-26,0.03
NASDAQ,BAMM,2004-08-27,0.15
NASDAQ,BELFA,2010-01-13,0.06
NASDAQ,BELFA,2009-10-13,0.06
NASDAQ,BELFA,2009-07-13,0.06
NASDAQ,BELFA,2009-04-13,0.06
NASDAQ,BELFA,2009-01-13,0.06
NASDAQ,BELFA,2008-10-10,0.06
NASDAQ,BELFA,2008-07-11,0.06
NASDAQ,BELFA,2008-04-11,0.06
NASDAQ,BELFA,2008-01-11,0.06
NASDAQ,BELFA,2007-10-11,0.06
NASDAQ,BELFA,2007-07-11,0.04
NASDAQ,BELFA,2007-04-11,0.04
NASDAQ,BELFA,2007-01-10,0.04
NASDAQ,BELFA,2006-10-11,0.04
NASDAQ,BELFA,2006-07-12,0.04
NASDAQ,BELFA,2006-04-11,0.04
NASDAQ,BELFA,2006-02-13,0.04
NASDAQ,BELFA,2005-10-12,0.04
NASDAQ,BELFA,2005-07-13,0.04
NASDAQ,BELFA,2005-04-12,0.04
NASDAQ,BELFA,2005-01-12,0.04
NASDAQ,BELFA,2004-10-13,0.04
NASDAQ,BELFA,2004-07-13,0.04
NASDAQ,BELFA,2004-04-13,0.04
NASDAQ,BELFA,2004-01-13,0.04
NASDAQ,BELFA,2003-10-10,0.04
NASDAQ,BELFA,2003-07-11,0.04
NASDAQ,BPSG,2005-02-22,0.05
NASDAQ,BPSG,2004-11-10,0.05
NASDAQ,BPSG,2004-08-12,0.05
NASDAQ,BPSG,2004-05-12,0.05
NASDAQ,BPSG,2004-02-13,0.05
NASDAQ,BPSG,2003-11-07,0.05
NASDAQ,BPSG,2003-08-12,0.05
NASDAQ,BPSG,2003-05-12,0.05
NASDAQ,BPSG,2003-02-12,0.05
NASDAQ,BPSG,2002-11-13,0.05
NASDAQ,BPSG,2002-08-12,0.04762
NASDAQ,BPSG,2002-05-13,0.04762
NASDAQ,BPSG,2002-02-12,0.04535
NASDAQ,BPSG,2001-11-13,0.04535
NASDAQ,BPSG,2001-08-14,0.04319
NASDAQ,BPSG,2001-05-11,0.04319
NASDAQ,BPSG,2001-02-12,0.04113
NASDAQ,BPSG,2000-11-10,0.04113
NASDAQ,BPSG,2000-08-08,0.03917
NASDAQ,BPSG,2000-05-10,0.03761
NASDAQ,BPSG,2000-02-08,0.0373
NASDAQ,BPSG,1999-11-05,0.03582
NASDAQ,BPSG,1999-08-06,0.03552
NASDAQ,BPSG,1999-05-07,0.03552
NASDAQ,BPSG,1999-02-08,0.03249
NASDAQ,BPSG,1998-11-06,0.03383
NASDAQ,BPSG,1998-08-07,0.03222
NASDAQ,BPSG,1998-05-08,0.02256
NASDAQ,BPSG,1998-02-10,0.02947
NASDAQ,BPSG,1997-11-07,0.02947
NASDAQ,BPSG,1997-08-08,0.02807
NASDAQ,BPSG,1997-05-08,0.02047
NASDAQ,BPSG,1997-02-07,0.02807
NASDAQ,BPSG,1996-11-05,0.02923
NASDAQ,BPSG,1996-08-07,0.02923
NASDAQ,BPSG,1996-05-02,0.02807
NASDAQ,BPSG,1995-11-06,0.02807
NASDAQ,BPSG,1995-08-08,0.02923
NASDAQ,BPSG,1995-05-02,0.02807
NASDAQ,BPSG,1995-02-01,0.02923
NASDAQ,BPSG,1994-11-03,0.02923
NASDAQ,BPSG,1994-11-02,0.02923
NASDAQ,BPSG,1994-08-02,0.02923
NASDAQ,BPSG,1994-05-03,0.02923
NASDAQ,BPSG,1994-01-31,0.02923
NASDAQ,BPSG,1993-10-26,0.03038
NASDAQ,BPSG,1993-07-27,0.02923
NASDAQ,BPSG,1993-04-29,0.02923
NASDAQ,BPSG,1993-01-26,0.02923
NASDAQ,BPSG,1992-10-29,0.02923
NASDAQ,BPSG,1992-07-28,0.02923
NASDAQ,BPSG,1992-05-06,0.02923
NASDAQ,BKCC,2009-12-17,0.32
NASDAQ,BKCC,2009-09-16,0.16
NASDAQ,BKCC,2009-06-17,0.16
NASDAQ,BKCC,2009-03-18,0.16
NASDAQ,BKCC,2008-12-11,0.43
NASDAQ,BKCC,2008-09-11,0.43
NASDAQ,BKCC,2008-06-12,0.43
NASDAQ,BKCC,2008-03-13,0.43
NASDAQ,BKCC,2007-12-12,0.43
NASDAQ,BKCC,2007-09-12,0.42
NASDAQ,BBEP,2009-02-05,0.52
NASDAQ,BBEP,2008-11-06,0.52
NASDAQ,BBEP,2008-08-07,0.52
NASDAQ,BBEP,2008-05-07,0.5
NASDAQ,BBEP,2008-02-07,0.453
NASDAQ,BBEP,2007-11-07,0.443
NASDAQ,BBEP,2007-08-03,0.423
NASDAQ,BBEP,2007-05-03,0.413
NASDAQ,BBEP,2007-02-01,0.399
NASDAQ,BHBC,2007-12-24,0.125
NASDAQ,BHBC,2007-09-12,0.125
NASDAQ,BHBC,2007-06-13,0.125
NASDAQ,BHBC,2007-03-13,0.125
NASDAQ,BHBC,2006-12-13,0.125
NASDAQ,BHBC,2006-09-13,0.125
NASDAQ,BHBC,2006-06-13,0.125
NASDAQ,BHBC,2006-03-13,0.125
NASDAQ,BHBC,2005-12-13,0.125
NASDAQ,BHBC,2005-09-13,0.125
NASDAQ,BHBC,2005-06-13,0.125
NASDAQ,BHBC,2005-03-11,0.125
NASDAQ,BHBC,2004-12-13,0.125
NASDAQ,BHBC,2004-09-17,0.125
NASDAQ,BHBC,2004-06-14,0.125
NASDAQ,BSRR,2010-01-28,0.06
NASDAQ,BSRR,2009-11-03,0.1
NASDAQ,BSRR,2009-07-29,0.1
NASDAQ,BSRR,2009-04-28,0.1
NASDAQ,BSRR,2009-02-03,0.1
NASDAQ,BSRR,2008-10-27,0.17
NASDAQ,BSRR,2008-07-29,0.17
NASDAQ,BSRR,2008-04-29,0.17
NASDAQ,BSRR,2008-01-25,0.17
NASDAQ,BSRR,2007-10-30,0.16
NASDAQ,BSRR,2007-08-03,0.16
NASDAQ,BSRR,2007-05-01,0.15
NASDAQ,BSRR,2007-01-30,0.15
NASDAQ,BSRR,2006-10-30,0.14
NASDAQ,BSRR,2006-08-03,0.14
NASDAQ,BSRR,2006-05-03,0.13
NASDAQ,BSRR,2006-01-30,0.13
NASDAQ,BSRR,2005-10-28,0.12
NASDAQ,BSRR,2005-08-01,0.11
NASDAQ,BSRR,2005-05-04,0.11
NASDAQ,BSRR,2005-02-01,0.11
NASDAQ,BSRR,2004-11-01,0.1
NASDAQ,BSRR,2004-07-23,0.09
NASDAQ,BSRR,2004-04-28,0.09
NASDAQ,BSRR,2004-01-27,0.09
NASDAQ,BSRR,2003-12-02,0.04
NASDAQ,BSRR,2003-10-22,0.08
NASDAQ,BSRR,2003-08-05,0.08
NASDAQ,BSRR,2003-04-29,0.08
NASDAQ,BSRR,2003-01-28,0.08
NASDAQ,BSRR,2002-10-29,0.07
NASDAQ,BSRR,2002-07-30,0.07
NASDAQ,BSRR,2002-04-30,0.07
NASDAQ,BSRR,2002-01-29,0.07
NASDAQ,BSRR,2001-10-19,0.04
NASDAQ,BSRR,2001-07-20,0.04
NASDAQ,BSRR,2001-04-20,0.04
NASDAQ,BSRR,2001-01-18,0.06
NASDAQ,BSRR,2000-10-24,0.06
NASDAQ,BSRR,2000-08-14,0.06
NASDAQ,BSRR,2000-04-25,0.05
NASDAQ,BSRR,2000-01-20,0.05
NASDAQ,BSRR,1999-10-21,0.05
NASDAQ,BSRR,1999-07-20,0.05
NASDAQ,BLTI,2005-06-24,0.01
NASDAQ,BLTI,2005-04-21,0.01
NASDAQ,BLTI,2005-02-08,0.01
NASDAQ,BLTI,2004-12-13,0.01
NASDAQ,BLTI,2004-10-08,0.01
NASDAQ,BLTI,2004-08-12,0.01
NASDAQ,BERK,2008-10-21,0.1
NASDAQ,BERK,2008-04-16,0.1
NASDAQ,BERK,2007-10-16,0.09
NASDAQ,BERK,2007-04-16,0.09
NASDAQ,BERK,2006-10-18,0.08
NASDAQ,BERK,2006-04-13,0.08
NASDAQ,BERK,2005-10-19,0.08
NASDAQ,BERK,2005-04-20,0.07
NASDAQ,BERK,2004-10-20,0.06
NASDAQ,BERK,2004-04-15,0.05
NASDAQ,BERK,2003-10-17,0.05
NASDAQ,BERK,2003-04-21,0.04
NASDAQ,BERK,2002-10-17,0.04
NASDAQ,BERK,2002-04-19,0.03333
NASDAQ,BERK,2001-12-12,0.01333
NASDAQ,BERK,2001-10-17,0.03333
NASDAQ,BERK,2001-04-11,0.03333
NASDAQ,BERK,2000-12-08,0.14667
NASDAQ,BERK,2000-10-05,0.03333
NASDAQ,BERK,2000-04-12,0.03333
NASDAQ,BERK,1999-10-21,0.01667
NASDAQ,BERK,1999-10-13,0.01667
NASDAQ,BERK,1999-04-13,0.01667
NASDAQ,BANFP,2009-12-29,0.45
NASDAQ,BANFP,2009-09-28,0.45
NASDAQ,BANFP,2009-06-26,0.45
NASDAQ,BANFP,2009-03-27,0.45
NASDAQ,BANFP,2008-12-29,0.45
NASDAQ,BANFP,2008-09-26,0.45
NASDAQ,BANFP,2008-06-26,0.45
NASDAQ,BANFP,2008-03-27,0.45
NASDAQ,BANFP,2007-12-27,0.45
NASDAQ,BANFP,2007-06-27,0.45
NASDAQ,BANFP,2007-03-28,0.45
NASDAQ,BANFP,2006-12-27,0.45
NASDAQ,BANFP,2006-09-27,0.45
NASDAQ,BANFP,2006-03-29,0.45
NASDAQ,BANFP,2005-12-28,0.45
NASDAQ,BANFP,2004-12-29,0.45
NASDAQ,BANFP,2004-09-28,0.45
NASDAQ,BANFP,2004-06-28,0.45
NASDAQ,BANFP,2004-03-29,0.45
NASDAQ,BOMK,2009-12-30,0.27
NASDAQ,BOMK,2009-12-29,0.27
NASDAQ,BOMK,2008-12-29,0.27
NASDAQ,BOMK,2007-12-26,0.27
NASDAQ,BOMK,2006-12-27,0.25
NASDAQ,BOMK,2005-12-22,0.22
NASDAQ,BOMK,2004-12-22,0.2
NASDAQ,BOMK,2003-12-22,0.17
NASDAQ,BOMK,2002-12-20,0.15
NASDAQ,BSET,2008-11-13,0.1
NASDAQ,BSET,2008-08-13,0.225
NASDAQ,BSET,2008-07-14,0.75
NASDAQ,BSET,2008-05-14,0.225
NASDAQ,BSET,2008-02-13,0.2
NASDAQ,BSET,2007-11-14,0.2
NASDAQ,BSET,2007-08-15,0.2
NASDAQ,BSET,2007-05-14,0.2
NASDAQ,BSET,2007-02-08,0.2
NASDAQ,BSET,2006-11-13,0.2
NASDAQ,BSET,2006-08-14,0.2
NASDAQ,BSET,2006-05-11,0.2
NASDAQ,BSET,2006-02-09,0.2
NASDAQ,BSET,2005-11-10,0.2
NASDAQ,BSET,2005-08-15,0.2
NASDAQ,BSET,2005-05-12,0.2
NASDAQ,BSET,2005-02-10,0.2
NASDAQ,BSET,2004-11-10,0.2
NASDAQ,BSET,2004-08-13,0.2
NASDAQ,BSET,2004-05-13,0.2
NASDAQ,BSET,2004-02-11,0.2
NASDAQ,BSET,2003-11-12,0.2
NASDAQ,BSET,2003-08-13,0.2
NASDAQ,BSET,2003-05-14,0.2
NASDAQ,BSET,2003-02-10,0.2
NASDAQ,BSET,2002-11-13,0.2
NASDAQ,BSET,2002-08-14,0.2
NASDAQ,BSET,2002-05-15,0.2
NASDAQ,BSET,2002-02-13,0.2
NASDAQ,BSET,2001-11-14,0.2
NASDAQ,BSET,2001-08-15,0.2
NASDAQ,BSET,2001-05-15,0.2
NASDAQ,BSET,2001-02-13,0.2
NASDAQ,BSET,2000-11-15,0.2
NASDAQ,BSET,2000-08-15,0.2
NASDAQ,BSET,2000-05-15,0.2
NASDAQ,BSET,2000-02-14,0.2
NASDAQ,BSET,1999-11-12,0.2
NASDAQ,BSET,1999-08-13,0.2
NASDAQ,BSET,1999-05-13,0.2
NASDAQ,BSET,1999-02-19,0.2
NASDAQ,BSET,1998-11-12,0.2
NASDAQ,BSET,1998-08-13,0.2
NASDAQ,BSET,1998-05-13,0.2
NASDAQ,BSET,1998-02-11,0.2
NASDAQ,BSET,1997-11-13,0.2
NASDAQ,BSET,1997-08-20,0.2
NASDAQ,BSET,1997-05-20,0.2
NASDAQ,BSET,1997-02-27,0.2
NASDAQ,BSET,1996-11-14,0.2
NASDAQ,BSET,1996-08-19,0.2
NASDAQ,BSET,1996-05-23,0.2
NASDAQ,BSET,1996-02-29,0.2
NASDAQ,BSET,1995-11-14,0.2
NASDAQ,BSET,1995-08-16,0.2
NASDAQ,BSET,1995-05-11,0.2
NASDAQ,BSET,1995-02-21,0.2
NASDAQ,BSET,1994-11-10,0.2
NASDAQ,BSET,1994-08-12,0.2
NASDAQ,BSET,1994-05-12,0.2
NASDAQ,BSET,1994-02-10,0.2
NASDAQ,BSET,1993-11-19,0.2
NASDAQ,BSET,1993-08-13,0.2
NASDAQ,BSET,1993-05-11,0.2
NASDAQ,BSET,1993-02-10,0.184
NASDAQ,BSET,1992-08-10,0.168
NASDAQ,BSET,1992-05-13,0.168
NASDAQ,BSET,1992-02-12,0.13334
NASDAQ,BSET,1991-11-12,0.13334
NASDAQ,BSET,1991-02-14,0.13334
NASDAQ,BSET,1990-11-16,0.13334
NASDAQ,BSET,1990-08-15,0.13334
NASDAQ,BSET,1990-05-11,0.13334
NASDAQ,BSET,1990-02-12,0.13334
NASDAQ,BSET,1989-11-07,0.13334
NASDAQ,BSET,1989-08-10,0.13334
NASDAQ,BSET,1989-05-10,0.13334
NASDAQ,BSET,1989-02-09,0.17334
NASDAQ,BSET,1988-08-10,0.13334
NASDAQ,BSET,1988-05-11,0.13334
NASDAQ,BSET,1987-08-07,0.04266
NASDAQ,BUCY,2009-11-03,0.025
NASDAQ,BUCY,2009-08-04,0.025
NASDAQ,BUCY,2009-05-05,0.025
NASDAQ,BUCY,2009-03-03,0.025
NASDAQ,BUCY,2008-11-04,0.025
NASDAQ,BUCY,2008-08-05,0.025
NASDAQ,BUCY,2008-05-09,0.0125
NASDAQ,BUCY,2008-02-27,0.025
NASDAQ,BUCY,2007-11-13,0.025
NASDAQ,BUCY,2007-08-14,0.025
NASDAQ,BUCY,2007-05-08,0.025
NASDAQ,BUCY,2007-02-27,0.025
NASDAQ,BUCY,2006-10-31,0.025
NASDAQ,BUCY,2006-08-03,0.025
NASDAQ,BUCY,2006-05-16,0.025
NASDAQ,BUCY,2006-03-16,0.01666
NASDAQ,BUCY,2006-02-28,0.01934
NASDAQ,BUCY,2005-10-25,0.01934
NASDAQ,BUCY,2005-07-26,0.01934
NASDAQ,BUCY,2005-04-26,0.01934
NASDAQ,BUCY,2005-02-10,0.01934
NASDAQ,BUCY,2004-10-26,0.01934
NASDAQ,BRID,2009-12-04,0.1
NASDAQ,BRID,2004-03-03,0.02
NASDAQ,BRID,2003-12-03,0.03
NASDAQ,BRID,2003-09-03,0.03
NASDAQ,BRID,2003-06-03,0.03
NASDAQ,BRID,2003-03-05,0.05
NASDAQ,BRID,2002-12-04,0.05
NASDAQ,BRID,2002-09-04,0.05
NASDAQ,BRID,2002-06-05,0.07
NASDAQ,BRID,2002-03-05,0.07
NASDAQ,BRID,2001-12-04,0.07
NASDAQ,BRID,2001-09-05,0.07
NASDAQ,BRID,2001-06-01,0.07
NASDAQ,BRID,2001-03-01,0.07
NASDAQ,BRID,2000-12-01,0.07
NASDAQ,BRID,2000-08-31,0.07
NASDAQ,BRID,2000-06-01,0.07
NASDAQ,BRID,2000-03-02,0.07
NASDAQ,BRID,1999-12-02,0.07
NASDAQ,BRID,1999-09-01,0.06
NASDAQ,BRID,1999-06-01,0.06
NASDAQ,BRID,1999-03-02,0.06
NASDAQ,BRID,1998-12-04,0.06
NASDAQ,BRID,1998-09-01,0.05455
NASDAQ,BRID,1998-06-01,0.05455
NASDAQ,BRID,1998-03-02,0.05455
NASDAQ,BRID,1997-12-03,0.05455
NASDAQ,BRID,1997-08-29,0.04959
NASDAQ,BRID,1997-05-30,0.04959
NASDAQ,BRID,1997-02-28,0.04959
NASDAQ,BRID,1996-12-03,0.04959
NASDAQ,BRID,1996-09-03,0.04959
NASDAQ,BRID,1996-05-31,0.04959
NASDAQ,BRID,1996-03-01,0.04959
NASDAQ,BRID,1995-12-04,0.04959
NASDAQ,BRID,1995-09-05,0.04132
NASDAQ,BRID,1995-05-30,0.04132
NASDAQ,BRID,1995-03-01,0.04132
NASDAQ,BRID,1994-12-01,0.04132
NASDAQ,BRID,1994-09-01,0.04132
NASDAQ,BRID,1994-05-27,0.04132
NASDAQ,BRID,1994-02-25,0.04132
NASDAQ,BRID,1993-11-30,0.04132
NASDAQ,BRID,1993-08-27,0.02479
NASDAQ,BRID,1993-05-27,0.02479
NASDAQ,BRID,1993-02-26,0.02479
NASDAQ,BRID,1992-12-02,0.02479
NASDAQ,BRID,1992-08-28,0.02479
NASDAQ,BRID,1992-05-29,0.02479
NASDAQ,BRID,1992-02-28,0.02479
NASDAQ,BRID,1991-11-29,0.03719
NASDAQ,BRID,1991-08-29,0.03305
NASDAQ,BRID,1991-05-30,0.03305
NASDAQ,BRID,1991-02-28,0.03305
NASDAQ,BRID,1990-11-27,0.03305
NASDAQ,BRID,1990-08-28,0.02755
NASDAQ,BRID,1990-05-30,0.02755
NASDAQ,BRID,1990-03-02,0.02755
NASDAQ,BRID,1989-11-30,0.02755
NASDAQ,BRID,1989-08-31,0.01836
NASDAQ,BRID,1989-06-02,0.01836
NASDAQ,BRID,1989-02-27,0.01836
NASDAQ,BRID,1988-11-30,0.01224
NASDAQ,BRID,1988-08-31,0.01224
NASDAQ,BRID,1988-06-02,0.01224
NASDAQ,BRID,1988-03-03,0.01224
NASDAQ,BRID,1987-12-02,0.00815
NASDAQ,BPOPN,2010-01-13,0.14
NASDAQ,BPOPN,2009-12-11,0.14
NASDAQ,BPOPN,2009-11-12,0.14
NASDAQ,BPOPN,2009-10-13,0.14
NASDAQ,BPOPN,2009-09-11,0.14
NASDAQ,BPOPN,2009-08-13,0.14
NASDAQ,BPOPN,2009-07-24,0.14
NASDAQ,BPOPN,2009-06-15,0.14
NASDAQ,BPOPN,2009-05-13,0.14
NASDAQ,BPOPN,2009-04-13,0.14
NASDAQ,BPOPN,2009-03-12,0.14
NASDAQ,BPOPN,2009-02-12,0.14
NASDAQ,BPOPN,2009-01-13,0.14
NASDAQ,BPOPN,2008-12-11,0.14
NASDAQ,BPOPN,2008-11-13,0.14
NASDAQ,BPOPN,2008-10-10,0.14
NASDAQ,BPOPN,2008-09-11,0.14
NASDAQ,BPOPN,2008-08-13,0.14
NASDAQ,BPOPN,2008-07-11,0.14
NASDAQ,BPOPN,2008-06-12,0.14
NASDAQ,BPOPN,2008-05-13,0.14
NASDAQ,BPOPN,2008-04-11,0.14
NASDAQ,BPOPN,2008-03-13,0.14
NASDAQ,BPOPN,2008-02-13,0.14
NASDAQ,BPOPN,2008-01-14,0.14
NASDAQ,BPOPN,2007-12-13,0.14
NASDAQ,BPOPN,2007-11-13,0.14
NASDAQ,BPOPN,2007-10-11,0.14
NASDAQ,BPOPN,2007-09-13,0.14
NASDAQ,BPOPN,2007-08-13,0.14
NASDAQ,BPOPN,2007-07-12,0.14
NASDAQ,BPOPN,2007-06-13,0.14
NASDAQ,BPOPN,2007-05-11,0.14
NASDAQ,BPOPN,2007-04-12,0.14
NASDAQ,BPOPN,2007-03-13,0.14
NASDAQ,BPOPN,2007-02-13,0.14
NASDAQ,BPOPN,2007-01-11,0.14
NASDAQ,BPOPN,2006-12-13,0.14
NASDAQ,BPOPN,2006-11-13,0.14
NASDAQ,BPOPN,2006-10-12,0.14
NASDAQ,BPOPN,2006-09-13,0.14
NASDAQ,BPOPN,2006-08-11,0.14
NASDAQ,BPOPN,2006-07-12,0.14
NASDAQ,BPOPN,2006-06-13,0.14
NASDAQ,BPOPN,2006-05-11,0.14
NASDAQ,BPOPN,2006-04-13,0.14
NASDAQ,BPOPN,2006-03-13,0.14
NASDAQ,BPOPN,2006-02-13,0.14
NASDAQ,BPOPN,2006-01-12,0.14
NASDAQ,BPOPN,2005-12-13,0.14
NASDAQ,BPOPN,2005-11-10,0.14
NASDAQ,BPOPN,2005-10-13,0.14
NASDAQ,BPOPN,2005-09-20,0.14
NASDAQ,BPOPN,2005-08-11,0.14
NASDAQ,BPOPN,2005-07-13,0.14
NASDAQ,BPOPN,2005-06-13,0.14
NASDAQ,BPOPN,2005-05-12,0.14
NASDAQ,BPOPN,2005-04-13,0.14
NASDAQ,BPOPN,2005-03-11,0.14
NASDAQ,BPOPN,2005-02-11,0.14
NASDAQ,BPOPN,2005-01-12,0.14
NASDAQ,BPOPN,2004-12-13,0.14
NASDAQ,BPOPN,2004-11-10,0.14
NASDAQ,BPOPN,2004-10-13,0.14
NASDAQ,BPOPN,2004-09-13,0.14
NASDAQ,BPOPN,2004-08-11,0.14
NASDAQ,BPOPN,2004-07-13,0.14
NASDAQ,BPOPN,2004-06-14,0.14
NASDAQ,BPOPN,2004-05-12,0.14
NASDAQ,BFED,2009-12-10,0.05
NASDAQ,BFED,2009-09-10,0.05
NASDAQ,BFED,2009-06-10,0.05
NASDAQ,BFED,2009-03-10,0.04
NASDAQ,BFED,2008-12-10,0.04
NASDAQ,BFED,2008-09-10,0.04
NASDAQ,BFED,2008-06-11,0.04
NASDAQ,BPOPO,2009-06-15,0.133
NASDAQ,BPOPO,2009-05-13,0.133
NASDAQ,BPOPO,2009-04-13,0.133
NASDAQ,BPOPO,2009-03-12,0.133
NASDAQ,BPOPO,2009-02-12,0.133
NASDAQ,BPOPO,2009-01-13,0.133
NASDAQ,BPOPO,2008-12-11,0.133
NASDAQ,BPOPO,2008-11-13,0.133
NASDAQ,BPOPO,2008-10-10,0.133
NASDAQ,BPOPO,2008-09-11,0.133
NASDAQ,BPOPO,2008-08-13,0.133
NASDAQ,BPOPO,2008-07-11,0.133
NASDAQ,BPOPO,2008-06-12,0.133
NASDAQ,BPOPO,2008-05-13,0.133
NASDAQ,BPOPO,2008-04-11,0.133
NASDAQ,BPOPO,2008-03-13,0.133
NASDAQ,BPOPO,2008-02-13,0.133
NASDAQ,BPOPO,2008-01-14,0.133
NASDAQ,BPOPO,2007-12-13,0.133
NASDAQ,BPOPO,2007-11-13,0.133
NASDAQ,BPOPO,2007-10-11,0.133
NASDAQ,BPOPO,2007-09-13,0.133
NASDAQ,BPOPO,2007-08-13,0.133
NASDAQ,BPOPO,2007-07-12,0.133
NASDAQ,BPOPO,2007-06-13,0.133
NASDAQ,BPOPO,2007-05-11,0.133
NASDAQ,BPOPO,2007-04-12,0.133
NASDAQ,BPOPO,2007-03-13,0.133
NASDAQ,BPOPO,2007-02-13,0.133
NASDAQ,BPOPO,2007-01-11,0.133
NASDAQ,BPOPO,2006-12-13,0.133
NASDAQ,BPOPO,2006-11-13,0.133
NASDAQ,BPOPO,2006-10-12,0.133
NASDAQ,BPOPO,2006-09-13,0.133
NASDAQ,BPOPO,2006-08-11,0.133
NASDAQ,BPOPO,2006-07-12,0.133
NASDAQ,BPOPO,2006-06-13,0.133
NASDAQ,BPOPO,2006-05-11,0.133
NASDAQ,BPOPO,2006-04-13,0.133
NASDAQ,BPOPO,2006-03-13,0.133
NASDAQ,BPOPO,2006-02-13,0.133
NASDAQ,BPOPO,2006-01-12,0.133
NASDAQ,BPOPO,2005-12-13,0.133
NASDAQ,BPOPO,2005-11-10,0.133
NASDAQ,BPOPO,2005-10-13,0.133
NASDAQ,BPOPO,2005-09-20,0.133
NASDAQ,BPOPO,2005-08-11,0.133
NASDAQ,BPOPO,2005-07-13,0.133
NASDAQ,BPOPO,2005-06-13,0.133
NASDAQ,BPOPO,2005-05-12,0.133
NASDAQ,BPOPO,2005-04-13,0.133
NASDAQ,BPOPO,2005-03-11,0.133
NASDAQ,BPOPO,2005-02-11,0.133
NASDAQ,BPOPO,2005-01-12,0.133
NASDAQ,BPOPO,2004-12-13,0.133
NASDAQ,BPOPO,2004-11-10,0.133
NASDAQ,BPOPO,2004-10-13,0.133
NASDAQ,BPOPO,2004-09-13,0.133
NASDAQ,BPOPO,2004-08-11,0.133
NASDAQ,BPOPO,2004-07-13,0.133
NASDAQ,BPOPO,2004-06-14,0.133
NASDAQ,BPOPO,2004-05-12,0.133
NASDAQ,BPOPO,2004-04-13,0.133
NASDAQ,BPOPO,2004-03-11,0.133
NASDAQ,BPOPO,2004-02-12,0.133
NASDAQ,BPOPO,2004-01-13,0.133
NASDAQ,BPOPO,2003-12-11,0.133
NASDAQ,BPOPO,2003-11-13,0.133
NASDAQ,BPOPO,2003-10-10,0.133
NASDAQ,BPOPO,2003-09-11,0.133
NASDAQ,BPOPO,2003-08-13,0.133
NASDAQ,BNCN,2009-11-10,0.05
NASDAQ,BNCN,2009-08-12,0.05
NASDAQ,BNCN,2009-05-13,0.05
NASDAQ,BNCN,2009-02-04,0.05
NASDAQ,BNCN,2008-02-06,0.2
NASDAQ,BNCN,2007-02-07,0.18
NASDAQ,BNCN,2006-02-22,0.14545
NASDAQ,BNCN,2005-02-23,0.11636
NASDAQ,BNCN,2004-02-10,0.10182
NASDAQ,BNHNA,2007-06-18,10.52
NASDAQ,BKBK,2009-11-25,0.18
NASDAQ,BKBK,2009-08-27,0.18
NASDAQ,BKBK,2009-05-27,0.18
NASDAQ,BKBK,2009-02-25,0.18
NASDAQ,BKBK,2008-11-25,0.18
NASDAQ,BKBK,2008-08-27,0.18
NASDAQ,BKBK,2008-05-28,0.18
NASDAQ,BKBK,2008-02-27,0.18
NASDAQ,BKBK,2007-11-28,0.18
NASDAQ,BKBK,2007-08-29,0.18
NASDAQ,BKBK,2007-05-29,0.18
NASDAQ,BKBK,2007-02-26,0.18
NASDAQ,BKBK,2006-11-28,0.18
NASDAQ,BKBK,2006-08-29,0.18
NASDAQ,BKBK,2006-05-26,0.18
NASDAQ,BKBK,2006-02-24,0.18
NASDAQ,BKBK,2005-11-28,0.18
NASDAQ,BKBK,2005-08-29,0.18
NASDAQ,BKBK,2005-05-26,0.33
NASDAQ,BKBK,2004-11-26,0.32
NASDAQ,BKBK,2004-05-26,0.32
NASDAQ,BKBK,2003-11-12,0.32
NASDAQ,BKBK,2003-05-28,0.32
NASDAQ,BKBK,2002-11-26,0.31
NASDAQ,BKBK,2002-05-29,0.31
NASDAQ,BKBK,2001-11-28,0.31
NASDAQ,BKBK,2001-05-29,0.3
NASDAQ,BKBK,2000-12-01,0.3
NASDAQ,BKBK,2000-05-26,0.3
NASDAQ,BKBK,1999-12-01,0.3
NASDAQ,BKBK,1999-06-01,0.15
NASDAQ,BKBK,1998-11-24,0.145
NASDAQ,BKBK,1997-11-25,0.14
NASDAQ,BKBK,1997-05-28,0.15
NASDAQ,BKBK,1996-11-26,0.15
NASDAQ,BFSB,2009-11-12,0.11
NASDAQ,BFSB,2009-08-12,0.1
NASDAQ,BFSB,2009-05-13,0.1
NASDAQ,BFSB,2009-02-11,0.1
NASDAQ,BFSB,2008-11-12,0.1
NASDAQ,BFSB,2008-08-13,0.1
NASDAQ,BFSB,2008-05-13,0.07
NASDAQ,BFSB,2008-02-12,0.07
NASDAQ,BFSB,2007-11-13,0.05
NASDAQ,BFSB,2007-08-14,0.04
NASDAQ,BFSB,2007-05-15,0.03
NASDAQ,BFSB,2007-02-14,0.03
NASDAQ,BTFG,2009-06-11,0.01
NASDAQ,BTFG,2009-03-12,0.025
NASDAQ,BTFG,2008-12-10,0.13
NASDAQ,BTFG,2008-09-10,0.13
NASDAQ,BTFG,2008-06-11,0.13
NASDAQ,BTFG,2008-03-12,0.13
NASDAQ,BTFG,2007-12-12,0.13
NASDAQ,BTFG,2007-09-12,0.13
NASDAQ,BTFG,2007-06-13,0.13
NASDAQ,BTFG,2007-03-14,0.13
NASDAQ,BTFG,2006-12-13,0.13
NASDAQ,BTFG,2006-09-13,0.13
NASDAQ,BTFG,2006-06-13,0.13
NASDAQ,BTFG,2006-03-13,0.13
NASDAQ,BTFG,2005-12-13,0.13
NASDAQ,BTFG,2005-09-13,0.13
NASDAQ,BTFG,2005-06-13,0.13
NASDAQ,BTFG,2005-03-11,0.13
NASDAQ,BTFG,2004-12-13,0.13
NASDAQ,BTFG,2004-09-13,0.13
NASDAQ,BTFG,2004-06-09,0.13
NASDAQ,BTFG,2004-03-10,0.13
NASDAQ,BTFG,2003-12-10,0.13
NASDAQ,BTFG,2003-09-10,0.13
NASDAQ,BTFG,2003-06-11,0.13
NASDAQ,BTFG,2003-03-12,0.13
NASDAQ,BTFG,2002-12-11,0.12
NASDAQ,BTFG,2002-09-11,0.12
NASDAQ,BTFG,2002-06-12,0.12
NASDAQ,BTFG,2002-02-26,0.12
NASDAQ,BTFG,2001-12-12,0.11
NASDAQ,BTFG,2001-06-13,0.11
NASDAQ,BTFG,2001-03-14,0.11
NASDAQ,BTFG,2000-12-07,0.1
NASDAQ,BTFG,2000-09-07,0.1
NASDAQ,BTFG,2000-06-08,0.1
NASDAQ,BTFG,2000-03-09,0.1
NASDAQ,BTFG,1999-12-09,0.09
NASDAQ,BTFG,1999-09-13,0.09
NASDAQ,BTFG,1999-06-10,0.09
NASDAQ,BTFG,1999-03-11,0.085
NASDAQ,BTFG,1998-12-16,0.085
NASDAQ,BTFG,1998-09-16,0.085
NASDAQ,BTFG,1998-06-11,0.08533
NASDAQ,BTFG,1998-03-12,0.07333
NASDAQ,BTFG,1997-12-11,0.07333
NASDAQ,BTFG,1997-09-15,0.07333
NASDAQ,BTFG,1997-06-12,0.06667
NASDAQ,BTFG,1997-04-03,0.06667
NASDAQ,BTFG,1997-03-13,0.06667
NASDAQ,BTFG,1996-12-12,0.06667
NASDAQ,BTFG,1996-09-18,0.06667
NASDAQ,BTFG,1996-03-14,0.06667
NASDAQ,BTFG,1995-12-14,0.05333
NASDAQ,BTFG,1995-09-14,0.05333
NASDAQ,BKMU,2009-11-10,0.07
NASDAQ,BKMU,2009-08-11,0.09
NASDAQ,BKMU,2009-05-13,0.09
NASDAQ,BKMU,2009-02-10,0.09
NASDAQ,BKMU,2008-11-10,0.09
NASDAQ,BKMU,2008-08-12,0.09
NASDAQ,BKMU,2008-05-14,0.09
NASDAQ,BKMU,2008-02-12,0.09
NASDAQ,BKMU,2007-11-13,0.085
NASDAQ,BKMU,2007-08-14,0.085
NASDAQ,BKMU,2007-05-15,0.08
NASDAQ,BKMU,2007-02-13,0.08
NASDAQ,BKMU,2006-11-14,0.075
NASDAQ,BKMU,2006-08-15,0.075
NASDAQ,BKMU,2006-05-16,0.07
NASDAQ,BKMU,2006-02-14,0.07
NASDAQ,BKMU,2005-11-15,0.065
NASDAQ,BKMU,2005-08-16,0.065
NASDAQ,BKMU,2005-05-17,0.06
NASDAQ,BKMU,2005-02-15,0.06
NASDAQ,BKMU,2004-11-16,0.05
NASDAQ,BKMU,2004-08-17,0.05
NASDAQ,BKMU,2004-05-17,0.04
NASDAQ,BKMU,2004-02-13,0.04
NASDAQ,BKMU,2003-11-17,0.035
NASDAQ,BKMU,2003-08-18,0.02998
NASDAQ,BKMU,2003-05-19,0.02726
NASDAQ,BKMU,2003-02-14,0.02726
NASDAQ,BKMU,2002-11-18,0.02453
NASDAQ,BKMU,2002-08-19,0.02453
NASDAQ,BKMU,2002-05-20,0.0218
NASDAQ,BKMU,2002-02-15,0.0218
NASDAQ,BKMU,2001-11-19,0.01908
NASDAQ,BKMU,2001-08-20,0.01908
NASDAQ,BKMU,2001-05-23,0.01908
NASDAQ,BGFV,2009-11-27,0.05
NASDAQ,BGFV,2009-08-28,0.05
NASDAQ,BGFV,2009-05-28,0.05
NASDAQ,BGFV,2009-03-04,0.05
NASDAQ,BGFV,2008-11-25,0.09
NASDAQ,BGFV,2008-08-27,0.09
NASDAQ,BGFV,2008-05-28,0.09
NASDAQ,BGFV,2008-02-27,0.09
NASDAQ,BGFV,2007-11-28,0.09
NASDAQ,BGFV,2007-08-29,0.09
NASDAQ,BGFV,2007-05-30,0.09
NASDAQ,BGFV,2007-02-27,0.09
NASDAQ,BGFV,2006-11-29,0.09
NASDAQ,BGFV,2006-08-30,0.09
NASDAQ,BGFV,2006-05-30,0.09
NASDAQ,BGFV,2006-02-27,0.07
NASDAQ,BGFV,2005-11-29,0.07
NASDAQ,BGFV,2005-08-30,0.07
NASDAQ,BGFV,2005-05-27,0.07
NASDAQ,BGFV,2005-02-25,0.07
NASDAQ,BGFV,2004-11-29,0.07
NASDAQ,BANF,2009-12-29,0.23
NASDAQ,BANF,2009-09-28,0.23
NASDAQ,BANF,2009-06-26,0.22
NASDAQ,BANF,2009-03-27,0.22
NASDAQ,BANF,2008-12-29,0.22
NASDAQ,BANF,2008-09-26,0.22
NASDAQ,BANF,2008-06-26,0.2
NASDAQ,BANF,2008-03-27,0.2
NASDAQ,BANF,2007-12-27,0.2
NASDAQ,BANF,2007-09-26,0.2
NASDAQ,BANF,2007-06-27,0.18
NASDAQ,BANF,2007-03-28,0.18
NASDAQ,BANF,2006-12-27,0.18
NASDAQ,BANF,2006-09-27,0.18
NASDAQ,BANF,2006-07-17,0.16
NASDAQ,BANF,2006-03-29,0.16
NASDAQ,BANF,2005-12-28,0.16
NASDAQ,BANF,2005-09-28,0.16
NASDAQ,BANF,2005-06-28,0.14
NASDAQ,BANF,2005-03-29,0.14
NASDAQ,BANF,2004-12-29,0.14
NASDAQ,BANF,2004-09-28,0.14
NASDAQ,BANF,2004-06-28,0.125
NASDAQ,BANF,2004-03-29,0.125
NASDAQ,BANF,2003-12-29,0.125
NASDAQ,BANF,2003-09-26,0.125
NASDAQ,BANF,2003-06-26,0.11
NASDAQ,BANF,2003-03-27,0.11
NASDAQ,BANF,2002-12-27,0.11
NASDAQ,BANF,2002-09-26,0.1
NASDAQ,BANF,2002-06-26,0.1
NASDAQ,BANF,2002-03-26,0.09
NASDAQ,BANF,2001-12-27,0.09
NASDAQ,BANF,2001-09-26,0.09
NASDAQ,BANF,2001-06-27,0.09
NASDAQ,BANF,2001-03-28,0.09
NASDAQ,BANF,2000-12-27,0.09
NASDAQ,BANF,2000-09-27,0.08
NASDAQ,BANF,2000-06-28,0.08
NASDAQ,BANF,2000-03-29,0.08
NASDAQ,BANF,1999-12-29,0.08
NASDAQ,BANF,1999-09-28,0.07
NASDAQ,BANF,1999-06-30,0.06
NASDAQ,BANF,1999-03-29,0.06
NASDAQ,BANF,1998-12-29,0.06
NASDAQ,BANF,1998-09-28,0.06
NASDAQ,BANF,1998-06-26,0.06
NASDAQ,BANF,1998-03-27,0.06
NASDAQ,BANF,1997-12-29,0.06
NASDAQ,BANF,1997-09-26,0.05
NASDAQ,BANF,1997-06-26,0.05
NASDAQ,BANF,1997-04-17,0.05
NASDAQ,BANF,1996-12-27,0.05
NASDAQ,BANF,1996-09-26,0.04
NASDAQ,BANF,1996-06-26,0.04
NASDAQ,BANF,1996-04-03,0.04
NASDAQ,BANF,1996-01-05,0.04
NASDAQ,BANF,1995-10-04,0.0875
NASDAQ,BANF,1995-06-30,0.035
NASDAQ,BANF,1995-03-28,0.035
NASDAQ,BANF,1994-12-28,0.035
NASDAQ,BANF,1994-09-27,0.03
NASDAQ,BANF,1994-06-28,0.03
NASDAQ,BANF,1994-04-05,0.03
NASDAQ,BANF,1993-12-27,0.03
NASDAQ,BANF,1993-09-28,0.025
NASDAQ,BANF,1993-06-24,0.025
NASDAQ,BANF,1993-02-24,0.075
NASDAQ,BANF,1992-11-27,0.075
NASDAQ,BANF,1992-08-31,0.075
NASDAQ,BANF,1992-05-22,0.075
NASDAQ,BANF,1992-02-24,0.06667
NASDAQ,BANF,1991-11-22,0.06667
NASDAQ,BANF,1991-08-19,0.06667
NASDAQ,BANF,1991-05-20,0.06667
NASDAQ,BANF,1991-02-22,0.05
NASDAQ,BHLB,2009-11-09,0.16
NASDAQ,BHLB,2009-08-04,0.16
NASDAQ,BHLB,2009-05-12,0.16
NASDAQ,BHLB,2009-02-10,0.16
NASDAQ,BHLB,2008-11-04,0.16
NASDAQ,BHLB,2008-07-29,0.16
NASDAQ,BHLB,2008-05-06,0.16
NASDAQ,BHLB,2008-02-05,0.15
NASDAQ,BHLB,2007-11-06,0.15
NASDAQ,BHLB,2007-08-02,0.15
NASDAQ,BHLB,2007-05-02,0.14
NASDAQ,BHLB,2007-02-06,0.14
NASDAQ,BHLB,2006-11-02,0.14
NASDAQ,BHLB,2006-08-08,0.14
NASDAQ,BHLB,2006-05-03,0.14
NASDAQ,BHLB,2006-02-02,0.14
NASDAQ,BHLB,2005-11-03,0.14
NASDAQ,BHLB,2005-08-04,0.14
NASDAQ,BHLB,2005-05-05,0.12
NASDAQ,BHLB,2005-02-03,0.12
NASDAQ,BHLB,2004-11-04,0.12
NASDAQ,BHLB,2004-08-03,0.12
NASDAQ,BHLB,2004-05-06,0.12
NASDAQ,BHLB,2004-02-05,0.12
NASDAQ,BHLB,2003-11-04,0.12
NASDAQ,BHLB,2003-08-05,0.12
NASDAQ,BHLB,2003-05-06,0.12
NASDAQ,BHLB,2003-02-04,0.12
NASDAQ,BHLB,2002-11-05,0.12
NASDAQ,BHLB,2002-08-06,0.12
NASDAQ,BHLB,2002-05-07,0.12
NASDAQ,BHLB,2002-02-05,0.12
NASDAQ,BHLB,2001-11-05,0.11
NASDAQ,BHLB,2001-08-03,0.11
NASDAQ,BHLB,2001-05-03,0.11
NASDAQ,BHLB,2001-02-01,0.1
NASDAQ,BHLB,2000-11-01,0.1
NASDAQ,BBSI,2009-11-24,0.08
NASDAQ,BBSI,2009-08-26,0.08
NASDAQ,BBSI,2009-05-27,0.08
NASDAQ,BBSI,2009-02-25,0.08
NASDAQ,BBSI,2008-11-25,0.08
NASDAQ,BBSI,2008-08-26,0.08
NASDAQ,BBSI,2008-05-27,0.08
NASDAQ,BBSI,2008-02-27,0.08
NASDAQ,BBSI,2007-11-28,0.08
NASDAQ,BBSI,2007-08-28,0.07
NASDAQ,BBSI,2007-05-29,0.07
NASDAQ,BBSI,2007-02-26,0.07
NASDAQ,BBSI,2006-11-28,0.07
NASDAQ,BOOT,2009-11-18,0.125
NASDAQ,BOOT,2009-08-19,0.125
NASDAQ,BOOT,2009-05-21,0.125
NASDAQ,BOOT,2009-02-18,0.125
NASDAQ,BOOT,2008-11-19,0.125
NASDAQ,BOOT,2008-08-20,0.125
NASDAQ,BOOT,2008-05-20,0.125
NASDAQ,BOOT,2008-02-20,1.125
NASDAQ,BOOT,2007-05-29,0.15
NASDAQ,BOOT,1999-12-29,0.033
NASDAQ,BOOT,1998-12-29,0.032
NASDAQ,BOOT,1997-12-29,0.032
NASDAQ,BOOT,1996-12-27,0.028
NASDAQ,BOOT,1995-12-27,0.022
NASDAQ,BOOT,1994-12-23,0.022
NASDAQ,BKSC,2009-07-08,0.16
NASDAQ,BKSC,2009-03-27,0.16
NASDAQ,BKSC,2008-12-29,0.16
NASDAQ,BKSC,2008-09-29,0.16
NASDAQ,BKSC,2008-06-27,0.16
NASDAQ,BKSC,2008-03-27,0.16
NASDAQ,BKSC,2007-12-27,0.16
NASDAQ,BKSC,2007-09-27,0.16
NASDAQ,BKSC,2007-06-28,0.16
NASDAQ,BKSC,2007-03-28,0.14
NASDAQ,BKSC,2006-12-27,0.24
NASDAQ,BKSC,2006-09-28,0.14
NASDAQ,BKSC,2006-06-28,0.14
NASDAQ,BKSC,2006-03-29,0.12
NASDAQ,BKSC,2005-12-28,0.12
NASDAQ,BKSC,2005-09-28,0.096
NASDAQ,BKSC,2005-06-28,0.096
NASDAQ,BKSC,2005-03-29,0.08727
NASDAQ,BKSC,2004-12-30,0.08
NASDAQ,BKSC,2004-09-28,0.08
NASDAQ,BKSC,2004-06-28,0.08
NASDAQ,BKSC,2004-03-29,0.08
NASDAQ,BKSC,2003-12-29,0.08
NASDAQ,BKSC,2003-09-26,0.08
NASDAQ,BKSC,2003-06-26,0.08
NASDAQ,BKSC,2003-03-27,0.07273
NASDAQ,BKSC,2002-12-27,0.1719
NASDAQ,BKSC,2002-09-26,0.07273
NASDAQ,BKSC,2002-06-27,0.07273
NASDAQ,BKSC,2002-03-27,0.07273
NASDAQ,BKSC,2001-12-27,0.07273
NASDAQ,BKSC,2001-09-27,0.07273
NASDAQ,BKSC,2001-06-28,0.07273
NASDAQ,BKSC,2001-03-28,0.07273
NASDAQ,BKSC,2000-12-27,0.13884
NASDAQ,BKSC,2000-09-28,0.07273
NASDAQ,BKSC,2000-06-28,0.07273
NASDAQ,BKSC,2000-03-29,0.0595
NASDAQ,BKSC,1999-12-29,0.12562
NASDAQ,BKSC,1999-09-28,0.0595
NASDAQ,BKSC,1999-06-28,0.04628
NASDAQ,BKSC,1999-03-29,0.04628
NASDAQ,BKSC,1998-12-29,0.04628
NASDAQ,BKSC,1998-09-28,0.04628
NASDAQ,BKSC,1998-06-26,0.03636
NASDAQ,BKSC,1998-03-27,0.03606
NASDAQ,BKSC,1997-12-29,0.03606
NASDAQ,BKSC,1997-09-26,0.03606
NASDAQ,BKSC,1997-06-26,0.03606
NASDAQ,BKSC,1997-03-26,0.03005
NASDAQ,BKSC,1997-01-29,0.03005
NASDAQ,BKSC,1996-12-27,0.03005
NASDAQ,BKSC,1996-09-26,0.03005
NASDAQ,BKSC,1996-06-26,0.03005
NASDAQ,BKSC,1996-04-26,0.02705
NASDAQ,BKSC,1996-03-27,0.03005
NASDAQ,BKSC,1995-12-27,0.03005
NASDAQ,BKSC,1995-09-27,0.03005
NASDAQ,BKSC,1995-06-28,0.03005
NASDAQ,BKSC,1995-03-27,0.03005
NASDAQ,BKSC,1994-12-23,0.03005
NASDAQ,BKSC,1994-09-26,0.03005
NASDAQ,BKSC,1994-06-24,0.03005
NASDAQ,BKSC,1994-03-25,0.03005
NASDAQ,BKSC,1993-09-24,0.02705
NASDAQ,BKSC,1993-06-24,0.02705
NASDAQ,BKSC,1993-03-25,0.02705
NASDAQ,BOKF,2009-11-12,0.24
NASDAQ,BOKF,2009-08-12,0.24
NASDAQ,BOKF,2009-05-13,0.24
NASDAQ,BOKF,2009-02-11,0.225
NASDAQ,BOKF,2008-11-12,0.225
NASDAQ,BOKF,2008-08-13,0.225
NASDAQ,BOKF,2008-05-13,0.225
NASDAQ,BOKF,2008-02-12,0.2
NASDAQ,BOKF,2007-11-13,0.2
NASDAQ,BOKF,2007-08-13,0.2
NASDAQ,BOKF,2007-05-11,0.2
NASDAQ,BOKF,2007-02-09,0.15
NASDAQ,BOKF,2006-11-09,0.15
NASDAQ,BOKF,2006-08-10,0.15
NASDAQ,BOKF,2006-05-10,0.15
NASDAQ,BOKF,2006-02-09,0.1
NASDAQ,BOKF,2005-11-09,0.1
NASDAQ,BOKF,2005-08-10,0.1
NASDAQ,BOKF,2005-05-11,0.1
NASDAQ,BKYF,2009-09-09,0.28
NASDAQ,BKYF,2009-03-11,0.28
NASDAQ,BKYF,2008-09-03,0.28
NASDAQ,BKYF,2008-03-05,0.26
NASDAQ,BKYF,2007-09-05,0.24
NASDAQ,BKYF,2007-02-28,0.22
NASDAQ,BKYF,2006-09-06,0.2
NASDAQ,BKYF,2006-03-01,0.18
NASDAQ,BKYF,2005-09-07,0.16
NASDAQ,BKYF,2005-03-02,0.14
NASDAQ,BKYF,2004-09-08,0.12
NASDAQ,BKYF,2004-03-03,0.11
NASDAQ,BKYF,2003-09-10,0.09
NASDAQ,BKYF,2003-03-05,0.08
NASDAQ,BKYF,2002-09-11,0.07
NASDAQ,BKYF,2002-02-27,0.06
NASDAQ,BKYF,2001-09-05,0.05
NASDAQ,BKYF,2001-02-28,0.05
NASDAQ,BKYF,2000-09-06,0.04
NASDAQ,BKYF,1999-03-03,0.03333
NASDAQ,BOBE,2009-12-02,0.18
NASDAQ,BOBE,2009-09-02,0.16
NASDAQ,BOBE,2009-06-02,0.16
NASDAQ,BOBE,2009-03-05,0.16
NASDAQ,BOBE,2008-12-02,0.16
NASDAQ,BOBE,2008-09-03,0.14
NASDAQ,BOBE,2008-06-03,0.14
NASDAQ,BOBE,2008-03-04,0.14
NASDAQ,BOBE,2007-11-21,0.14
NASDAQ,BOBE,2007-08-16,0.14
NASDAQ,BOBE,2007-05-23,0.14
NASDAQ,BOBE,2007-02-21,0.14
NASDAQ,BOBE,2006-11-16,0.14
NASDAQ,BOBE,2006-08-17,0.14
NASDAQ,BOBE,2006-05-17,0.12
NASDAQ,BOBE,2006-02-15,0.12
NASDAQ,BOBE,2005-11-16,0.12
NASDAQ,BOBE,2005-08-17,0.12
NASDAQ,BOBE,2005-05-18,0.12
NASDAQ,BOBE,2005-02-16,0.12
NASDAQ,BOBE,2004-11-17,0.12
NASDAQ,BOBE,2004-08-18,0.12
NASDAQ,BOBE,2004-05-19,0.12
NASDAQ,BOBE,2004-02-11,0.12
NASDAQ,BOBE,2003-11-12,0.12
NASDAQ,BOBE,2003-08-13,0.12
NASDAQ,BOBE,2003-05-14,0.11
NASDAQ,BOBE,2003-02-12,0.11
NASDAQ,BOBE,2002-11-14,0.11
NASDAQ,BOBE,2002-08-15,0.11
NASDAQ,BOBE,2002-05-15,0.1
NASDAQ,BOBE,2002-02-13,0.1
NASDAQ,BOBE,2001-11-14,0.1
NASDAQ,BOBE,2001-08-15,0.09
NASDAQ,BOBE,2001-05-16,0.09
NASDAQ,BOBE,2001-02-14,0.09
NASDAQ,BOBE,2000-11-15,0.09
NASDAQ,BOBE,2000-08-16,0.09
NASDAQ,BOBE,2000-05-17,0.09
NASDAQ,BOBE,2000-02-16,0.09
NASDAQ,BOBE,1999-11-17,0.09
NASDAQ,BOBE,1999-08-11,0.09
NASDAQ,BOBE,1999-05-12,0.09
NASDAQ,BOBE,1999-02-17,0.09
NASDAQ,BOBE,1998-11-10,0.09
NASDAQ,BOBE,1998-08-12,0.08
NASDAQ,BOBE,1998-05-13,0.08
NASDAQ,BOBE,1998-02-11,0.08
NASDAQ,BOBE,1997-11-12,0.08
NASDAQ,BOBE,1997-08-13,0.08
NASDAQ,BOBE,1997-05-14,0.08
NASDAQ,BOBE,1997-02-12,0.08
NASDAQ,BOBE,1996-11-13,0.08
NASDAQ,BOBE,1996-08-21,0.08
NASDAQ,BOBE,1996-05-15,0.08
NASDAQ,BOBE,1996-02-14,0.08
NASDAQ,BOBE,1995-11-30,0.08
NASDAQ,BOBE,1995-08-22,0.08
NASDAQ,BOBE,1995-05-15,0.072
NASDAQ,BOBE,1995-02-13,0.072
NASDAQ,BOBE,1994-11-14,0.072
NASDAQ,BOBE,1994-08-15,0.072
NASDAQ,BOBE,1994-05-09,0.068
NASDAQ,BOBE,1994-02-14,0.067
NASDAQ,BOBE,1993-11-15,0.067
NASDAQ,BOBE,1993-08-16,0.067
NASDAQ,BOBE,1993-05-10,0.062
NASDAQ,BOBE,1993-02-08,0.062
NASDAQ,BOBE,1992-11-17,0.062
NASDAQ,BOBE,1992-05-04,0.052
NASDAQ,BOBE,1992-02-10,0.0525
NASDAQ,BOBE,1991-11-04,0.0525
NASDAQ,BOBE,1991-08-05,0.0525
NASDAQ,BOBE,1991-05-06,0.04875
NASDAQ,BOBE,1991-02-05,0.04875
NASDAQ,BOBE,1990-11-05,0.04875
NASDAQ,BOBE,1990-05-07,0.04875
NASDAQ,BOBE,1990-02-05,0.04875
NASDAQ,BOBE,1989-11-06,0.04875
NASDAQ,BOBE,1989-08-07,0.04432
NASDAQ,BOBE,1989-05-08,0.04432
NASDAQ,BOBE,1989-02-06,0.04432
NASDAQ,BOBE,1988-11-04,0.04091
NASDAQ,BOBE,1988-08-08,0.04091
NASDAQ,BOBE,1988-05-09,0.04091
NASDAQ,BOBE,1988-02-08,0.04091
NASDAQ,BOBE,1986-11-07,0.03818
NASDAQ,BOBE,1986-08-04,0.03273
NASDAQ,BOBE,1986-05-05,0.03273
NASDAQ,BOBE,1986-02-10,0.03273
NASDAQ,BCPC,2009-12-28,0.11
NASDAQ,BCPC,2008-12-18,0.07333
NASDAQ,BCPC,2007-12-18,0.07333
NASDAQ,BCPC,2006-12-27,0.04
NASDAQ,BCPC,2005-12-28,0.02667
NASDAQ,BCPC,2004-12-28,0.01778
NASDAQ,BCPC,2003-12-24,0.0158
NASDAQ,BCPC,2002-12-23,0.0158
NASDAQ,BCPC,2001-12-21,0.01284
NASDAQ,BCPC,2000-12-21,0.01185
NASDAQ,BCPC,1999-12-22,0.00987
NASDAQ,BCPC,1998-12-22,0.00652
NASDAQ,BCPC,1997-12-23,0.00658
NASDAQ,BCPC,1996-12-24,0.00593
NASDAQ,BCPC,1995-12-22,0.00461
NASDAQ,BCPC,1994-12-21,0.00369
NASDAQ,BCPC,1994-12-06,0.00066
NASDAQ,BCPC,1993-12-06,0.00092
NASDAQ,BCPC,1992-12-07,0.00092
NASDAQ,BPFH,2010-02-04,0.01
NASDAQ,BPFH,2009-11-02,0.01
NASDAQ,BPFH,2009-07-30,0.01
NASDAQ,BPFH,2009-04-30,0.01
NASDAQ,BPFH,2009-01-30,0.01
NASDAQ,BPFH,2008-10-30,0.01
NASDAQ,BPFH,2008-08-06,0.01
NASDAQ,BPFH,2008-04-29,0.1
NASDAQ,BPFH,2008-01-30,0.1
NASDAQ,BPFH,2007-10-30,0.09
NASDAQ,BPFH,2007-07-30,0.09
NASDAQ,BPFH,2007-04-27,0.09
NASDAQ,BPFH,2007-01-30,0.09
NASDAQ,BPFH,2006-10-30,0.08
NASDAQ,BPFH,2006-07-28,0.08
NASDAQ,BPFH,2006-04-27,0.08
NASDAQ,BPFH,2006-01-30,0.08
NASDAQ,BPFH,2005-10-28,0.07
NASDAQ,BPFH,2005-07-28,0.07
NASDAQ,BPFH,2005-04-28,0.07
NASDAQ,BPFH,2005-01-28,0.07
NASDAQ,BPFH,2004-10-29,0.06
NASDAQ,BPFH,2004-07-30,0.0
NASDAQ,BPFH,2004-04-29,0.06
NASDAQ,BPFH,2004-01-30,0.06
NASDAQ,BPFH,2003-10-30,0.05
NASDAQ,BPFH,2003-07-30,0.0
NASDAQ,BPFH,2003-04-29,0.05
NASDAQ,BPFH,2003-01-30,0.05
NASDAQ,BPFH,2002-10-30,0.04
NASDAQ,BPFH,2002-07-30,0.04
NASDAQ,BPFH,2002-04-29,0.04
NASDAQ,BPFH,2002-01-30,0.04
NASDAQ,BPFH,2001-10-30,0.035
NASDAQ,BPFH,2001-07-30,0.035
NASDAQ,BPFH,2001-04-27,0.035
NASDAQ,BPFH,2001-01-30,0.035
NASDAQ,BPFH,2000-10-30,0.03
NASDAQ,BPFH,2000-07-28,0.03
NASDAQ,BPFH,2000-04-27,0.03
NASDAQ,BPFH,2000-01-27,0.03
NASDAQ,BFIN,2010-02-08,0.07
NASDAQ,BFIN,2009-11-06,0.07
NASDAQ,BFIN,2009-08-10,0.07
NASDAQ,BFIN,2009-05-11,0.07
NASDAQ,BFIN,2009-02-09,0.07
NASDAQ,BFIN,2008-11-07,0.07
NASDAQ,BFIN,2008-08-11,0.07
NASDAQ,BFIN,2008-05-12,0.07
NASDAQ,BFIN,2008-02-11,0.07
NASDAQ,BFIN,2007-11-05,0.07
NASDAQ,BFIN,2007-08-07,0.07
NASDAQ,BFIN,2007-05-07,0.07
NASDAQ,BFIN,2007-02-12,0.07
NASDAQ,BFIN,2006-11-13,0.06
NASDAQ,BFIN,2006-09-01,0.06
NASDAQ,BFIN,2006-05-01,0.06
NASDAQ,BGCP,2009-11-12,0.08
NASDAQ,BGCP,2009-08-13,0.09
NASDAQ,BGCP,2009-05-14,0.09
NASDAQ,BGCP,2009-03-06,0.04
NASDAQ,BGCP,2008-11-13,0.1
NASDAQ,BGCP,2008-09-11,0.13
NASDAQ,BELFB,2010-01-13,0.07
NASDAQ,BELFB,2009-10-13,0.07
NASDAQ,BELFB,2009-07-13,0.07
NASDAQ,BELFB,2009-04-13,0.07
NASDAQ,BELFB,2009-01-13,0.07
NASDAQ,BELFB,2008-10-10,0.07
NASDAQ,BELFB,2008-07-11,0.07
NASDAQ,BELFB,2008-04-11,0.07
NASDAQ,BELFB,2008-01-11,0.07
NASDAQ,BELFB,2007-10-11,0.07
NASDAQ,BELFB,2007-07-11,0.05
NASDAQ,BELFB,2007-04-11,0.05
NASDAQ,BELFB,2007-01-10,0.05
NASDAQ,BELFB,2006-10-11,0.05
NASDAQ,BELFB,2006-07-12,0.05
NASDAQ,BELFB,2006-04-11,0.05
NASDAQ,BELFB,2006-02-13,0.05
NASDAQ,BELFB,2005-10-12,0.05
NASDAQ,BELFB,2005-07-13,0.05
NASDAQ,BELFB,2005-04-12,0.05
NASDAQ,BELFB,2005-01-12,0.05
NASDAQ,BELFB,2004-10-13,0.05
NASDAQ,BELFB,2004-07-13,0.05
NASDAQ,BELFB,2004-04-13,0.05
NASDAQ,BELFB,2004-01-13,0.05
NASDAQ,BELFB,2003-10-10,0.05
NASDAQ,BELFB,2003-07-11,0.05
NASDAQ,BELFB,2003-04-11,0.05
NASDAQ,BELFB,2003-01-09,0.05
NASDAQ,BELFB,2002-10-09,0.05
NASDAQ,BELFB,2002-07-10,0.05
NASDAQ,BELFB,2002-04-10,0.05
NASDAQ,BELFB,2002-01-09,0.05
NASDAQ,BELFB,2001-10-10,0.05
NASDAQ,BELFB,2001-07-11,0.05
NASDAQ,BELFB,2001-04-10,0.05
NASDAQ,BELFB,2001-01-09,0.05
NASDAQ,BELFB,2000-10-02,0.05
NASDAQ,BELFB,2000-07-12,0.05
NASDAQ,BELFB,2000-04-12,0.05
NASDAQ,BELFB,1999-10-13,0.05
NASDAQ,BELFB,1999-07-08,0.05
NASDAQ,BELFB,1999-04-08,0.05
NASDAQ,BELFB,1999-01-07,0.05
NASDAQ,BWINA,2009-11-13,0.25
NASDAQ,BWINA,2009-08-14,0.25
NASDAQ,BWINA,2009-05-15,0.25
NASDAQ,BWINA,2009-02-20,0.25
NASDAQ,BWINA,2008-11-14,0.25
NASDAQ,BWINA,2008-08-15,0.25
NASDAQ,BWINA,2008-05-16,0.25
NASDAQ,BWINA,2008-02-14,0.25
NASDAQ,BWINA,2007-11-16,0.35
NASDAQ,BWINA,2007-08-17,0.6
NASDAQ,BWINA,2007-05-11,0.25
NASDAQ,BWINA,2007-02-15,0.45
NASDAQ,BWINA,2006-11-17,0.45
NASDAQ,BWINA,2006-08-11,0.25
NASDAQ,BWINA,2006-05-12,1.5
NASDAQ,BWINA,2006-02-27,0.35
NASDAQ,BWINA,2005-11-10,0.25
NASDAQ,BWINA,2005-08-12,0.35
NASDAQ,BWINA,2005-05-13,0.1
NASDAQ,BWINA,2005-02-11,0.25
NASDAQ,BWINA,2004-11-12,1.0
NASDAQ,BWINA,2004-08-13,0.15
NASDAQ,BWINA,2004-05-14,0.4
NASDAQ,BWINA,2004-02-12,0.5
NASDAQ,BWINA,2003-11-14,0.35
NASDAQ,BWINA,2003-08-15,0.1
NASDAQ,BWINA,2003-05-16,0.1
NASDAQ,BWINA,2003-02-28,0.08
NASDAQ,BWINA,2002-11-15,0.08
NASDAQ,BWINA,2002-08-16,0.08
NASDAQ,BWINA,2002-05-17,0.08
NASDAQ,BWINA,2002-02-14,0.08
NASDAQ,BWINA,2001-11-16,0.08
NASDAQ,BWINA,2001-08-17,0.08
NASDAQ,BWINA,2001-05-11,0.08
NASDAQ,BWINA,2001-02-23,0.08
NASDAQ,BWINA,2000-11-10,0.08
NASDAQ,BWINA,2000-08-11,0.08
NASDAQ,BWINA,2000-05-12,0.08
NASDAQ,BWINA,2000-02-11,0.08
NASDAQ,BWINA,1999-11-12,0.08
NASDAQ,BWINA,1999-08-13,0.08
NASDAQ,BWINA,1999-05-14,0.08
NASDAQ,BWINA,1999-02-11,0.08
NASDAQ,BWINA,1998-11-13,0.08
NASDAQ,BWINA,1998-08-14,0.08
NASDAQ,BWINA,1998-05-15,0.08
NASDAQ,BWINA,1998-02-12,0.08
NASDAQ,BWINA,1997-11-13,0.08
NASDAQ,BWINA,1997-08-08,0.08
NASDAQ,BWINA,1997-05-16,0.08
NASDAQ,BWINA,1997-02-13,0.08
NASDAQ,BWINA,1996-11-06,0.08
NASDAQ,BWINA,1996-08-09,0.08
NASDAQ,BWINA,1996-05-17,0.064
NASDAQ,BWINA,1996-02-09,0.064
NASDAQ,BWINA,1995-11-10,0.064
NASDAQ,BWINA,1995-08-11,0.064
NASDAQ,BWINA,1995-05-10,0.064
NASDAQ,BWINA,1995-02-13,0.048
NASDAQ,BWINA,1994-11-08,0.048
NASDAQ,BWINA,1994-08-10,0.048
NASDAQ,BWINA,1994-05-11,0.048
NASDAQ,BWINA,1994-02-15,0.04
NASDAQ,BWINA,1993-11-09,0.04
NASDAQ,BWINA,1993-08-16,0.04
NASDAQ,BWINA,1993-05-17,0.03334
NASDAQ,BWINA,1993-02-12,0.03334
NASDAQ,BWINA,1992-11-17,0.06666
NASDAQ,BWINA,1992-08-17,0.03334
NASDAQ,BWINA,1992-05-18,0.02
NASDAQ,BWINA,1992-02-24,0.02
NASDAQ,BWINA,1991-11-08,0.02
NASDAQ,BWINA,1991-08-12,0.02
NASDAQ,BWINA,1991-05-20,0.02
NASDAQ,BWINA,1991-02-04,0.02
NASDAQ,BWINA,1990-11-05,0.02
NASDAQ,BWINA,1990-08-06,0.02
NASDAQ,BWINA,1990-05-08,0.02
NASDAQ,BWINA,1990-02-05,0.02
NASDAQ,BWINA,1989-11-06,0.02
NASDAQ,BWINA,1989-08-07,0.01334
NASDAQ,BWINA,1989-05-10,0.01334
NASDAQ,BWINA,1989-02-06,0.01334
NASDAQ,BWINA,1988-11-04,0.01334
NASDAQ,BWINA,1988-08-08,0.01334
NASDAQ,BWINA,1988-05-10,0.01334
NASDAQ,BWINA,1988-02-08,0.01334
NASDAQ,BWINA,1986-11-07,0.01334
NASDAQ,BWINA,1986-08-04,0.01066
NASDAQ,BBOX,2009-12-22,0.06
NASDAQ,BBOX,2009-09-23,0.06
NASDAQ,BBOX,2009-06-24,0.06
NASDAQ,BBOX,2009-03-27,0.06
NASDAQ,BBOX,2008-12-23,0.06
NASDAQ,BBOX,2008-09-24,0.06
NASDAQ,BBOX,2008-06-26,0.06
NASDAQ,BBOX,2008-03-27,0.06
NASDAQ,BBOX,2007-12-26,0.06
NASDAQ,BBOX,2007-09-26,0.06
NASDAQ,BBOX,2007-06-27,0.06
NASDAQ,BBOX,2007-03-28,0.06
NASDAQ,BBOX,2006-12-27,0.06
NASDAQ,BBOX,2006-09-27,0.06
NASDAQ,BBOX,2006-06-28,0.06
NASDAQ,BBOX,2006-03-29,0.06
NASDAQ,BBOX,2005-12-28,0.06
NASDAQ,BBOX,2005-09-28,0.06
NASDAQ,BBOX,2005-06-28,0.06
NASDAQ,BBOX,2005-03-29,0.06
NASDAQ,BBOX,2004-12-29,0.06
NASDAQ,BBOX,2004-09-28,0.06
NASDAQ,BBOX,2004-06-28,0.05
NASDAQ,BBOX,2004-03-29,0.05
NASDAQ,BBOX,2003-12-29,0.05
NASDAQ,BBOX,2003-09-26,0.05
NASDAQ,BBOX,2003-06-26,0.05
NASDAQ,BBOX,2003-03-27,0.05
NASDAQ,BBOX,2002-12-27,0.05
NASDAQ,BBOX,1994-06-06,9.5
NASDAQ,BONT,2009-01-13,0.05
NASDAQ,BONT,2008-10-10,0.05
NASDAQ,BONT,2008-07-11,0.05
NASDAQ,BONT,2008-04-11,0.05
NASDAQ,BONT,2007-12-28,0.05
NASDAQ,BONT,2007-09-27,0.05
NASDAQ,BONT,2007-07-12,0.05
NASDAQ,BONT,2007-04-12,0.05
NASDAQ,BONT,2006-12-28,0.025
NASDAQ,BONT,2006-09-28,0.025
NASDAQ,BONT,2006-07-12,0.025
NASDAQ,BONT,2006-04-11,0.025
NASDAQ,BONT,2005-12-28,0.025
NASDAQ,BONT,2005-09-28,0.025
NASDAQ,BONT,2005-06-29,0.025
NASDAQ,BONT,2005-03-30,0.025
NASDAQ,BONT,2004-12-29,0.025
NASDAQ,BONT,2004-09-29,0.025
NASDAQ,BONT,2004-06-29,0.025
NASDAQ,BONT,2004-03-30,0.025
NASDAQ,BONT,2003-12-29,0.025
NASDAQ,BONT,2003-09-29,0.025
NASDAQ,BONT,2003-06-27,0.025
NASDAQ,BANR,2010-01-13,0.01
NASDAQ,BANR,2009-10-15,0.01
NASDAQ,BANR,2009-06-30,0.01
NASDAQ,BANR,2009-04-01,0.01
NASDAQ,BANR,2008-12-29,0.05
NASDAQ,BANR,2008-10-02,0.05
NASDAQ,BANR,2008-06-26,0.2
NASDAQ,BANR,2008-03-27,0.2
NASDAQ,BANR,2007-12-27,0.2
NASDAQ,BANR,2007-09-26,0.19
NASDAQ,BANR,2007-06-27,0.19
NASDAQ,BANR,2007-03-28,0.19
NASDAQ,BANR,2006-12-27,0.19
NASDAQ,BANR,2006-09-28,0.18
NASDAQ,BANR,2006-06-28,0.18
NASDAQ,BANR,2006-03-29,0.18
NASDAQ,BANR,2005-12-28,0.18
NASDAQ,BANR,2005-09-28,0.17
NASDAQ,BANR,2005-06-28,0.17
NASDAQ,BANR,2005-03-29,0.17
NASDAQ,BANR,2004-12-29,0.17
NASDAQ,BANR,2004-09-28,0.16
NASDAQ,BANR,2004-06-28,0.16
NASDAQ,BANR,2004-03-29,0.16
NASDAQ,BANR,2003-12-29,0.16
NASDAQ,BANR,2003-09-26,0.15
NASDAQ,BANR,2003-06-26,0.15
NASDAQ,BANR,2003-03-27,0.15
NASDAQ,BANR,2002-12-27,0.15
NASDAQ,BANR,2002-09-26,0.15
NASDAQ,BANR,2002-06-26,0.15
NASDAQ,BANR,2002-03-26,0.15
NASDAQ,BANR,2001-12-27,0.14
NASDAQ,BANR,2001-09-26,0.14
NASDAQ,BANR,2001-06-27,0.14
NASDAQ,BANR,2001-03-28,0.14
NASDAQ,BANR,2000-12-27,0.14
NASDAQ,BANR,2000-09-27,0.12727
NASDAQ,BANR,2000-06-28,0.12727
NASDAQ,BANR,2000-03-29,0.12727
NASDAQ,BANR,1999-12-29,0.10909
NASDAQ,BANR,1999-09-28,0.10909
NASDAQ,BANR,1999-06-28,0.10909
NASDAQ,BANR,1999-03-29,0.10909
NASDAQ,BANR,1998-12-29,0.08182
NASDAQ,BANR,1998-09-28,0.07455
NASDAQ,BANR,1998-08-06,0.07455
NASDAQ,BANR,1998-06-26,0.07438
NASDAQ,BANR,1998-03-27,0.07438
NASDAQ,BANR,1997-12-29,0.05785
NASDAQ,BANR,1997-09-26,0.05785
NASDAQ,BANR,1997-06-26,0.05785
NASDAQ,BANR,1997-03-26,0.05785
NASDAQ,BANR,1996-12-27,0.04132
NASDAQ,BANR,1996-09-26,0.04132
NASDAQ,BANR,1996-06-26,0.04132
NASDAQ,BANR,1996-03-27,0.04132
NASDAQ,BPOP,2009-03-11,0.02
NASDAQ,BPOP,2008-12-10,0.08
NASDAQ,BPOP,2008-09-10,0.08
NASDAQ,BPOP,2008-06-11,0.16
NASDAQ,BPOP,2008-03-12,0.16
NASDAQ,BPOP,2007-12-12,0.16
NASDAQ,BPOP,2007-09-12,0.16
NASDAQ,BPOP,2007-06-06,0.16
NASDAQ,BPOP,2007-03-07,0.16
NASDAQ,BPOP,2006-12-06,0.16
NASDAQ,BPOP,2006-09-06,0.16
NASDAQ,BPOP,2006-06-07,0.16
NASDAQ,BPOP,2006-03-08,0.16
NASDAQ,BPOP,2005-12-07,0.16
NASDAQ,BPOP,2005-09-07,0.16
NASDAQ,BPOP,2005-06-08,0.16
NASDAQ,BPOP,2005-03-09,0.16
NASDAQ,BPOP,2004-12-08,0.16
NASDAQ,BPOP,2004-09-09,0.16
NASDAQ,BPOP,2004-06-09,0.16
NASDAQ,BPOP,2004-03-10,0.135
NASDAQ,BPOP,2003-12-10,0.135
NASDAQ,BPOP,2003-09-10,0.135
NASDAQ,BPOP,2003-06-11,0.135
NASDAQ,BPOP,2003-03-05,0.1
NASDAQ,BPOP,2002-12-11,0.1
NASDAQ,BPOP,2002-09-11,0.1
NASDAQ,BPOP,2002-06-12,0.1
NASDAQ,BPOP,2002-03-06,0.1
NASDAQ,BPOP,2001-12-12,0.1
NASDAQ,BPOP,2001-06-06,0.1
NASDAQ,BPOP,2001-03-07,0.08
NASDAQ,BPOP,2000-12-06,0.08
NASDAQ,BPOP,2000-09-06,0.08
NASDAQ,BPOP,2000-06-07,0.08
NASDAQ,BPOP,2000-03-08,0.08
NASDAQ,BPOP,1999-12-08,0.08
NASDAQ,BPOP,1999-09-08,0.08
NASDAQ,BPOP,1999-05-25,0.07
NASDAQ,BPOP,1999-03-10,0.07
NASDAQ,BPOP,1998-12-09,0.07
NASDAQ,BPOP,1998-09-09,0.07
NASDAQ,BPOP,1998-07-27,0.055
NASDAQ,BPOP,1998-06-10,0.055
NASDAQ,BPOP,1998-03-11,0.055
NASDAQ,BPOP,1997-12-10,0.055
NASDAQ,BPOP,1997-09-10,0.055
NASDAQ,BPOP,1997-06-11,0.045
NASDAQ,BPOP,1997-03-12,0.045
NASDAQ,BPOP,1996-12-11,0.045
NASDAQ,BPOP,1996-09-11,0.045
NASDAQ,BPOP,1996-06-12,0.045
NASDAQ,BPOP,1996-03-13,0.0375
NASDAQ,BPOP,1995-12-13,0.0375
NASDAQ,BPOP,1995-09-13,0.0375
NASDAQ,BPOP,1995-06-14,0.0375
NASDAQ,BPOP,1995-03-13,0.03125
NASDAQ,BPOP,1994-12-12,0.03125
NASDAQ,BPOP,1994-09-12,0.03125
NASDAQ,BPOP,1994-06-13,0.03125
NASDAQ,BPOP,1994-03-07,0.03125
NASDAQ,BPOP,1993-12-13,0.03125
NASDAQ,BPOP,1993-09-13,0.03125
NASDAQ,BPOP,1993-06-14,0.025
NASDAQ,BPOP,1993-03-08,0.025
NASDAQ,BPOP,1992-12-07,0.025
NASDAQ,BPOP,1992-09-04,0.025
NASDAQ,BPOP,1992-06-08,0.025
NASDAQ,BPOP,1992-03-10,0.025
NASDAQ,BPOP,1991-12-10,0.025
NASDAQ,BPOP,1991-09-09,0.01562
NASDAQ,BPOP,1991-06-10,0.01562
NASDAQ,BPOP,1991-03-15,0.01562
NASDAQ,BPOP,1990-12-03,0.017
NASDAQ,BOOM,2009-12-29,0.04
NASDAQ,BOOM,2009-09-28,0.04
NASDAQ,BOOM,2009-06-26,0.04
NASDAQ,BOOM,2008-06-25,0.15
NASDAQ,BOOM,2007-06-20,0.15
NASDAQ,BOOM,2006-03-08,0.15
NASDAQ,BOOM,2005-06-22,0.1
NASDAQ,BBXT,2008-12-11,0.531
NASDAQ,BBXT,2008-09-11,0.531
NASDAQ,BBXT,2008-06-12,0.531
NASDAQ,BBXT,2008-03-17,0.531
NASDAQ,BBXT,2007-12-12,0.531
NASDAQ,BBXT,2007-09-12,0.531
NASDAQ,BBXT,2007-06-13,0.531
NASDAQ,BBXT,2007-03-13,0.531
NASDAQ,BBXT,2006-12-13,0.531
NASDAQ,BBXT,2006-09-13,0.531
NASDAQ,BBXT,2006-06-13,0.531
NASDAQ,BBXT,2006-03-13,0.531
NASDAQ,BBXT,2005-12-13,0.531
NASDAQ,BBXT,2005-09-13,0.531
NASDAQ,BBXT,2005-06-13,0.531
NASDAQ,BBXT,2005-03-11,0.531
NASDAQ,BBXT,2004-12-13,0.531
NASDAQ,BBXT,2004-09-13,0.531
NASDAQ,BBXT,2004-06-14,0.531
NASDAQ,BBXT,2004-03-11,0.531
NASDAQ,BBXT,2003-12-11,0.531
NASDAQ,BBXT,2003-09-11,0.531
NASDAQ,BBXT,2003-06-11,0.531
NASDAQ,BBXT,2003-03-12,0.531
NASDAQ,BBXT,2002-12-11,0.531
NASDAQ,BBXT,2002-09-11,0.531
NASDAQ,BBXT,2002-06-14,0.531
NASDAQ,BBXT,2002-03-20,0.159
NASDAQ,BCAR,2009-01-05,0.05
NASDAQ,BCAR,2008-10-06,0.05
NASDAQ,BCAR,2008-07-07,0.05
NASDAQ,BCAR,2008-04-07,0.05
NASDAQ,BCAR,2008-01-02,0.05
NASDAQ,BCAR,2007-10-05,0.05
NASDAQ,BCAR,2007-07-09,0.05
NASDAQ,BCAR,2007-04-09,0.05
NASDAQ,BCAR,2007-01-03,0.05
NASDAQ,BCAR,2006-10-06,0.05
NASDAQ,BCAR,2006-07-10,0.05
NASDAQ,BCAR,2006-04-03,0.05
NASDAQ,BCAR,2006-01-04,0.05
NASDAQ,BCAR,2005-10-05,0.04167
NASDAQ,BCAR,2005-07-01,0.04167
NASDAQ,BCAR,2005-04-04,0.04167
NASDAQ,BCAR,2004-12-16,0.04167
NASDAQ,BCAR,2004-09-23,0.04167
NASDAQ,BCAR,2004-07-01,0.04167
NASDAQ,BCAR,2004-03-30,0.04167
NASDAQ,BCAR,2003-12-30,0.04167
NASDAQ,BRKL,2010-01-28,0.085
NASDAQ,BRKL,2009-10-28,0.085
NASDAQ,BRKL,2009-07-29,0.085
NASDAQ,BRKL,2009-04-28,0.085
NASDAQ,BRKL,2009-02-03,0.285
NASDAQ,BRKL,2008-10-29,0.085
NASDAQ,BRKL,2008-07-29,0.285
NASDAQ,BRKL,2008-04-28,0.085
NASDAQ,BRKL,2008-01-30,0.285
NASDAQ,BRKL,2007-10-29,0.085
NASDAQ,BRKL,2007-07-27,0.285
NASDAQ,BRKL,2007-04-26,0.085
NASDAQ,BRKL,2007-01-31,0.285
NASDAQ,BRKL,2006-10-27,0.085
NASDAQ,BRKL,2006-07-27,0.285
NASDAQ,BRKL,2006-04-26,0.085
NASDAQ,BRKL,2006-01-27,0.285
NASDAQ,BRKL,2005-10-27,0.085
NASDAQ,BRKL,2005-07-27,0.285
NASDAQ,BRKL,2005-04-27,0.085
NASDAQ,BRKL,2005-01-27,0.285
NASDAQ,BRKL,2004-10-27,0.085
NASDAQ,BRKL,2004-07-28,0.285
NASDAQ,BRKL,2004-04-28,0.085
NASDAQ,BRKL,2004-01-28,0.285
NASDAQ,BRKL,2003-10-29,0.085
NASDAQ,BRKL,2003-07-29,0.285
NASDAQ,BRKL,2003-04-28,0.085
NASDAQ,BRKL,2003-01-29,0.085
NASDAQ,BRKL,2002-10-29,0.085
NASDAQ,BRKL,2002-07-29,0.085
NASDAQ,BRKL,2002-04-26,0.07316
NASDAQ,BRKL,2002-01-29,0.07316
NASDAQ,BRKL,2001-10-29,0.07316
NASDAQ,BRKL,2001-07-27,0.07316
NASDAQ,BRKL,2001-04-26,0.03201
NASDAQ,BRKL,2001-01-29,0.03201
NASDAQ,BRKL,2000-10-27,0.02743
NASDAQ,BRKL,2000-07-27,0.02743
NASDAQ,BRKL,2000-04-27,0.02743
NASDAQ,BRKL,2000-01-27,0.02743
NASDAQ,BRKL,1999-10-27,0.02743
NASDAQ,BRKL,1999-07-28,0.02286
NASDAQ,BRKL,1999-04-28,0.02286
