exchange,stock_symbol,date,dividends
NASDAQ,HTBK,2009-02-25,0.02
NASDAQ,HTBK,2008-11-17,0.08
NASDAQ,HTBK,2008-08-13,0.08
NASDAQ,HTBK,2008-05-14,0.08
NASDAQ,HTBK,2008-02-25,0.08
NASDAQ,HTBK,2007-11-15,0.08
NASDAQ,HTBK,2007-08-14,0.06
NASDAQ,HTBK,2007-05-11,0.06
NASDAQ,HTBK,2007-02-20,0.06
NASDAQ,HTBK,2006-11-07,0.05
NASDAQ,HTBK,2006-08-08,0.05
NASDAQ,HTBK,2006-05-09,0.05
NASDAQ,HTBK,2006-02-15,0.05
NASDAQ,HTBK,2005-03-04,0.001
NASDAQ,HBAN,2009-12-16,0.01
NASDAQ,HBAN,2009-09-09,0.01
NASDAQ,HBAN,2009-06-10,0.01
NASDAQ,HBAN,2009-03-11,0.01
NASDAQ,HBAN,2008-12-10,0.133
NASDAQ,HBAN,2008-09-10,0.133
NASDAQ,HBAN,2008-06-11,0.133
NASDAQ,HBAN,2008-03-12,0.265
NASDAQ,HBAN,2007-12-12,0.265
NASDAQ,HBAN,2007-09-12,0.265
NASDAQ,HBAN,2007-06-13,0.265
NASDAQ,HBAN,2007-03-13,0.265
NASDAQ,HBAN,2006-12-13,0.25
NASDAQ,HBAN,2006-09-13,0.25
NASDAQ,HBAN,2006-06-14,0.25
NASDAQ,HBAN,2006-03-15,0.25
NASDAQ,HBAN,2005-12-14,0.215
NASDAQ,HBAN,2005-09-14,0.215
NASDAQ,HBAN,2005-06-14,0.215
NASDAQ,HBAN,2005-03-15,0.2
NASDAQ,HBAN,2004-12-15,0.2
NASDAQ,HBAN,2004-09-15,0.2
NASDAQ,HBAN,2004-06-16,0.175
NASDAQ,HBAN,2004-03-17,0.175
NASDAQ,HBAN,2003-12-17,0.175
NASDAQ,HBAN,2003-09-17,0.175
NASDAQ,HBAN,2003-06-12,0.16
NASDAQ,HBAN,2003-03-17,0.16
NASDAQ,HBAN,2002-12-18,0.16
NASDAQ,HBAN,2002-09-18,0.16
NASDAQ,HBAN,2002-06-12,0.16
NASDAQ,HBAN,2002-03-13,0.16
NASDAQ,HBAN,2001-12-13,0.16
NASDAQ,HBAN,2001-06-13,0.2
NASDAQ,HBAN,2001-03-14,0.2
NASDAQ,HBAN,2000-12-13,0.2
NASDAQ,HBAN,2000-09-13,0.2
NASDAQ,HBAN,2000-06-14,0.18182
NASDAQ,HBAN,2000-03-14,0.18182
NASDAQ,HBAN,1999-12-14,0.18182
NASDAQ,HBAN,1999-09-14,0.18182
NASDAQ,HBAN,1999-06-14,0.16529
NASDAQ,HBAN,1999-03-15,0.16529
NASDAQ,HBAN,1998-12-14,0.16529
NASDAQ,HBAN,1998-09-14,0.16529
NASDAQ,HBAN,1998-06-11,0.15026
NASDAQ,HBAN,1998-03-13,0.15026
NASDAQ,HBAN,1997-12-12,0.15026
NASDAQ,HBAN,1997-09-12,0.15026
NASDAQ,HBAN,1997-07-11,0.13674
NASDAQ,HBAN,1997-06-12,0.1366
NASDAQ,HBAN,1997-03-13,0.1366
NASDAQ,HBAN,1996-12-12,0.1366
NASDAQ,HBAN,1996-09-12,0.1366
NASDAQ,HBAN,1996-07-12,0.12431
NASDAQ,HBAN,1996-06-12,0.12418
NASDAQ,HBAN,1996-03-13,0.12418
NASDAQ,HBAN,1995-12-12,0.12418
NASDAQ,HBAN,1995-09-13,0.12418
NASDAQ,HBAN,1995-07-12,0.11797
NASDAQ,HBAN,1995-06-14,0.12418
NASDAQ,HBAN,1995-03-13,0.12418
NASDAQ,HBAN,1994-12-09,0.12418
NASDAQ,HBAN,1994-09-12,0.12418
NASDAQ,HBAN,1994-06-08,0.09935
NASDAQ,HBAN,1994-03-08,0.09935
NASDAQ,HBAN,1993-12-07,0.09935
NASDAQ,HBAN,1993-09-07,0.09935
NASDAQ,HBAN,1993-07-12,0.09935
NASDAQ,HBAN,1993-06-08,0.10928
NASDAQ,HBAN,1993-03-02,0.08941
NASDAQ,HBAN,1992-12-08,0.08941
NASDAQ,HBAN,1992-09-08,0.08941
NASDAQ,HBAN,1992-06-02,0.09935
NASDAQ,HBAN,1992-03-03,0.09935
NASDAQ,HBAN,1991-09-03,0.09935
NASDAQ,HBAN,1991-07-09,0.09935
NASDAQ,HBAN,1991-06-04,0.10432
NASDAQ,HBAN,1991-03-05,0.09935
NASDAQ,HBAN,1990-09-04,0.09935
NASDAQ,HBAN,1990-06-05,0.10034
NASDAQ,HOME,2009-11-27,0.055
NASDAQ,HOME,2009-08-26,0.055
NASDAQ,HOME,2009-05-27,0.055
NASDAQ,HOME,2009-02-25,0.055
NASDAQ,HOME,2008-11-25,0.055
NASDAQ,HOME,2008-08-27,0.055
NASDAQ,HOME,2008-05-28,0.055
NASDAQ,HOME,2008-02-25,0.055
NASDAQ,HOME,2007-11-28,0.04842
NASDAQ,HOME,2007-08-29,0.04842
NASDAQ,HOME,2007-05-30,0.04842
NASDAQ,HOME,2007-02-27,0.04842
NASDAQ,HOME,2006-11-29,0.04842
NASDAQ,HOME,2006-08-30,0.04842
NASDAQ,HOME,2006-05-30,0.04842
NASDAQ,HOME,2006-03-08,0.04842
NASDAQ,HOME,2005-11-29,0.04401
NASDAQ,HOME,2005-08-30,0.04401
NASDAQ,HOME,2005-07-25,0.04401
NASDAQ,HOME,2005-05-31,0.04401
NASDAQ,HPGP,2009-02-03,0.1
NASDAQ,HPGP,2008-10-31,0.318
NASDAQ,HPGP,2008-07-31,0.305
NASDAQ,HPGP,2008-05-01,0.28
NASDAQ,HPGP,2008-01-31,0.255
NASDAQ,HPGP,2007-11-02,0.23
NASDAQ,HPGP,2007-08-06,0.22
NASDAQ,HPGP,2007-05-02,0.208
NASDAQ,HPGP,2007-02-01,0.208
NASDAQ,HIMX,2009-06-18,0.3
NASDAQ,HIMX,2008-06-12,0.35
NASDAQ,HIMX,2007-10-03,0.2
NASDAQ,HWAY,1997-12-04,2.05034
NASDAQ,HLND,2009-02-03,0.45
NASDAQ,HLND,2008-10-31,0.88
NASDAQ,HLND,2008-07-31,0.863
NASDAQ,HLND,2008-05-01,0.828
NASDAQ,HLND,2008-01-31,0.795
NASDAQ,HLND,2007-11-02,0.755
NASDAQ,HLND,2007-08-06,0.733
NASDAQ,HLND,2007-05-02,0.713
NASDAQ,HLND,2007-02-01,0.713
NASDAQ,HLND,2006-11-02,0.7
NASDAQ,HLND,2006-08-02,0.675
NASDAQ,HLND,2006-05-03,0.65
NASDAQ,HLND,2006-02-01,0.625
NASDAQ,HLND,2005-11-02,0.513
NASDAQ,HLND,2005-08-03,0.463
NASDAQ,HLND,2005-05-03,0.225
NASDAQ,HBNC,2009-12-30,0.17
NASDAQ,HBNC,2009-09-30,0.17
NASDAQ,HBNC,2009-06-30,0.17
NASDAQ,HBNC,2009-04-01,0.17
NASDAQ,HBNC,2008-12-30,0.17
NASDAQ,HBNC,2008-09-30,0.17
NASDAQ,HBNC,2008-07-01,0.17
NASDAQ,HBNC,2008-04-02,0.15
NASDAQ,HBNC,2008-01-02,0.15
NASDAQ,HBNC,2007-10-02,0.15
NASDAQ,HBNC,2007-07-02,0.15
NASDAQ,HBNC,2007-03-29,0.14
NASDAQ,HBNC,2007-01-03,0.14
NASDAQ,HBNC,2006-09-28,0.14
NASDAQ,HBNC,2006-06-30,0.14
NASDAQ,HBNC,2006-03-30,0.14
NASDAQ,HBNC,2005-12-29,0.14
NASDAQ,HBNC,2005-09-29,0.13
NASDAQ,HBNC,2005-06-30,0.13
NASDAQ,HBNC,2005-03-30,0.13
NASDAQ,HBNC,2004-12-30,0.13
NASDAQ,HBNC,2004-09-30,0.12
NASDAQ,HBNC,2004-06-30,0.12
NASDAQ,HBNC,2004-03-30,0.12
NASDAQ,HBNC,2003-12-30,0.12
NASDAQ,HBNC,2003-09-30,0.10667
NASDAQ,HBNC,2003-07-01,0.10667
NASDAQ,HBNC,2003-03-20,0.10667
NASDAQ,HBNC,2002-12-24,0.10667
NASDAQ,HBNC,2002-09-26,0.1
NASDAQ,HBNC,2002-06-27,0.1
NASDAQ,HBNC,2002-03-27,0.1
NASDAQ,HBANP,2009-06-29,21.25
NASDAQ,HBANP,2009-03-30,21.25
NASDAQ,HBANP,2008-12-30,21.25
NASDAQ,HBANP,2008-09-29,21.25
NASDAQ,HBANP,2008-06-27,19.597
NASDAQ,HNBC,2009-05-27,0.01
NASDAQ,HNBC,2009-02-25,0.1
NASDAQ,HNBC,2008-11-25,0.2
NASDAQ,HNBC,2008-08-27,0.2
NASDAQ,HNBC,2008-05-28,0.2
NASDAQ,HNBC,2008-02-27,0.2
NASDAQ,HNBC,2007-11-28,0.2
NASDAQ,HNBC,2007-08-28,0.2
NASDAQ,HNBC,2007-05-29,0.2
NASDAQ,HNBC,2007-02-26,0.2
NASDAQ,HNBC,2006-11-28,0.2
NASDAQ,HNBC,2006-08-29,0.19048
NASDAQ,HNBC,2006-05-26,0.18095
NASDAQ,HNBC,2006-02-24,0.18095
NASDAQ,HNBC,2005-11-28,0.21905
NASDAQ,HNBC,2005-08-29,0.17233
NASDAQ,HNBC,2005-05-26,0.16327
NASDAQ,HNBC,2005-02-24,0.16327
NASDAQ,HNBC,2004-11-23,0.19954
NASDAQ,HNBC,2004-08-25,0.1555
NASDAQ,HNBC,2004-05-26,0.14685
NASDAQ,HNBC,2004-02-25,0.14685
NASDAQ,HNBC,2003-11-25,0.16412
NASDAQ,HNBC,2003-08-27,0.13821
NASDAQ,HNBC,2003-05-28,0.1313
NASDAQ,HNBC,2003-02-26,0.1313
NASDAQ,HNBC,2002-11-26,0.14512
NASDAQ,HNBC,2002-08-28,0.11847
NASDAQ,HNBC,2002-05-29,0.11189
NASDAQ,HNBC,2002-02-27,0.11189
NASDAQ,HNBC,2001-11-28,0.12505
NASDAQ,HNBC,2001-08-29,0.1053
NASDAQ,HNBC,2001-05-30,0.09873
NASDAQ,HNBC,2001-02-27,0.09873
NASDAQ,HNBC,2000-12-13,0.1053
NASDAQ,HNBC,2000-09-13,0.09089
NASDAQ,HNBC,2000-06-14,0.08775
NASDAQ,HNBC,2000-03-15,0.08775
NASDAQ,HNBC,1999-12-15,0.10029
NASDAQ,HNBC,1999-09-14,0.0806
NASDAQ,HNBC,1999-06-16,0.07761
NASDAQ,HNBC,1999-03-17,0.07761
NASDAQ,HNBC,1998-12-16,0.07462
NASDAQ,HNBC,1998-09-16,0.07462
NASDAQ,HNBC,1998-06-17,0.07164
NASDAQ,HNBC,1998-03-18,0.07164
NASDAQ,HNBC,1997-12-17,0.06866
NASDAQ,HNBC,1997-09-10,0.06866
NASDAQ,HNBC,1997-06-10,0.06254
NASDAQ,HNBC,1997-03-12,0.06254
NASDAQ,HNBC,1996-12-11,0.0597
NASDAQ,HNBC,1996-09-11,0.0597
NASDAQ,HNBC,1996-06-12,0.054
NASDAQ,HNBC,1996-03-13,0.05415
NASDAQ,HNBC,1995-12-13,0.05143
NASDAQ,HNBC,1995-09-13,0.05143
NASDAQ,HSII,2010-02-03,0.13
NASDAQ,HSII,2009-11-04,0.13
NASDAQ,HSII,2009-08-05,0.13
NASDAQ,HSII,2009-04-29,0.13
NASDAQ,HSII,2009-02-04,0.13
NASDAQ,HSII,2008-11-05,0.13
NASDAQ,HSII,2008-07-30,0.13
NASDAQ,HSII,2008-04-30,0.13
NASDAQ,HSII,2008-01-30,0.13
NASDAQ,HSII,2007-10-31,0.13
NASDAQ,HCSG,2009-10-21,0.2
NASDAQ,HCSG,2009-07-22,0.19
NASDAQ,HCSG,2009-04-22,0.18
NASDAQ,HCSG,2009-02-04,0.17
NASDAQ,HCSG,2008-10-22,0.16
NASDAQ,HCSG,2008-07-23,0.15
NASDAQ,HCSG,2008-04-23,0.14
NASDAQ,HCSG,2008-01-31,0.13
NASDAQ,HCSG,2007-10-25,0.12
NASDAQ,HCSG,2007-07-25,0.10667
NASDAQ,HCSG,2007-04-25,0.1
NASDAQ,HCSG,2007-02-01,0.09333
NASDAQ,HCSG,2006-10-25,0.08667
NASDAQ,HCSG,2006-07-26,0.08
NASDAQ,HCSG,2006-04-26,0.07333
NASDAQ,HCSG,2006-02-01,0.06667
NASDAQ,HCSG,2005-10-27,0.06
NASDAQ,HCSG,2005-07-27,0.05333
NASDAQ,HCSG,2005-05-02,0.03111
NASDAQ,HCSG,2005-01-26,0.04
NASDAQ,HCSG,2004-10-27,0.03555
NASDAQ,HCSG,2004-07-28,0.03111
NASDAQ,HCSG,2004-04-28,0.02667
NASDAQ,HCSG,2004-01-28,0.0237
NASDAQ,HCSG,2003-10-29,0.02074
NASDAQ,HCSG,2003-09-11,0.01778
NASDAQ,HCSG,1991-03-25,0.0029
NASDAQ,HCSG,1990-03-27,0.00223
NASDAQ,HWBK,2009-12-11,0.11
NASDAQ,HWBK,2009-09-11,0.11
NASDAQ,HWBK,2009-06-11,0.106
NASDAQ,HWBK,2009-03-11,0.20192
NASDAQ,HWBK,2008-12-11,0.20192
NASDAQ,HWBK,2008-09-11,0.20192
NASDAQ,HWBK,2008-06-12,0.20192
NASDAQ,HWBK,2008-03-12,0.20192
NASDAQ,HWBK,2007-12-12,0.20192
NASDAQ,HWBK,2007-09-12,0.20192
NASDAQ,HWBK,2007-06-13,0.20192
NASDAQ,HWBK,2007-03-13,0.20192
NASDAQ,HWBK,2006-12-13,0.20192
NASDAQ,HWBK,2006-09-13,0.20192
NASDAQ,HWBK,2006-06-13,0.20192
NASDAQ,HWBK,2006-03-13,0.20192
NASDAQ,HWBK,2005-12-13,0.20192
NASDAQ,HWBK,2005-11-10,0.08654
NASDAQ,HWBK,2005-09-13,0.17308
NASDAQ,HWBK,2005-06-13,0.17308
NASDAQ,HWBK,2005-03-11,0.17308
NASDAQ,HWBK,2004-12-13,0.17308
NASDAQ,HWBK,2004-11-10,0.08654
NASDAQ,HWBK,2004-09-13,0.17308
NASDAQ,HWBK,2004-06-14,0.17308
NASDAQ,HWBK,2004-03-11,0.17308
NASDAQ,HWBK,2003-12-11,0.17308
NASDAQ,HWBK,2003-11-12,0.08654
NASDAQ,HWBK,2003-09-11,0.17308
NASDAQ,HWBK,2003-06-12,0.17308
NASDAQ,HWBK,2003-03-12,0.1282
NASDAQ,HWBK,2002-12-11,0.1282
NASDAQ,HWBK,2002-11-13,0.06411
NASDAQ,HWBK,2002-09-11,0.1282
NASDAQ,HWBK,2002-06-12,0.1282
NASDAQ,HWBK,2002-03-13,0.1218
NASDAQ,HWBK,2001-12-12,0.1218
NASDAQ,HWBK,2001-11-13,0.05769
NASDAQ,HWBK,2001-06-13,0.1218
NASDAQ,HWBK,2001-03-13,0.1218
NASDAQ,HWBK,2000-12-13,0.1218
NASDAQ,HWBK,2000-11-13,0.05769
NASDAQ,HWBK,2000-09-13,0.1218
NASDAQ,HWBK,2000-06-13,0.1218
NASDAQ,HWBK,2000-03-13,0.11859
NASDAQ,HWBK,1999-12-31,0.11859
NASDAQ,HWBK,1999-11-12,0.05449
NASDAQ,HWBK,1999-09-13,0.11752
NASDAQ,HFFC,2010-02-03,0.113
NASDAQ,HFFC,2009-11-04,0.113
NASDAQ,HFFC,2009-08-05,0.113
NASDAQ,HFFC,2009-05-06,0.113
NASDAQ,HFFC,2009-02-03,0.113
NASDAQ,HFFC,2008-11-04,0.113
NASDAQ,HFFC,2008-08-06,0.113
NASDAQ,HFFC,2008-05-06,0.108
NASDAQ,HFFC,2008-02-05,0.108
NASDAQ,HFFC,2007-11-06,0.108
NASDAQ,HFFC,2007-08-07,0.105
NASDAQ,HFFC,2007-05-08,0.105
NASDAQ,HFFC,2007-02-05,0.105
NASDAQ,HFFC,2006-11-06,0.105
NASDAQ,HFFC,2006-08-07,0.103
NASDAQ,HFFC,2006-05-08,0.103
NASDAQ,HFFC,2006-02-06,0.10273
NASDAQ,HFFC,2005-11-07,0.10273
NASDAQ,HFFC,2005-08-01,0.1
NASDAQ,HFFC,2005-05-02,0.1
NASDAQ,HFFC,2005-01-31,0.1
NASDAQ,HFFC,2004-11-01,0.1
NASDAQ,HFFC,2004-08-02,0.09818
NASDAQ,HFFC,2004-05-03,0.09818
NASDAQ,HFFC,2004-02-02,0.09818
NASDAQ,HFFC,2003-11-03,0.09752
NASDAQ,HFFC,2003-08-04,0.09752
NASDAQ,HFFC,2003-05-05,0.09505
NASDAQ,HFFC,2003-01-31,0.09505
NASDAQ,HFFC,2002-11-04,0.09505
NASDAQ,HFFC,2002-08-05,0.09505
NASDAQ,HFFC,2002-05-06,0.09091
NASDAQ,HFFC,2002-02-01,0.09091
NASDAQ,HFFC,2001-11-05,0.09091
NASDAQ,HFFC,2001-08-06,0.09091
NASDAQ,HFFC,2001-05-03,0.08677
NASDAQ,HFFC,2001-02-02,0.08677
NASDAQ,HFFC,2000-11-06,0.08677
NASDAQ,HFFC,2000-08-08,0.08677
NASDAQ,HFFC,2000-04-28,0.08265
NASDAQ,HFFC,2000-02-04,0.08265
NASDAQ,HFFC,1999-11-08,0.08265
NASDAQ,HFFC,1999-08-10,0.08265
NASDAQ,HFFC,1999-04-30,0.07438
NASDAQ,HFFC,1999-02-05,0.07438
NASDAQ,HFFC,1998-11-05,0.07438
NASDAQ,HFFC,1998-08-06,0.07438
NASDAQ,HFFC,1998-05-01,0.05785
NASDAQ,HFFC,1998-02-06,0.05785
NASDAQ,HFFC,1997-11-06,0.05785
NASDAQ,HFFC,1997-08-07,0.05785
NASDAQ,HFFC,1997-05-02,0.04959
NASDAQ,HFFC,1997-02-03,0.04959
NASDAQ,HFFC,1996-11-06,0.04959
NASDAQ,HFFC,1996-08-09,0.04959
NASDAQ,HFFC,1996-05-03,0.04518
NASDAQ,HFFC,1996-02-05,0.04518
NASDAQ,HFFC,1995-11-09,0.04545
NASDAQ,HFFC,1995-08-09,0.04545
NASDAQ,HFFC,1995-04-27,0.04132
NASDAQ,HFFC,1995-01-26,0.04132
NASDAQ,HFFC,1994-11-03,0.03444
NASDAQ,HFFC,1994-07-28,0.03444
NASDAQ,HFFC,1994-04-28,0.02755
NASDAQ,HFFC,1994-01-27,0.02755
NASDAQ,HFFC,1993-11-04,0.02755
NASDAQ,HFFC,1993-08-09,0.02755
NASDAQ,HFFC,1993-05-06,0.02755
NASDAQ,HFFC,1993-02-04,0.02755
NASDAQ,HFFC,1992-11-06,0.02755
NASDAQ,HFFC,1992-09-10,0.02755
NASDAQ,HARL,2010-02-08,0.19
NASDAQ,HARL,2009-11-06,0.19
NASDAQ,HARL,2009-08-03,0.19
NASDAQ,HARL,2009-05-04,0.18
NASDAQ,HARL,2009-02-09,0.18
NASDAQ,HARL,2008-11-03,0.18
NASDAQ,HARL,2008-08-04,0.18
NASDAQ,HARL,2008-05-05,0.17
NASDAQ,HARL,2008-02-04,0.17
NASDAQ,HARL,2007-11-05,0.17
NASDAQ,HARL,2007-08-06,0.17
NASDAQ,HARL,2007-05-07,0.17
NASDAQ,HARL,2007-02-05,0.17
NASDAQ,HARL,2006-11-06,0.17
NASDAQ,HARL,2006-08-07,0.16
NASDAQ,HARL,2006-05-08,0.16
NASDAQ,HARL,2006-02-06,0.16
NASDAQ,HARL,2005-11-07,0.16
NASDAQ,HARL,2005-08-08,0.15
NASDAQ,HARL,2005-05-09,0.15
NASDAQ,HARL,2005-02-07,0.15
NASDAQ,HARL,2004-11-08,0.132
NASDAQ,HARL,2004-08-09,0.12
NASDAQ,HARL,2004-05-10,0.12
NASDAQ,HARL,2004-02-09,0.12
NASDAQ,HARL,2003-11-03,0.12
NASDAQ,HARL,2003-08-04,0.108
NASDAQ,HARL,2003-05-05,0.096
NASDAQ,HARL,2003-02-03,0.096
NASDAQ,HARL,2002-11-04,0.096
NASDAQ,HARL,2002-08-05,0.084
NASDAQ,HARL,2002-05-06,0.084
NASDAQ,HARL,2002-02-04,0.078
NASDAQ,HARL,2001-11-05,0.078
NASDAQ,HARL,2001-08-06,0.072
NASDAQ,HARL,2001-05-07,0.072
NASDAQ,HARL,2001-02-05,0.072
NASDAQ,HARL,2000-11-06,0.072
NASDAQ,HARL,2000-08-07,0.066
NASDAQ,HARL,2000-05-08,0.066
NASDAQ,HARL,2000-02-07,0.066
NASDAQ,HARL,1999-11-08,0.066
NASDAQ,HARL,1999-08-09,0.054
NASDAQ,HARL,1999-05-10,0.054
NASDAQ,HARL,1999-02-08,0.054
NASDAQ,HARL,1998-11-06,0.054
NASDAQ,HARL,1998-08-03,0.0495
NASDAQ,HARL,1998-05-04,0.0495
NASDAQ,HARL,1998-02-09,0.0495
NASDAQ,HARL,1997-11-03,0.0495
NASDAQ,HARL,1997-08-04,0.045
NASDAQ,HARL,1997-05-05,0.045
NASDAQ,HARL,1997-02-03,0.045
NASDAQ,HARL,1996-11-04,0.0396
NASDAQ,HARL,1996-08-05,0.036
NASDAQ,HARL,1996-05-06,0.036
NASDAQ,HARL,1996-02-05,0.01872
NASDAQ,HARL,1995-11-06,0.01872
NASDAQ,HBOS,2010-02-03,0.09
NASDAQ,HBOS,2009-11-04,0.08
NASDAQ,HBOS,2009-08-05,0.08
NASDAQ,HBOS,2009-05-06,0.08
NASDAQ,HBOS,2009-02-04,0.08
NASDAQ,HBOS,2008-11-05,0.07
NASDAQ,HBOS,2008-07-30,0.07
NASDAQ,HBOS,2008-04-30,0.07
NASDAQ,HBOS,2008-01-30,0.07
NASDAQ,HBOS,2007-10-31,0.06
NASDAQ,HBOS,2007-08-01,0.06
NASDAQ,HBOS,2007-05-09,0.06
NASDAQ,HBOS,2007-01-31,0.06
NASDAQ,HBOS,2006-11-01,0.05
NASDAQ,HBOS,2006-08-02,0.05
NASDAQ,HBOS,2006-05-03,0.05
NASDAQ,HBOS,2006-02-01,0.05
NASDAQ,HBOS,2005-11-01,0.05
NASDAQ,HOMB,2010-02-08,0.06
NASDAQ,HOMB,2009-11-09,0.06
NASDAQ,HOMB,2009-08-10,0.06
NASDAQ,HOMB,2009-05-11,0.06
NASDAQ,HOMB,2009-02-09,0.06
NASDAQ,HOMB,2008-11-07,0.065
NASDAQ,HOMB,2008-08-27,0.06
NASDAQ,HOMB,2008-05-12,0.05093
NASDAQ,HOMB,2008-02-11,0.0463
NASDAQ,HOMB,2007-11-28,0.04167
NASDAQ,HOMB,2007-08-30,0.03704
NASDAQ,HOMB,2007-05-31,0.03241
NASDAQ,HOMB,2007-03-01,0.02315
NASDAQ,HOMB,2006-12-01,0.02315
NASDAQ,HOMB,2006-08-31,0.02315
NASDAQ,HMPR,2009-05-13,0.11
NASDAQ,HMPR,2009-02-25,0.11
NASDAQ,HMPR,2008-11-12,0.11
NASDAQ,HMPR,2008-08-13,0.11
NASDAQ,HMPR,2008-05-13,0.11
NASDAQ,HMPR,2008-02-13,0.11
NASDAQ,HMPR,2007-11-13,0.11
NASDAQ,HMPR,2007-08-13,0.11
NASDAQ,HMPR,2007-05-11,0.11
NASDAQ,HMPR,2007-02-13,0.1
NASDAQ,HMPR,2006-11-13,0.1
NASDAQ,HMPR,2006-08-16,0.2
NASDAQ,HMPR,2006-02-13,0.2
NASDAQ,HMPR,2005-08-17,0.18
NASDAQ,HMPR,2005-02-11,0.18
NASDAQ,HMPR,2004-08-11,0.18
NASDAQ,HMPR,2004-02-11,0.15
NASDAQ,HTLF,2009-11-24,0.1
NASDAQ,HTLF,2009-08-26,0.1
NASDAQ,HTLF,2009-05-27,0.1
NASDAQ,HTLF,2009-02-25,0.1
NASDAQ,HTLF,2008-11-25,0.1
NASDAQ,HTLF,2008-08-27,0.1
NASDAQ,HTLF,2008-05-28,0.1
NASDAQ,HTLF,2008-02-27,0.1
NASDAQ,HTLF,2007-11-28,0.1
NASDAQ,HTLF,2007-08-30,0.09
NASDAQ,HTLF,2007-05-23,0.09
NASDAQ,HTLF,2007-02-21,0.09
NASDAQ,HTLF,2006-11-21,0.09
NASDAQ,HTLF,2006-08-23,0.09
NASDAQ,HTLF,2006-05-24,0.09
NASDAQ,HTLF,2006-02-22,0.09
NASDAQ,HTLF,2005-11-22,0.09
NASDAQ,HTLF,2005-08-24,0.08
NASDAQ,HTLF,2005-05-25,0.08
NASDAQ,HTLF,2005-02-23,0.08
NASDAQ,HTLF,2004-11-23,0.08
NASDAQ,HTLF,2004-08-25,0.08
NASDAQ,HTLF,2004-05-19,0.08
NASDAQ,HTLF,2004-02-25,0.08
NASDAQ,HTLF,2003-11-25,0.07333
NASDAQ,HTLF,2003-08-27,0.06667
NASDAQ,HTLF,2003-05-28,0.06667
NASDAQ,HTLF,2003-02-26,0.06667
NASDAQ,HTLF,2002-11-26,0.06667
NASDAQ,HTLF,2002-08-28,0.06667
NASDAQ,HTLF,2002-05-29,0.06667
NASDAQ,HTLF,2002-02-27,0.06667
NASDAQ,HTLF,2001-11-28,0.06667
NASDAQ,HTLF,2001-08-29,0.06
NASDAQ,HTLF,2001-05-30,0.06
NASDAQ,HTLF,2001-02-28,0.06
NASDAQ,HFWA,2009-02-03,0.1
NASDAQ,HFWA,2008-10-10,0.14
NASDAQ,HFWA,2008-07-11,0.21
NASDAQ,HFWA,2008-04-11,0.21
NASDAQ,HFWA,2008-01-11,0.21
NASDAQ,HFWA,2007-10-11,0.21
NASDAQ,HFWA,2007-07-12,0.21
NASDAQ,HFWA,2007-04-12,0.21
NASDAQ,HFWA,2007-01-10,0.21
NASDAQ,HFWA,2006-10-12,0.205
NASDAQ,HFWA,2006-07-13,0.2
NASDAQ,HFWA,2006-04-12,0.195
NASDAQ,HFWA,2006-01-11,0.19
NASDAQ,HFWA,2005-10-13,0.185
NASDAQ,HFWA,2005-07-13,0.18
NASDAQ,HFWA,2005-04-13,0.175
NASDAQ,HFWA,2005-01-12,0.17
NASDAQ,HFWA,2004-10-13,0.165
NASDAQ,HFWA,2004-07-13,0.16
NASDAQ,HFWA,2004-04-13,0.155
NASDAQ,HFWA,2004-01-13,0.15
NASDAQ,HFWA,2003-10-10,0.145
NASDAQ,HFWA,2003-07-11,0.14
NASDAQ,HFWA,2003-04-11,0.135
NASDAQ,HFWA,2003-01-13,0.13
NASDAQ,HFWA,2002-10-10,0.125
NASDAQ,HFWA,2002-07-11,0.12
NASDAQ,HFWA,2002-04-11,0.115
NASDAQ,HFWA,2002-01-11,0.11
NASDAQ,HFWA,2001-10-11,0.105
NASDAQ,HFWA,2001-07-12,0.1
NASDAQ,HFWA,2001-04-11,0.095
NASDAQ,HFWA,2001-01-17,0.09
NASDAQ,HFWA,2000-10-12,0.085
NASDAQ,HFWA,2000-07-12,0.08
NASDAQ,HFWA,2000-04-12,0.075
NASDAQ,HFWA,2000-01-12,0.065
NASDAQ,HFWA,1999-10-13,0.065
NASDAQ,HFWA,1999-07-13,0.06
NASDAQ,HFWA,1999-04-13,0.055
NASDAQ,HFWA,1999-01-13,0.1
NASDAQ,HFWA,1998-10-02,0.1
NASDAQ,HFWA,1998-07-01,0.1
NASDAQ,HTGC,2009-12-22,0.04
NASDAQ,HTGC,2009-10-16,0.3
NASDAQ,HTGC,2009-08-12,0.3
NASDAQ,HTGC,2009-05-13,0.3
NASDAQ,HTGC,2009-02-19,0.32
NASDAQ,HTGC,2008-11-12,0.34
NASDAQ,HTGC,2008-08-13,0.34
NASDAQ,HTGC,2008-05-14,0.34
NASDAQ,HTGC,2008-02-13,0.3
NASDAQ,HTGC,2007-11-14,0.3
NASDAQ,HTGC,2007-08-14,0.3
NASDAQ,HTGC,2007-05-14,0.3
NASDAQ,HTGC,2007-02-14,0.3
NASDAQ,HTGC,2006-11-02,0.3
NASDAQ,HTGC,2006-07-27,0.3
NASDAQ,HTGC,2006-04-06,0.3
NASDAQ,HTGC,2006-01-04,0.3
NASDAQ,HTGC,2005-10-28,0.025
NASDAQ,HABC,2008-08-27,0.05
NASDAQ,HABC,2008-05-28,0.1
NASDAQ,HABC,2008-02-27,0.1
NASDAQ,HABC,2007-11-28,0.1
NASDAQ,HABC,2007-10-30,0.5
NASDAQ,HABC,2007-08-29,0.1
NASDAQ,HABC,2007-05-30,0.1
NASDAQ,HABC,2007-02-27,0.1
NASDAQ,HABC,2006-11-29,0.09
NASDAQ,HABC,2006-08-30,0.09
NASDAQ,HABC,2006-05-30,0.09
NASDAQ,HABC,2006-02-27,0.09
NASDAQ,HABC,2005-11-29,0.08
NASDAQ,HABC,2005-08-30,0.08
NASDAQ,HABC,2005-05-27,0.08
NASDAQ,HABC,2005-02-25,0.08
NASDAQ,HABC,2004-11-29,0.07
NASDAQ,HABC,2004-08-30,0.07
NASDAQ,HABC,2004-05-27,0.07
NASDAQ,HABC,2004-04-28,1.0
NASDAQ,HABC,2004-02-26,0.07
NASDAQ,HABC,2003-11-26,1.0
NASDAQ,HABC,2003-08-27,0.06
NASDAQ,HABC,2003-06-05,0.06
NASDAQ,HABC,2003-02-26,0.06
NASDAQ,HABC,2002-11-26,0.06
NASDAQ,HABC,2002-08-28,0.06
NASDAQ,HABC,2002-05-29,0.06
NASDAQ,HABC,2002-02-27,0.06
NASDAQ,HABC,2001-11-28,0.06
NASDAQ,HABC,2001-08-29,0.06
NASDAQ,HABC,2001-05-30,0.06
NASDAQ,HABC,2001-02-27,0.06
NASDAQ,HABC,2000-11-29,0.06
NASDAQ,HABC,2000-08-30,0.06
NASDAQ,HABC,2000-05-30,0.06
NASDAQ,HABC,2000-03-01,0.06
NASDAQ,HABC,1999-11-29,0.05
NASDAQ,HABC,1999-08-30,0.05
NASDAQ,HABC,1999-05-27,0.05
NASDAQ,HABC,1999-02-25,0.05
NASDAQ,HABC,1998-11-27,0.04
NASDAQ,HABC,1998-08-28,0.04
NASDAQ,HABC,1998-05-28,0.04
NASDAQ,HABC,1998-02-25,0.04
NASDAQ,HABC,1997-11-26,0.035
NASDAQ,HABC,1997-08-27,0.035
NASDAQ,HABC,1997-05-28,0.035
NASDAQ,HABC,1997-02-26,0.035
NASDAQ,HABC,1996-11-26,0.03
NASDAQ,HABC,1996-09-03,0.03
NASDAQ,HABC,1996-06-03,0.03
NASDAQ,HABC,1996-03-28,0.03
NASDAQ,HABC,1995-12-07,0.025
NASDAQ,HRZB,2008-10-15,0.05
NASDAQ,HRZB,2008-07-09,0.135
NASDAQ,HRZB,2008-04-03,0.135
NASDAQ,HRZB,2008-01-04,0.135
NASDAQ,HRZB,2007-10-09,0.13
NASDAQ,HRZB,2007-07-06,0.13
NASDAQ,HRZB,2007-04-03,0.125
NASDAQ,HRZB,2007-01-03,0.125
NASDAQ,HRZB,2006-10-25,0.125
NASDAQ,HRZB,2006-07-06,0.12
NASDAQ,HRZB,2006-04-04,0.116
NASDAQ,HRZB,2006-01-04,0.116
NASDAQ,HRZB,2006-01-03,0.116
NASDAQ,HRZB,2005-10-05,0.112
NASDAQ,HRZB,2005-07-06,0.112
NASDAQ,HRZB,2005-04-08,0.108
NASDAQ,HRZB,2005-01-06,0.108
NASDAQ,HRZB,2004-10-12,0.104
NASDAQ,HRZB,2004-07-06,0.104
NASDAQ,HRZB,2004-04-06,0.1
NASDAQ,HRZB,2004-01-06,0.1
NASDAQ,HRZB,2003-10-07,0.096
NASDAQ,HRZB,2003-07-08,0.096
NASDAQ,HRZB,2003-04-08,0.092
NASDAQ,HRZB,2003-01-03,0.092
NASDAQ,HRZB,2002-10-08,0.088
NASDAQ,HRZB,2002-07-24,0.088
NASDAQ,HRZB,2002-04-03,0.0768
NASDAQ,HRZB,2002-01-04,0.0768
NASDAQ,HRZB,2001-10-10,0.0768
NASDAQ,HRZB,2001-07-10,0.0768
NASDAQ,HRZB,2001-04-06,0.06678
NASDAQ,HRZB,2001-01-08,0.06678
NASDAQ,HRZB,2000-10-05,0.06678
NASDAQ,HRZB,2000-07-12,0.06678
NASDAQ,HRZB,2000-04-07,0.06678
NASDAQ,HRZB,2000-01-04,0.06678
NASDAQ,HRZB,1999-10-08,0.06678
NASDAQ,HRZB,1999-07-08,0.06122
NASDAQ,HRZB,1999-04-01,0.06122
NASDAQ,HRZB,1999-01-06,0.06122
NASDAQ,HRZB,1998-10-07,0.06122
NASDAQ,HRZB,1998-07-07,0.06122
NASDAQ,HRZB,1998-04-02,0.06122
NASDAQ,HRZB,1998-02-10,0.06122
NASDAQ,HRZB,1998-01-06,0.06122
NASDAQ,HRZB,1997-10-07,0.06122
NASDAQ,HRZB,1997-07-07,0.04898
NASDAQ,HRZB,1997-05-06,0.0473
NASDAQ,HRZB,1997-04-07,0.0484
NASDAQ,HRZB,1997-01-03,0.0484
NASDAQ,HRZB,1996-12-04,0.0484
NASDAQ,HRZB,1996-10-04,0.0484
NASDAQ,HRZB,1996-07-08,0.0484
NASDAQ,HRZB,1996-04-04,0.03872
NASDAQ,HRZB,1996-01-05,0.03872
NASDAQ,HRZB,1995-10-06,0.03872
NASDAQ,HRZB,1995-07-10,0.03872
NASDAQ,HRZB,1995-04-05,0.03872
NASDAQ,HRZB,1995-01-04,0.03774
NASDAQ,HRZB,1994-10-05,0.03774
NASDAQ,HRZB,1994-08-02,0.03872
NASDAQ,HRZB,1994-03-30,0.03872
NASDAQ,HRZB,1993-12-31,0.03872
NASDAQ,HRZB,1993-10-04,0.03872
NASDAQ,HRZB,1993-07-02,0.03872
NASDAQ,HRZB,1993-04-28,1.28871
NASDAQ,HRZB,1992-10-05,0.03872
NASDAQ,HRZB,1992-06-29,0.03097
NASDAQ,HRZB,1992-04-02,0.03097
NASDAQ,HRZB,1992-01-02,0.0213
NASDAQ,HRZB,1991-10-02,0.0213
NASDAQ,HRZB,1991-07-02,0.0213
NASDAQ,HRZB,1991-04-05,0.02323
NASDAQ,HRZB,1991-01-02,0.02323
NASDAQ,HRZB,1990-10-02,0.02323
NASDAQ,HRZB,1990-07-03,0.02323
NASDAQ,HRZB,1990-04-04,0.02323
NASDAQ,HAYN,2009-12-01,0.2
NASDAQ,HPCCP,2009-11-20,0.492
NASDAQ,HPCCP,2009-08-21,0.492
NASDAQ,HPCCP,2009-06-08,0.492
NASDAQ,HPCCP,2009-03-18,0.492
NASDAQ,HPCCP,2008-11-13,0.492
NASDAQ,HPCCP,2008-08-14,0.492
NASDAQ,HPCCP,2008-05-29,0.492
NASDAQ,HPCCP,2008-03-18,0.492
NASDAQ,HPCCP,2007-11-15,0.492
NASDAQ,HPCCP,2007-08-16,0.492
NASDAQ,HPCCP,2007-05-17,0.492
NASDAQ,HPCCP,2007-03-15,0.492
NASDAQ,HPCCP,2006-11-16,0.492
NASDAQ,HPCCP,2006-08-17,0.492
NASDAQ,HPCCP,2006-05-18,0.492
NASDAQ,HPCCP,2006-03-16,0.492
NASDAQ,HPCCP,2005-11-17,0.492
NASDAQ,HPCCP,2005-08-18,0.492
NASDAQ,HPCCP,2005-05-19,0.492
NASDAQ,HPCCP,2005-03-17,0.492
NASDAQ,HPCCP,2004-11-18,0.492
NASDAQ,HPCCP,2004-08-19,0.492
NASDAQ,HPCCP,2004-05-20,0.492
NASDAQ,HPCCP,2004-03-17,0.492
NASDAQ,HPCCP,2003-11-20,0.492
NASDAQ,HAFC,2008-07-02,0.03
NASDAQ,HAFC,2008-03-27,0.06
NASDAQ,HAFC,2007-12-27,0.06
NASDAQ,HAFC,2007-09-26,0.06
NASDAQ,HAFC,2007-06-27,0.06
NASDAQ,HAFC,2007-03-28,0.06
NASDAQ,HAFC,2006-12-27,0.06
NASDAQ,HAFC,2006-09-27,0.06
NASDAQ,HAFC,2006-06-29,0.06
NASDAQ,HAFC,2006-03-29,0.06
NASDAQ,HAFC,2005-12-29,0.05
NASDAQ,HAFC,2005-09-29,0.05
NASDAQ,HAFC,2005-06-29,0.05
NASDAQ,HAFC,2005-03-30,0.05
NASDAQ,HAFC,2004-12-30,0.05
NASDAQ,HAFC,2004-09-30,0.05
NASDAQ,HAFC,2004-06-29,0.05
NASDAQ,HAFC,2004-03-30,0.05
NASDAQ,HAFC,2003-12-29,0.05
NASDAQ,HAFC,2003-09-29,0.05
NASDAQ,HAFC,2003-06-27,0.05
NASDAQ,HAFC,2003-03-28,0.05
NASDAQ,HAVNP,2009-12-28,0.256
NASDAQ,HAVNP,2009-09-25,0.256
NASDAQ,HAVNP,2009-06-25,0.256
NASDAQ,HAVNP,2009-03-26,0.256
NASDAQ,HAVNP,2008-12-26,0.256
NASDAQ,HAVNP,2008-09-25,0.256
NASDAQ,HAVNP,2008-06-25,0.256
NASDAQ,HAVNP,2008-03-26,0.256
NASDAQ,HAVNP,2007-12-26,0.256
NASDAQ,HAVNP,2007-09-26,0.256
NASDAQ,HAVNP,2007-06-27,0.256
NASDAQ,HAVNP,2007-03-28,0.256
NASDAQ,HAVNP,2006-12-26,0.256
NASDAQ,HAVNP,2006-09-26,0.256
NASDAQ,HAVNP,2006-06-27,0.256
NASDAQ,HAVNP,2006-03-28,0.256
NASDAQ,HAVNP,2005-12-27,0.256
NASDAQ,HAVNP,2005-09-27,0.256
NASDAQ,HAVNP,2005-06-27,0.256
NASDAQ,HAVNP,2005-03-28,0.256
NASDAQ,HAVNP,2004-12-28,0.256
NASDAQ,HAVNP,2004-09-27,0.256
NASDAQ,HAVNP,2004-06-25,0.256
NASDAQ,HAVNP,2004-03-26,0.256
NASDAQ,HAVNP,2003-12-26,0.256
NASDAQ,HAVNP,2003-09-25,0.256
NASDAQ,HAVNP,2003-06-25,0.256
NASDAQ,HAVNP,2003-03-26,0.256
NASDAQ,HAVNP,2002-12-26,0.256
NASDAQ,HAVNP,2002-09-25,0.256
NASDAQ,HAVNP,2002-06-26,0.256
NASDAQ,HAVNP,2001-12-26,0.256
NASDAQ,HAVNP,2001-09-26,0.256
NASDAQ,HAVNP,2001-06-27,0.256
NASDAQ,HAVNP,2001-03-28,0.256
NASDAQ,HAVNP,2000-12-27,0.256
NASDAQ,HAVNP,2000-09-27,0.256
NASDAQ,HWKN,2009-09-23,0.38
NASDAQ,HWKN,2009-03-18,0.26
NASDAQ,HWKN,2008-09-24,0.26
NASDAQ,HWKN,2008-03-18,0.24
NASDAQ,HWKN,2007-09-19,0.24
NASDAQ,HWKN,2007-03-21,0.22
NASDAQ,HWKN,2006-09-20,0.22
NASDAQ,HWKN,2006-03-22,0.2
NASDAQ,HWKN,2005-09-21,0.2
NASDAQ,HWKN,2005-03-22,0.18
NASDAQ,HWKN,2004-09-22,0.18
NASDAQ,HWKN,2004-03-24,0.18
NASDAQ,HWKN,2003-09-24,0.18
NASDAQ,HWKN,2003-03-26,0.18
NASDAQ,HWKN,2002-09-18,0.15
NASDAQ,HWKN,2002-03-20,0.15
NASDAQ,HWKN,2001-09-26,0.15
NASDAQ,HWKN,2001-03-21,0.15
NASDAQ,HWKN,2000-09-13,0.15
NASDAQ,HWKN,2000-03-29,0.17
NASDAQ,HWKN,1999-09-22,0.06
NASDAQ,HWKN,1999-03-30,0.055
NASDAQ,HWKN,1998-09-23,0.05
NASDAQ,HWKN,1998-03-18,0.05
NASDAQ,HWKN,1997-09-24,0.042
NASDAQ,HWKN,1997-03-25,0.042
NASDAQ,HWKN,1996-09-25,0.08
NASDAQ,HWKN,1996-03-27,0.04
NASDAQ,HWKN,1995-09-20,0.035
NASDAQ,HWKN,1995-03-27,0.032
NASDAQ,HWKN,1994-03-21,0.025
NASDAQ,HEOP,2008-01-30,0.07619
NASDAQ,HEOP,2007-10-31,0.07619
NASDAQ,HEOP,2007-08-01,0.07619
NASDAQ,HEOP,2007-05-02,0.07619
NASDAQ,HEOP,2007-01-31,0.07619
NASDAQ,HEOP,2006-11-01,0.07619
NASDAQ,HEOP,2006-08-09,0.07619
NASDAQ,HEOP,2006-05-04,0.2381
NASDAQ,HGIC,2009-12-11,0.325
NASDAQ,HGIC,2009-09-11,0.325
NASDAQ,HGIC,2009-06-11,0.3
NASDAQ,HGIC,2009-03-12,0.3
NASDAQ,HGIC,2008-12-11,0.3
NASDAQ,HGIC,2008-09-11,0.3
NASDAQ,HGIC,2008-06-12,0.25
NASDAQ,HGIC,2008-03-12,0.25
NASDAQ,HGIC,2007-12-12,0.25
NASDAQ,HGIC,2007-09-12,0.25
NASDAQ,HGIC,2007-06-13,0.19
NASDAQ,HGIC,2007-03-13,0.19
NASDAQ,HGIC,2006-12-13,0.19
NASDAQ,HGIC,2006-09-13,0.19
NASDAQ,HGIC,2006-06-13,0.175
NASDAQ,HGIC,2006-03-13,0.175
NASDAQ,HGIC,2005-12-13,0.175
NASDAQ,HGIC,2005-09-13,0.175
NASDAQ,HGIC,2005-06-13,0.17
NASDAQ,HGIC,2005-03-11,0.17
NASDAQ,HGIC,2004-12-13,0.17
NASDAQ,HGIC,2004-09-13,0.17
NASDAQ,HGIC,2004-06-14,0.17
NASDAQ,HGIC,2004-03-11,0.17
NASDAQ,HGIC,2003-12-11,0.17
NASDAQ,HGIC,2003-09-11,0.17
NASDAQ,HGIC,2003-06-12,0.165
NASDAQ,HGIC,2003-03-13,0.165
NASDAQ,HGIC,2002-12-12,0.165
NASDAQ,HGIC,2002-09-12,0.165
NASDAQ,HGIC,2002-06-12,0.15
NASDAQ,HGIC,2002-03-13,0.15
NASDAQ,HGIC,2001-12-12,0.15
NASDAQ,HGIC,2001-06-13,0.14
NASDAQ,HGIC,2001-03-13,0.14
NASDAQ,HGIC,2000-12-13,0.14
NASDAQ,HGIC,2000-09-13,0.14
NASDAQ,HGIC,2000-06-13,0.135
NASDAQ,HGIC,2000-03-13,0.135
NASDAQ,HGIC,1999-12-13,0.135
NASDAQ,HGIC,1999-09-13,0.135
NASDAQ,HGIC,1999-06-11,0.125
NASDAQ,HGIC,1999-03-11,0.125
NASDAQ,HGIC,1998-12-11,0.125
NASDAQ,HGIC,1998-09-11,0.125
NASDAQ,HGIC,1998-06-11,0.115
NASDAQ,HGIC,1998-03-12,0.115
NASDAQ,HGIC,1997-12-11,0.115
NASDAQ,HGIC,1997-09-11,0.115
NASDAQ,HGIC,1997-06-12,0.105
NASDAQ,HGIC,1997-03-12,0.105
NASDAQ,HGIC,1996-12-12,0.105
NASDAQ,HGIC,1996-09-12,0.105
NASDAQ,HGIC,1996-06-12,0.095
NASDAQ,HGIC,1996-03-13,0.095
NASDAQ,HGIC,1995-12-13,0.095
NASDAQ,HGIC,1995-09-13,0.095
NASDAQ,HGIC,1995-06-13,0.085
NASDAQ,HGIC,1995-03-09,0.085
NASDAQ,HGIC,1994-12-09,0.085
NASDAQ,HGIC,1994-09-09,0.085
NASDAQ,HGIC,1994-06-09,0.08
NASDAQ,HGIC,1994-03-09,0.08
NASDAQ,HGIC,1993-12-09,0.08
NASDAQ,HGIC,1993-09-09,0.08
NASDAQ,HGIC,1993-06-09,0.07
NASDAQ,HGIC,1993-03-09,0.07
NASDAQ,HGIC,1992-12-04,0.07
NASDAQ,HGIC,1992-09-03,0.07
NASDAQ,HGIC,1992-06-05,0.06
NASDAQ,HGIC,1992-03-06,0.06
NASDAQ,HGIC,1991-12-06,0.06
NASDAQ,HGIC,1991-08-29,0.06
NASDAQ,HGIC,1991-05-31,0.05334
NASDAQ,HGIC,1991-03-05,0.05334
NASDAQ,HGIC,1990-12-04,0.05334
NASDAQ,HGIC,1990-08-30,0.05334
NASDAQ,HGIC,1990-06-01,0.05
NASDAQ,HCBK,2010-02-03,0.15
NASDAQ,HCBK,2009-11-04,0.15
NASDAQ,HCBK,2009-08-05,0.15
NASDAQ,HCBK,2009-05-06,0.15
NASDAQ,HCBK,2009-02-05,0.14
NASDAQ,HCBK,2008-11-06,0.13
NASDAQ,HCBK,2008-08-07,0.12
NASDAQ,HCBK,2008-05-07,0.11
NASDAQ,HCBK,2008-02-07,0.09
NASDAQ,HCBK,2007-11-08,0.085
NASDAQ,HCBK,2007-08-08,0.085
NASDAQ,HCBK,2007-04-30,0.08
NASDAQ,HCBK,2007-01-31,0.08
NASDAQ,HCBK,2006-11-01,0.075
NASDAQ,HCBK,2006-08-02,0.075
NASDAQ,HCBK,2006-05-03,0.075
NASDAQ,HCBK,2006-02-01,0.075
NASDAQ,HCBK,2005-11-02,0.07
NASDAQ,HCBK,2005-08-03,0.07
NASDAQ,HCBK,2005-05-04,0.0655
NASDAQ,HCBK,2005-02-02,0.06238
NASDAQ,HCBK,2004-11-03,0.05926
NASDAQ,HCBK,2004-08-04,0.05614
NASDAQ,HCBK,2004-05-05,0.05303
NASDAQ,HCBK,2004-02-04,0.04991
NASDAQ,HCBK,2003-11-05,0.04679
NASDAQ,HCBK,2003-08-06,0.04367
NASDAQ,HCBK,2003-05-07,0.03743
NASDAQ,HCBK,2003-02-05,0.03431
NASDAQ,HCBK,2002-11-06,0.03119
NASDAQ,HCBK,2002-08-07,0.02807
NASDAQ,HCBK,2002-05-08,0.02495
NASDAQ,HCBK,2002-02-06,0.02339
NASDAQ,HCBK,2001-11-07,0.02183
NASDAQ,HCBK,2001-08-08,0.01871
NASDAQ,HCBK,2001-05-09,0.01716
NASDAQ,HCBK,2001-02-07,0.0156
NASDAQ,HCBK,2000-11-08,0.01404
NASDAQ,HCBK,2000-08-09,0.01248
NASDAQ,HCBK,2000-05-10,0.0078
NASDAQ,HCBK,2000-03-15,0.0078
NASDAQ,HCBK,1999-11-09,0.0078
NASDAQ,HTLD,2009-12-09,0.02
NASDAQ,HTLD,2009-09-17,0.02
NASDAQ,HTLD,2009-06-17,0.02
NASDAQ,HTLD,2009-03-18,0.02
NASDAQ,HTLD,2008-12-10,0.02
NASDAQ,HTLD,2008-09-17,0.02
NASDAQ,HTLD,2008-06-18,0.02
NASDAQ,HTLD,2008-03-18,0.02
NASDAQ,HTLD,2007-12-19,0.02
NASDAQ,HTLD,2007-09-18,0.02
NASDAQ,HTLD,2007-05-22,2.02
NASDAQ,HTLD,2007-03-20,0.02
NASDAQ,HTLD,2006-12-19,0.02
NASDAQ,HTLD,2006-09-18,0.02
NASDAQ,HTLD,2006-06-20,0.02
NASDAQ,HTLD,2006-03-21,0.015
NASDAQ,HTLD,2005-12-20,0.015
NASDAQ,HTLD,2005-09-20,0.015
NASDAQ,HTLD,2005-06-16,0.015
NASDAQ,HTLD,2005-03-17,0.015
NASDAQ,HTLD,2004-12-21,0.015
NASDAQ,HTLD,2004-09-16,0.015
NASDAQ,HTLD,2004-06-17,0.01
NASDAQ,HTLD,2004-03-18,0.01
NASDAQ,HTLD,2003-12-18,0.01
NASDAQ,HTLD,2003-09-15,0.01
NASDAQ,HFBC,2009-12-29,0.12
NASDAQ,HFBC,2009-09-28,0.12
NASDAQ,HFBC,2009-06-26,0.12
NASDAQ,HFBC,2009-03-27,0.12
NASDAQ,HFBC,2008-12-29,0.12
NASDAQ,HFBC,2008-09-26,0.12
NASDAQ,HFBC,2008-06-26,0.12
NASDAQ,HFBC,2008-03-27,0.12
NASDAQ,HFBC,2007-12-27,0.12
NASDAQ,HFBC,2007-09-26,0.12
NASDAQ,HFBC,2007-06-27,0.12
NASDAQ,HFBC,2007-03-28,0.12
NASDAQ,HFBC,2006-12-27,0.12
NASDAQ,HFBC,2006-09-28,0.12
NASDAQ,HFBC,2006-06-29,0.12
NASDAQ,HFBC,2006-03-29,0.12
NASDAQ,HFBC,2005-12-28,0.12
NASDAQ,HFBC,2005-09-28,0.12
NASDAQ,HFBC,2005-06-28,0.12
NASDAQ,HFBC,2005-03-29,0.12
NASDAQ,HFBC,2004-12-29,0.12
NASDAQ,HFBC,2004-09-28,0.12
NASDAQ,HFBC,2004-06-28,0.12
NASDAQ,HFBC,2004-03-29,0.12
NASDAQ,HFBC,2003-12-29,0.12
NASDAQ,HFBC,2003-09-26,0.12
NASDAQ,HFBC,2003-06-26,0.12
NASDAQ,HFBC,2003-03-27,0.11
NASDAQ,HFBC,2002-12-27,0.11
NASDAQ,HFBC,2002-09-27,0.11
NASDAQ,HFBC,2002-06-26,0.11
NASDAQ,HFBC,2002-03-26,0.11
NASDAQ,HFBC,2002-01-02,0.11
NASDAQ,HFBC,2001-09-26,0.11
NASDAQ,HFBC,2001-03-28,0.11
NASDAQ,HFBC,2000-12-27,0.11
NASDAQ,HFBC,2000-09-27,0.11
NASDAQ,HFBC,2000-06-28,0.11
NASDAQ,HFBC,2000-03-29,0.075
NASDAQ,HFBC,1999-12-29,0.075
NASDAQ,HFBC,1999-12-01,4.0
NASDAQ,HFBC,1999-09-28,0.075
NASDAQ,HFBC,1999-06-28,0.076
NASDAQ,HFBC,1999-03-29,0.075
NASDAQ,HIHO,2007-08-24,0.035
NASDAQ,HIHO,2006-11-24,0.16
NASDAQ,HIHO,2006-07-26,0.2
NASDAQ,HIHO,2005-11-22,0.2
NASDAQ,HIHO,2005-07-26,0.2
NASDAQ,HIHO,2004-07-26,0.1
NASDAQ,HIHO,2003-08-06,0.08
NASDAQ,HIHO,1998-10-06,0.01
NASDAQ,HDNG,2009-11-27,0.005
NASDAQ,HDNG,2009-08-28,0.005
NASDAQ,HDNG,2009-05-28,0.005
NASDAQ,HDNG,2009-02-26,0.01
NASDAQ,HDNG,2008-11-26,0.01
NASDAQ,HDNG,2008-08-27,0.05
NASDAQ,HDNG,2008-05-28,0.05
NASDAQ,HDNG,2008-02-28,0.05
NASDAQ,HDNG,2007-11-28,0.05
NASDAQ,HDNG,2007-08-29,0.05
NASDAQ,HDNG,2007-05-25,0.05
NASDAQ,HDNG,2007-02-28,0.05
NASDAQ,HDNG,2006-11-29,0.05
NASDAQ,HDNG,2006-08-30,0.03
NASDAQ,HDNG,2006-05-30,0.03
NASDAQ,HDNG,2006-02-27,0.03
NASDAQ,HDNG,2005-11-29,0.03
NASDAQ,HDNG,2005-08-30,0.03
NASDAQ,HDNG,2005-05-27,0.03
NASDAQ,HDNG,2005-02-25,0.03
NASDAQ,HDNG,2004-11-24,0.01
NASDAQ,HDNG,2004-08-30,0.01
NASDAQ,HDNG,2004-05-26,0.01
NASDAQ,HDNG,2003-11-25,0.01
NASDAQ,HDNG,2003-05-29,0.01
NASDAQ,HDNG,2002-11-26,0.01
NASDAQ,HDNG,2002-05-29,0.03
NASDAQ,HDNG,2002-02-27,0.06
NASDAQ,HDNG,2001-11-21,0.11
NASDAQ,HDNG,2001-08-28,0.14
NASDAQ,HDNG,2001-07-27,0.14
NASDAQ,HDNG,2001-05-23,0.14
NASDAQ,HDNG,2001-02-28,0.14
NASDAQ,HDNG,2000-11-21,0.14
NASDAQ,HDNG,2000-08-23,0.14
NASDAQ,HDNG,2000-05-24,0.14
NASDAQ,HDNG,2000-03-01,0.14
NASDAQ,HDNG,1999-11-22,0.14
NASDAQ,HDNG,1999-08-25,0.14
NASDAQ,HDNG,1999-05-25,0.14
NASDAQ,HDNG,1999-02-24,0.14
NASDAQ,HDNG,1998-11-23,0.14
NASDAQ,HDNG,1998-08-26,0.14
NASDAQ,HDNG,1998-05-29,0.14
NASDAQ,HDNG,1998-02-25,0.14
NASDAQ,HDNG,1997-11-24,0.14
NASDAQ,HDNG,1997-08-26,0.12667
NASDAQ,HDNG,1997-05-28,0.12667
NASDAQ,HDNG,1997-02-26,0.12667
NASDAQ,HDNG,1996-11-25,0.12667
NASDAQ,HDNG,1996-08-26,0.11333
NASDAQ,HDNG,1996-05-30,0.11333
NASDAQ,HDNG,1996-02-26,0.11333
NASDAQ,HDNG,1995-11-21,0.11333
NASDAQ,HDNG,1995-08-23,0.1
NASDAQ,HDNG,1995-05-25,0.1
NASDAQ,HWCC,2009-11-12,0.085
NASDAQ,HWCC,2009-08-12,0.085
NASDAQ,HWCC,2009-05-14,0.085
NASDAQ,HWCC,2009-02-12,0.085
NASDAQ,HWCC,2008-11-12,0.085
NASDAQ,HWCC,2008-08-13,0.085
NASDAQ,HWCC,2008-05-13,0.085
NASDAQ,HWCC,2008-02-13,0.085
NASDAQ,HWCC,2007-11-13,0.075
NASDAQ,HWCC,2007-08-13,0.075
NASDAQ,HBHC,2009-12-02,0.24
NASDAQ,HBHC,2009-09-03,0.24
NASDAQ,HBHC,2009-06-03,0.24
NASDAQ,HBHC,2009-03-03,0.24
NASDAQ,HBHC,2008-12-03,0.24
NASDAQ,HBHC,2008-09-03,0.24
NASDAQ,HBHC,2008-06-03,0.24
NASDAQ,HBHC,2008-03-03,0.24
NASDAQ,HBHC,2007-12-03,0.24
NASDAQ,HBHC,2007-08-30,0.24
NASDAQ,HBHC,2007-06-01,0.24
NASDAQ,HBHC,2007-03-05,0.24
NASDAQ,HBHC,2006-12-01,0.24
NASDAQ,HBHC,2006-08-31,0.24
NASDAQ,HBHC,2006-06-01,0.22
NASDAQ,HBHC,2006-03-01,0.195
NASDAQ,HBHC,2005-12-01,0.195
NASDAQ,HBHC,2005-09-01,0.195
NASDAQ,HBHC,2005-06-01,0.165
NASDAQ,HBHC,2005-03-02,0.165
NASDAQ,HBHC,2004-12-01,0.165
NASDAQ,HBHC,2004-09-01,0.165
NASDAQ,HBHC,2004-06-02,0.125
NASDAQ,HBHC,2004-03-03,0.125
NASDAQ,HBHC,2003-12-03,0.115
NASDAQ,HBHC,2003-09-03,0.115
NASDAQ,HBHC,2003-06-04,0.105
NASDAQ,HBHC,2003-03-06,0.105
NASDAQ,HBHC,2002-12-03,0.1
NASDAQ,HBHC,2002-09-03,0.1
NASDAQ,HBHC,2002-06-03,0.1
NASDAQ,HBHC,2002-03-07,0.1
NASDAQ,HBHC,2001-12-03,0.09334
NASDAQ,HBHC,2001-08-30,0.09334
NASDAQ,HBHC,2001-06-01,0.09334
NASDAQ,HBHC,2001-03-01,0.09334
NASDAQ,HBHC,2000-12-01,0.16667
NASDAQ,HBHC,2000-08-31,0.08334
NASDAQ,HBHC,2000-06-01,0.08334
NASDAQ,HBHC,2000-03-01,0.08334
NASDAQ,HBHC,1999-12-01,0.08334
NASDAQ,HBHC,1999-09-01,0.08334
NASDAQ,HBHC,1999-06-02,0.08334
NASDAQ,HBHC,1999-03-03,0.08334
NASDAQ,HBHC,1998-12-02,0.08334
NASDAQ,HBHC,1998-09-02,0.08334
NASDAQ,HBHC,1998-06-03,0.08334
NASDAQ,HBHC,1998-03-03,0.08334
NASDAQ,HBHC,1997-12-03,0.08334
NASDAQ,HBHC,1997-09-03,0.08334
NASDAQ,HBHC,1997-06-03,0.08334
NASDAQ,HBHC,1997-03-03,0.08334
NASDAQ,HBHC,1996-12-03,0.07266
NASDAQ,HBHC,1996-09-03,0.07247
NASDAQ,HBHC,1996-06-03,0.07247
NASDAQ,HBHC,1996-03-01,0.07247
NASDAQ,HBHC,1995-12-01,0.07247
NASDAQ,HBHC,1995-08-31,0.07247
NASDAQ,HBHC,1995-05-30,0.06667
NASDAQ,HBHC,1995-03-03,0.06667
NASDAQ,HBHC,1994-11-29,0.06667
NASDAQ,HBHC,1994-08-30,0.06667
NASDAQ,HBHC,1994-05-31,0.06667
NASDAQ,HBHC,1993-11-30,0.06521
NASDAQ,HBHC,1993-08-30,0.04927
NASDAQ,HBHC,1993-05-28,0.04927
NASDAQ,HBHC,1993-03-01,0.04927
NASDAQ,HBHC,1992-11-30,0.04347
NASDAQ,HBHC,1992-08-31,0.04347
NASDAQ,HBHC,1992-06-01,0.04347
NASDAQ,HBHC,1992-03-02,0.04347
NASDAQ,HUVL,2009-11-10,0.20909
NASDAQ,HUVL,2009-08-19,0.27273
NASDAQ,HUVL,2009-05-20,0.36364
NASDAQ,HUVL,2009-02-11,0.42727
NASDAQ,HUVL,2008-11-12,0.42149
NASDAQ,HUVL,2008-08-13,0.42149
NASDAQ,HUVL,2008-05-14,0.42149
NASDAQ,HUVL,2008-02-06,0.41323
NASDAQ,HUVL,2007-11-07,0.37566
NASDAQ,HUVL,2007-08-08,0.37566
NASDAQ,HUVL,2007-05-02,0.37566
NASDAQ,HUVL,2007-02-07,0.36814
NASDAQ,HUVL,2006-11-08,0.33467
NASDAQ,HUVL,2006-08-02,0.33467
NASDAQ,HUVL,2006-05-03,0.33467
NASDAQ,HUVL,2006-02-08,0.32102
NASDAQ,HUVL,2005-11-02,0.29184
NASDAQ,HUVL,2005-08-03,0.29184
NASDAQ,HUVL,2005-05-04,0.29184
NASDAQ,HUVL,2004-11-03,0.24837
NASDAQ,HUVL,2004-08-04,0.24837
NASDAQ,HUVL,2004-05-05,0.24837
NASDAQ,HUVL,2004-02-04,0.23145
NASDAQ,HUVL,2003-11-05,0.21041
NASDAQ,HUVL,2003-08-07,0.21041
NASDAQ,HUVL,2003-05-08,0.21041
NASDAQ,HUVL,2003-01-30,0.18986
NASDAQ,HUVL,2002-10-31,0.1726
NASDAQ,HUVL,2002-08-01,0.1726
NASDAQ,HUVL,2002-05-02,0.1726
NASDAQ,HUVL,2002-01-31,0.15862
NASDAQ,HUVL,2001-08-02,0.1442
NASDAQ,HUVL,2001-05-03,0.1442
NASDAQ,HUVL,2001-02-09,0.13147
NASDAQ,HMNF,2008-08-21,0.25
NASDAQ,HMNF,2008-05-14,0.25
NASDAQ,HMNF,2008-02-13,0.25
NASDAQ,HMNF,2007-11-20,0.25
NASDAQ,HMNF,2007-08-22,0.25
NASDAQ,HMNF,2007-05-16,0.25
NASDAQ,HMNF,2007-02-14,0.25
NASDAQ,HMNF,2006-11-21,0.25
NASDAQ,HMNF,2006-08-23,0.25
NASDAQ,HMNF,2006-05-17,0.24
NASDAQ,HMNF,2006-02-15,0.24
NASDAQ,HMNF,2005-11-22,0.24
NASDAQ,HMNF,2005-08-24,0.24
NASDAQ,HMNF,2005-05-18,0.22
NASDAQ,HMNF,2005-02-16,0.22
NASDAQ,HMNF,2004-11-23,0.22
NASDAQ,HMNF,2004-08-25,0.22
NASDAQ,HMNF,2004-05-19,0.2
NASDAQ,HMNF,2004-02-18,0.2
NASDAQ,HMNF,2003-11-25,0.2
NASDAQ,HMNF,2003-08-26,0.2
NASDAQ,HMNF,2003-05-20,0.18
NASDAQ,HMNF,2003-02-19,0.18
NASDAQ,HMNF,2002-11-20,0.18
NASDAQ,HMNF,2002-08-23,0.18
NASDAQ,HMNF,2002-05-21,0.18
NASDAQ,HMNF,2002-02-19,0.14
NASDAQ,HMNF,2001-11-20,0.14
NASDAQ,HMNF,2001-08-24,0.14
NASDAQ,HMNF,2001-05-22,0.12
NASDAQ,HMNF,2001-02-20,0.12
NASDAQ,HMNF,2000-11-20,0.12
NASDAQ,HMNF,2000-08-24,0.12
NASDAQ,HMNF,2000-05-23,0.1
NASDAQ,HMNF,2000-02-22,0.1
NASDAQ,HMNF,1999-11-19,0.08
NASDAQ,HMNF,1999-08-23,0.08
NASDAQ,HMNF,1999-05-24,0.08
NASDAQ,HMNF,1999-02-22,0.08
NASDAQ,HUSA,2009-11-27,0.005
NASDAQ,HUSA,2009-08-25,0.005
NASDAQ,HUSA,2009-05-22,0.005
NASDAQ,HUSA,2009-03-02,0.02
NASDAQ,HUSA,2008-11-25,0.02
NASDAQ,HUSA,2008-08-27,0.02
NASDAQ,HOVNP,2007-09-27,0.477
NASDAQ,HOVNP,2007-06-27,0.477
NASDAQ,HOVNP,2007-03-28,0.477
NASDAQ,HOVNP,2006-12-27,0.477
NASDAQ,HOVNP,2006-09-27,0.477
NASDAQ,HOVNP,2006-06-28,0.477
NASDAQ,HOVNP,2006-03-29,0.477
NASDAQ,HOVNP,2005-12-28,0.477
NASDAQ,HTCO,2009-11-10,0.13
NASDAQ,HTCO,2009-08-12,0.13
NASDAQ,HTCO,2009-05-13,0.13
NASDAQ,HTCO,2009-02-11,0.13
NASDAQ,HTCO,2008-11-12,0.13
NASDAQ,HTCO,2008-08-13,0.12
NASDAQ,HTCO,2008-05-13,0.12
NASDAQ,HTCO,2008-02-13,0.12
NASDAQ,HTCO,2007-11-13,0.12
NASDAQ,HTCO,2007-08-13,0.12
NASDAQ,HTCO,2007-05-11,0.12
NASDAQ,HTCO,2007-02-13,0.12
NASDAQ,HTCO,2006-11-13,0.12
NASDAQ,HTCO,2006-08-11,0.12
NASDAQ,HTCO,2006-05-11,0.12
NASDAQ,HTCO,2006-02-13,0.12
NASDAQ,HTCO,2005-11-10,0.12
NASDAQ,HTCO,2005-08-11,0.12
NASDAQ,HTCO,2005-05-11,0.12
NASDAQ,HTCO,2005-02-11,0.12
NASDAQ,HTCO,2004-11-10,0.11
NASDAQ,HTCO,2004-08-11,0.11
NASDAQ,HTCO,2004-05-12,0.11
NASDAQ,HTCO,2004-02-11,0.11
NASDAQ,HTCO,2003-11-12,0.11
NASDAQ,HTCO,2003-08-13,0.11
NASDAQ,HTCO,2003-05-01,0.11
NASDAQ,HTCO,2003-02-12,0.11
NASDAQ,HTCO,2002-11-13,0.11
NASDAQ,HTCO,2002-08-13,0.11
NASDAQ,HTCO,2002-05-13,0.11
NASDAQ,HTCO,2002-02-13,0.11
NASDAQ,HTCO,2001-11-13,0.11
NASDAQ,HTCO,2001-08-13,0.11
NASDAQ,HTCO,2001-05-11,0.11
NASDAQ,HTCO,2001-02-13,0.11
NASDAQ,HTCO,2000-11-13,0.11
NASDAQ,HTCO,2000-08-11,0.11
NASDAQ,HTCO,2000-05-11,0.11
NASDAQ,HTCO,2000-02-11,0.11
NASDAQ,HTCO,1999-11-16,0.11
NASDAQ,HTCO,1999-08-11,0.11
NASDAQ,HTCO,1999-05-12,0.11
NASDAQ,HTCO,1999-02-18,0.11
NASDAQ,HTCO,1998-11-10,0.11
NASDAQ,HTCO,1998-08-12,0.11
NASDAQ,HTCO,1998-05-13,0.11
NASDAQ,HTCO,1998-02-11,0.11
NASDAQ,HTCO,1997-11-12,0.1
NASDAQ,HTCO,1997-08-13,0.1
NASDAQ,HTCO,1997-05-13,0.1
NASDAQ,HTCO,1997-02-12,0.1
NASDAQ,HTCO,1996-11-13,0.09167
NASDAQ,HTCO,1996-08-13,0.09167
NASDAQ,HTCO,1996-05-13,0.09167
NASDAQ,HTCO,1996-02-13,0.09167
NASDAQ,HTCO,1995-11-13,0.08333
NASDAQ,HTCO,1995-08-11,0.08333
NASDAQ,HTCO,1995-05-09,0.08333
NASDAQ,HBNK,2009-11-06,0.03
NASDAQ,HBNK,2009-08-11,0.03
NASDAQ,HBNK,2009-05-11,0.03
NASDAQ,HBNK,2009-02-09,0.03
NASDAQ,HBNK,2008-11-07,0.03
NASDAQ,HBNK,2008-08-11,0.03
NASDAQ,HBNK,2008-05-12,0.03
NASDAQ,HBNK,2008-02-08,0.03
NASDAQ,HBNK,2007-11-08,0.03
NASDAQ,HBNK,2007-08-09,0.03
NASDAQ,HBNK,2007-05-10,0.03
NASDAQ,HURC,1992-10-20,0.02
NASDAQ,HURC,1992-07-28,0.02
NASDAQ,HURC,1992-04-27,0.05
NASDAQ,HURC,1992-01-27,0.05
NASDAQ,HURC,1991-10-21,0.05
NASDAQ,HURC,1991-07-26,0.05
NASDAQ,HURC,1991-01-28,0.05
NASDAQ,HURC,1990-10-23,0.05
NASDAQ,HURC,1990-08-07,0.05
NASDAQ,HURC,1990-01-26,0.05
NASDAQ,HURC,1989-10-26,0.05
NASDAQ,HWFG,2008-05-13,0.07
NASDAQ,HWFG,2008-02-12,0.125
NASDAQ,HWFG,2007-11-01,0.125
NASDAQ,HWFG,2007-06-27,0.3
NASDAQ,HWFG,2007-05-02,0.125
NASDAQ,HWFG,2007-02-01,0.125
NASDAQ,HWFG,2006-11-01,0.125
NASDAQ,HWFG,2006-08-02,0.125
NASDAQ,HWFG,2006-05-03,0.125
NASDAQ,HWFG,2006-02-01,0.125
NASDAQ,HWFG,2005-10-27,0.125
NASDAQ,HWFG,2005-08-01,0.125
NASDAQ,HWFG,2005-05-04,0.11
NASDAQ,HWFG,2005-01-27,0.11
NASDAQ,HWFG,2004-10-27,0.1
NASDAQ,HWFG,2004-07-28,0.1
NASDAQ,HWFG,2004-06-24,0.5
NASDAQ,HWFG,2004-04-26,0.1
NASDAQ,HWFG,2004-01-28,0.08333
NASDAQ,HWFG,2003-10-22,0.08333
NASDAQ,HWFG,2003-07-23,0.06667
NASDAQ,HWFG,2003-04-23,0.03333
NASDAQ,HOFT,2009-11-10,0.1
NASDAQ,HOFT,2009-08-12,0.1
NASDAQ,HOFT,2009-05-13,0.1
NASDAQ,HOFT,2009-02-11,0.1
NASDAQ,HOFT,2008-11-13,0.1
NASDAQ,HOFT,2008-08-13,0.1
NASDAQ,HOFT,2008-05-14,0.1
NASDAQ,HOFT,2008-02-12,0.1
NASDAQ,HOFT,2007-11-13,0.1
NASDAQ,HOFT,2007-08-13,0.1
NASDAQ,HOFT,2007-05-15,0.1
NASDAQ,HOFT,2007-02-14,0.1
NASDAQ,HOFT,2006-11-13,0.08
NASDAQ,HOFT,2006-08-14,0.08
NASDAQ,HOFT,2006-05-15,0.08
NASDAQ,HOFT,2006-02-10,0.07
NASDAQ,HOFT,2005-11-10,0.07
NASDAQ,HOFT,2005-08-12,0.07
NASDAQ,HOFT,2005-05-12,0.07
NASDAQ,HOFT,2005-02-11,0.07
NASDAQ,HOFT,2004-11-10,0.06
NASDAQ,HOFT,2004-08-12,0.06
NASDAQ,HOFT,2004-05-12,0.06
NASDAQ,HOFT,2004-02-11,0.06
NASDAQ,HOFT,2003-11-12,0.055
NASDAQ,HOFT,2003-08-13,0.055
NASDAQ,HOFT,2003-05-13,0.055
NASDAQ,HOFT,2003-02-12,0.05
NASDAQ,HOFT,2002-11-13,0.05
NASDAQ,HOFT,2002-08-13,0.05
NASDAQ,HIFS,2010-01-07,0.45
NASDAQ,HIFS,2009-10-07,0.22
NASDAQ,HIFS,2009-07-08,0.21
NASDAQ,HIFS,2009-04-07,0.21
NASDAQ,HIFS,2009-01-08,0.43
NASDAQ,HIFS,2008-10-08,0.21
NASDAQ,HIFS,2008-07-08,0.2
NASDAQ,HIFS,2008-04-08,0.2
NASDAQ,HIFS,2008-01-08,0.41
NASDAQ,HIFS,2007-10-05,0.2
NASDAQ,HIFS,2007-07-06,0.2
NASDAQ,HIFS,2007-04-09,0.2
NASDAQ,HIFS,2007-04-05,0.2
NASDAQ,HIFS,2007-01-08,0.4
NASDAQ,HIFS,2006-10-05,0.2
NASDAQ,HIFS,2006-07-06,0.2
NASDAQ,HIFS,2006-04-06,0.2
NASDAQ,HIFS,2006-01-06,0.2
NASDAQ,HIFS,2005-10-06,0.2
NASDAQ,HIFS,2005-07-07,0.2
NASDAQ,HIFS,2005-04-07,0.19
NASDAQ,HIFS,2005-01-06,0.39
NASDAQ,HIFS,2004-10-06,0.19
NASDAQ,HIFS,2004-07-07,0.18
NASDAQ,HIFS,2004-04-07,0.18
NASDAQ,HIFS,2004-01-07,0.37
NASDAQ,HIFS,2003-10-08,0.18
NASDAQ,HIFS,2003-07-08,0.18
NASDAQ,HIFS,2003-04-08,0.17
NASDAQ,HIFS,2003-01-08,0.35
NASDAQ,HIFS,2002-10-08,0.17
NASDAQ,HIFS,2002-07-08,0.16
NASDAQ,HIFS,2002-04-08,0.16
NASDAQ,HIFS,2002-01-08,0.31
NASDAQ,HIFS,2001-10-05,0.15
NASDAQ,HIFS,2001-07-06,0.15
NASDAQ,HIFS,2001-04-06,0.15
NASDAQ,HIFS,2001-01-08,0.28
NASDAQ,HIFS,2000-10-05,0.14
NASDAQ,HIFS,2000-07-06,0.13
NASDAQ,HIFS,2000-04-06,0.13
NASDAQ,HIFS,2000-01-06,0.24
NASDAQ,HIFS,1999-10-07,0.12
NASDAQ,HIFS,1999-07-08,0.11
NASDAQ,HIFS,1999-04-08,0.11
NASDAQ,HIFS,1999-01-07,0.1
NASDAQ,HIFS,1998-10-07,0.065
NASDAQ,HIFS,1998-07-08,0.09333
NASDAQ,HIFS,1998-04-07,0.08667
NASDAQ,HIFS,1998-01-08,0.06667
NASDAQ,HIFS,1997-10-08,0.06667
NASDAQ,HIFS,1997-07-09,0.06667
NASDAQ,HIFS,1997-04-08,0.06667
NASDAQ,HIFS,1997-01-08,0.06
NASDAQ,HIFS,1996-10-09,0.06
NASDAQ,HIFS,1996-07-09,0.04667
NASDAQ,HIFS,1996-04-09,0.04667
NASDAQ,HIFS,1996-01-09,0.04667
NASDAQ,HIFS,1995-10-06,0.04667
NASDAQ,HIFS,1995-07-07,0.04667
NASDAQ,HIFS,1995-04-05,0.03333
NASDAQ,HIFS,1995-01-04,0.02667
NASDAQ,HIFS,1994-10-04,0.02667
NASDAQ,HIFS,1994-07-05,0.02667
NASDAQ,HIFS,1994-04-05,0.02667
