exchange,stock_symbol,date,dividends
NASDAQ,RRD,2010-01-20,0.26
NASDAQ,RRD,2009-11-09,0.26
NASDAQ,RRD,2009-08-04,0.26
NASDAQ,RRD,2009-04-14,0.26
NASDAQ,RRD,2009-01-21,0.26
NASDAQ,RRD,2008-11-10,0.26
NASDAQ,RRD,2008-08-05,0.26
NASDAQ,RRD,2008-04-15,0.26
NASDAQ,RRD,2008-01-23,0.26
NASDAQ,RRD,2007-11-06,0.26
NASDAQ,RRD,2007-08-07,0.26
NASDAQ,RRD,2007-05-09,0.26
NASDAQ,RRD,2007-01-24,0.26
NASDAQ,RRD,2006-11-08,0.26
NASDAQ,RRD,2006-08-08,0.26
NASDAQ,RRD,2006-05-08,0.26
NASDAQ,RRD,2006-02-08,0.26
NASDAQ,RRD,2005-11-08,0.26
NASDAQ,RRD,2005-08-08,0.26
NASDAQ,RRD,2005-05-06,0.26
NASDAQ,RRD,2005-02-08,0.26
NASDAQ,RRD,2004-11-04,0.26
NASDAQ,RRD,2004-08-05,0.26
NASDAQ,RRD,2004-05-06,0.26
NASDAQ,RRD,2004-02-02,0.26
NASDAQ,RRD,2003-11-05,0.26
NASDAQ,RRD,2003-08-06,0.26
NASDAQ,RRD,2003-05-07,0.25
NASDAQ,RRD,2003-02-03,0.25
NASDAQ,RRD,2002-11-06,0.25
NASDAQ,RRD,2002-08-08,0.25
NASDAQ,RRD,2002-05-08,0.25
NASDAQ,RRD,2002-02-04,0.24
NASDAQ,RRD,2001-11-07,0.25
NASDAQ,RRD,2001-08-08,0.24
NASDAQ,RRD,2001-05-09,0.23
NASDAQ,RRD,2001-02-05,0.23
NASDAQ,RRD,2000-11-08,0.23
NASDAQ,RRD,2000-08-09,0.23
NASDAQ,RRD,2000-05-10,0.22
NASDAQ,RRD,2000-02-04,0.22
NASDAQ,RRD,1999-11-04,0.22
NASDAQ,RRD,1999-08-05,0.22
NASDAQ,RRD,1999-05-06,0.21
NASDAQ,RRD,1999-02-05,0.21
NASDAQ,RRD,1998-11-05,0.21
NASDAQ,RRD,1998-08-06,0.21
NASDAQ,RRD,1998-05-07,0.2
NASDAQ,RRD,1998-02-02,0.2
NASDAQ,RRD,1997-11-05,0.2
NASDAQ,RRD,1997-08-06,0.2
NASDAQ,RRD,1997-05-07,0.19
NASDAQ,RRD,1997-01-30,0.19
NASDAQ,RRD,1996-11-06,0.19
NASDAQ,RRD,1996-08-07,0.19
NASDAQ,RRD,1996-05-08,0.18
NASDAQ,RRD,1996-02-01,0.18
NASDAQ,RRD,1995-11-08,0.18
NASDAQ,RRD,1995-08-09,0.18
NASDAQ,RRD,1995-05-08,0.135
NASDAQ,RRD,1995-01-31,0.16
NASDAQ,RRD,1994-11-04,0.135
NASDAQ,RRD,1994-08-08,0.16
NASDAQ,RRD,1994-05-05,0.14
NASDAQ,RRD,1994-02-01,0.14
NASDAQ,RRD,1993-11-04,0.14
NASDAQ,RRD,1993-08-05,0.14
NASDAQ,RRD,1993-05-06,0.13
NASDAQ,RRD,1993-02-02,0.13
NASDAQ,RRD,1992-11-02,0.13
NASDAQ,RRD,1992-08-03,0.13
NASDAQ,RRD,1992-05-04,0.125
NASDAQ,RRD,1992-02-04,0.125
NASDAQ,RRD,1991-11-04,0.125
NASDAQ,RRD,1991-08-05,0.125
NASDAQ,RRD,1991-05-06,0.125
NASDAQ,RRD,1991-02-05,0.125
NASDAQ,RRD,1990-11-05,0.12
NASDAQ,RRD,1990-08-06,0.12
NASDAQ,RRD,1990-05-07,0.12
NASDAQ,RRD,1990-01-30,0.12
NASDAQ,RRD,1989-11-06,0.11
NASDAQ,RRD,1989-08-07,0.11
NASDAQ,RRD,1989-05-08,0.11
NASDAQ,RRD,1989-01-31,0.11
NASDAQ,RRD,1988-11-04,0.0975
NASDAQ,RRD,1988-08-08,0.0975
NASDAQ,RRD,1988-05-09,0.0975
NASDAQ,RRD,1988-02-02,0.0975
NASDAQ,RRD,1987-11-02,0.0875
NASDAQ,RRD,1987-08-03,0.0875
NASDAQ,RRD,1987-05-04,0.0875
NASDAQ,RRD,1987-02-03,0.0875
NASDAQ,RRD,1986-11-03,0.08
NASDAQ,RRD,1986-08-04,0.08
NASDAQ,RRD,1986-05-05,0.08
NASDAQ,RRD,1986-02-04,0.08
NASDAQ,RRD,1985-11-04,0.0725
NASDAQ,RRD,1985-08-05,0.0725
NASDAQ,ROAC,2005-11-23,0.025
NASDAQ,ROAC,2005-08-22,0.025
NASDAQ,ROAC,2005-05-24,0.025
NASDAQ,ROAC,2005-02-16,0.025
NASDAQ,ROAC,2004-11-10,0.02
NASDAQ,ROAC,2004-08-12,0.02
NASDAQ,ROAC,2004-05-12,0.02
NASDAQ,ROAC,2004-02-26,0.02
NASDAQ,ROAC,2003-11-13,0.01
NASDAQ,ROAC,2003-08-13,0.01
NASDAQ,ROAC,2003-05-13,0.01
NASDAQ,ROAC,2003-02-26,0.01
NASDAQ,RVSB,2008-09-26,0.045
NASDAQ,RVSB,2008-06-25,0.09
NASDAQ,RVSB,2008-03-27,0.09
NASDAQ,RVSB,2007-12-27,0.11
NASDAQ,RVSB,2007-09-26,0.11
NASDAQ,RVSB,2007-06-27,0.11
NASDAQ,RVSB,2007-03-28,0.1
NASDAQ,RVSB,2006-12-28,0.1
NASDAQ,RVSB,2006-12-27,0.1
NASDAQ,RVSB,2006-09-27,0.1
NASDAQ,RVSB,2006-06-28,0.095
NASDAQ,RVSB,2006-03-29,0.085
NASDAQ,RVSB,2005-12-28,0.085
NASDAQ,RVSB,2005-09-28,0.085
NASDAQ,RVSB,2005-06-28,0.085
NASDAQ,RVSB,2005-03-29,0.0775
NASDAQ,RVSB,2004-12-29,0.0775
NASDAQ,RVSB,2004-09-28,0.0775
NASDAQ,RVSB,2004-06-28,0.0775
NASDAQ,RVSB,2004-03-29,0.07
NASDAQ,RVSB,2003-12-29,0.07
NASDAQ,RVSB,2003-09-26,0.07
NASDAQ,RVSB,2003-06-26,0.07
NASDAQ,RVSB,2003-03-27,0.0625
NASDAQ,RVSB,2002-12-27,0.0625
NASDAQ,RVSB,2002-09-26,0.0625
NASDAQ,RVSB,2002-06-26,0.0625
NASDAQ,RVSB,2002-03-26,0.055
NASDAQ,RVSB,2001-12-27,0.055
NASDAQ,RVSB,2001-09-26,0.055
NASDAQ,RVSB,2001-06-27,0.055
NASDAQ,RVSB,2001-03-28,0.05
NASDAQ,RVSB,2000-12-27,0.05
NASDAQ,RVSB,2000-09-27,0.05
NASDAQ,RVSB,2000-06-28,0.05
NASDAQ,RVSB,2000-03-29,0.045
NASDAQ,RVSB,1999-12-29,0.045
NASDAQ,RVSB,1999-09-28,0.045
NASDAQ,RVSB,1999-06-28,0.03
NASDAQ,RVSB,1999-03-29,0.03
NASDAQ,RVSB,1998-12-29,0.03
NASDAQ,RVSB,1998-09-28,0.03
NASDAQ,RVSB,1998-06-26,0.03
NASDAQ,RVSB,1997-07-02,0.0069
NASDAQ,RVSB,1997-03-26,0.0069
NASDAQ,RVSB,1996-12-27,0.00986
NASDAQ,RVSB,1996-06-26,0.00986
NASDAQ,RVSB,1996-03-27,0.00806
NASDAQ,RVSB,1995-12-27,0.00806
NASDAQ,RVSB,1995-09-27,0.00806
NASDAQ,RVSB,1995-06-28,0.00806
NASDAQ,RVSB,1995-03-27,0.00806
NASDAQ,RVSB,1994-12-23,0.02241
NASDAQ,RVSB,1994-09-26,0.02241
NASDAQ,RVSB,1994-06-24,0.02241
NASDAQ,RVSB,1994-04-25,0.1165
NASDAQ,RELL,2010-02-08,0.02
NASDAQ,RELL,2009-11-04,0.02
NASDAQ,RELL,2009-08-05,0.02
NASDAQ,RELL,2009-05-06,0.02
NASDAQ,RELL,2009-02-09,0.02
NASDAQ,RELL,2008-11-05,0.02
NASDAQ,RELL,2008-07-24,0.02
NASDAQ,RELL,2008-05-07,0.02
NASDAQ,RELL,2008-02-06,0.02
NASDAQ,RELL,2007-11-05,0.04
NASDAQ,RELL,2007-07-30,0.04
NASDAQ,RELL,2007-05-07,0.04
NASDAQ,RELL,2007-02-07,0.04
NASDAQ,RELL,2006-11-06,0.04
NASDAQ,RELL,2006-07-26,0.04
NASDAQ,RELL,2006-05-08,0.04
NASDAQ,RELL,2006-02-08,0.04
NASDAQ,RELL,2005-11-04,0.04
NASDAQ,RELL,2005-07-27,0.04
NASDAQ,RELL,2005-05-06,0.04
NASDAQ,RELL,2005-02-08,0.04
NASDAQ,RELL,2004-11-04,0.04
NASDAQ,RELL,2004-08-13,0.04
NASDAQ,RELL,2004-05-06,0.04
NASDAQ,RELL,2004-02-06,0.04
NASDAQ,RELL,2003-11-05,0.04
NASDAQ,RELL,2003-08-15,0.04
NASDAQ,RELL,2003-05-07,0.04
NASDAQ,RELL,2003-02-06,0.04
NASDAQ,RELL,2002-11-06,0.04
NASDAQ,RELL,2002-08-16,0.04
NASDAQ,RELL,2002-05-08,0.04
NASDAQ,RELL,2002-02-07,0.04
NASDAQ,RELL,2001-11-07,0.04
NASDAQ,RELL,2001-08-16,0.04
NASDAQ,RELL,2001-05-09,0.04
NASDAQ,RELL,2001-02-07,0.04
NASDAQ,RELL,2000-11-08,0.04
NASDAQ,RELL,2000-08-16,0.04
NASDAQ,RELL,2000-05-10,0.04
NASDAQ,RELL,2000-02-09,0.04
NASDAQ,RELL,1999-11-08,0.04
NASDAQ,RELL,1999-08-18,0.04
NASDAQ,RELL,1999-05-11,0.04
NASDAQ,RELL,1999-02-09,0.04
NASDAQ,RELL,1998-11-06,0.04
NASDAQ,RELL,1998-08-18,0.04
NASDAQ,RELL,1998-05-13,0.04
NASDAQ,RELL,1998-02-11,0.04
NASDAQ,RELL,1997-11-06,0.04
NASDAQ,RELL,1997-08-18,0.04
NASDAQ,RELL,1997-05-14,0.04
NASDAQ,RELL,1997-02-12,0.04
NASDAQ,RELL,1996-11-12,0.04
NASDAQ,RELL,1996-08-16,0.04
NASDAQ,RELL,1996-05-14,0.04
NASDAQ,RELL,1996-02-13,0.04
NASDAQ,RELL,1995-11-17,0.04
NASDAQ,RELL,1995-08-23,0.04
NASDAQ,RELL,1995-05-12,0.04
NASDAQ,RELL,1995-02-10,0.04
NASDAQ,RELL,1994-11-16,0.04
NASDAQ,RELL,1994-08-18,0.04
NASDAQ,RELL,1994-05-19,0.04
NASDAQ,RELL,1994-02-11,0.04
NASDAQ,RELL,1993-11-16,0.04
NASDAQ,RELL,1993-08-19,0.04
NASDAQ,RELL,1993-05-19,0.04
NASDAQ,RELL,1993-02-12,0.04
NASDAQ,RELL,1992-11-16,0.04
NASDAQ,RELL,1992-08-14,0.04
NASDAQ,RELL,1992-05-20,0.04
NASDAQ,RELL,1992-02-13,0.04
NASDAQ,RELL,1991-11-18,0.04
NASDAQ,RELL,1991-08-14,0.04
NASDAQ,RELL,1991-05-22,0.04
NASDAQ,RELL,1991-02-14,0.04
NASDAQ,RELL,1990-11-16,0.04
NASDAQ,RELL,1990-08-14,0.04
NASDAQ,RELL,1990-05-24,0.04
NASDAQ,RIVR,2009-12-29,0.21
NASDAQ,RIVR,2009-09-30,0.21
NASDAQ,RIVR,2009-06-30,0.21
NASDAQ,RIVR,2009-03-25,0.21
NASDAQ,RIVR,2008-12-29,0.21
NASDAQ,RIVR,2008-09-26,0.21
NASDAQ,RIVR,2008-06-25,0.21
NASDAQ,RIVR,2008-03-26,0.21
NASDAQ,RIVR,2007-12-26,0.21
NASDAQ,RIVR,2007-09-26,0.2
NASDAQ,RIVR,2007-06-27,0.2
NASDAQ,RIVR,2007-03-28,0.2
NASDAQ,RIVR,2006-12-27,0.2
NASDAQ,RIVR,2006-09-27,0.195
NASDAQ,RIVR,2006-06-28,0.195
NASDAQ,RIVR,2006-03-29,0.195
NASDAQ,RIVR,2005-12-28,0.195
NASDAQ,RIVR,2005-09-28,0.195
NASDAQ,RIVR,2005-06-29,0.195
NASDAQ,RIVR,2005-03-29,0.19
NASDAQ,RIVR,2004-12-29,0.19
NASDAQ,RIVR,2004-09-28,0.18
NASDAQ,RIVR,2004-06-23,0.18
NASDAQ,RIVR,2004-03-24,0.17
NASDAQ,RIVR,2003-12-23,0.085
NASDAQ,RIVR,2003-09-24,0.15
NASDAQ,RIVR,2003-06-25,0.15
NASDAQ,RIVR,2003-03-26,0.125
NASDAQ,RIVR,2002-12-24,0.125
NASDAQ,RIVR,2002-09-25,0.1
NASDAQ,RIVR,2002-06-26,0.1
NASDAQ,RIVR,2002-03-26,0.075
NASDAQ,RIVR,2001-12-27,0.075
NASDAQ,RIVR,2001-09-26,0.0625
NASDAQ,RIVR,2001-06-27,0.0625
NASDAQ,RIVR,2001-03-28,0.05
NASDAQ,RIVR,2000-12-21,0.05
NASDAQ,RIVR,2000-09-27,0.0425
NASDAQ,RIVR,2000-06-28,0.0425
NASDAQ,RIVR,2000-03-22,0.0325
NASDAQ,RIVR,1999-12-21,0.0325
NASDAQ,RIVR,1999-10-13,0.0325
NASDAQ,RIVR,1999-06-28,0.033
NASDAQ,RIVR,1999-03-29,0.03
NASDAQ,RIVR,1998-12-29,0.03
NASDAQ,RIVR,1998-09-28,0.0275
NASDAQ,RIVR,1998-06-26,0.0275
NASDAQ,RIVR,1998-03-27,0.025
NASDAQ,RIVR,1997-12-29,0.025
NASDAQ,RIVR,1997-09-25,0.02
NASDAQ,RGCO,2010-01-13,0.33
NASDAQ,RGCO,2009-10-14,0.32
NASDAQ,RGCO,2009-07-15,0.32
NASDAQ,RGCO,2009-04-14,0.32
NASDAQ,RGCO,2009-01-14,0.32
NASDAQ,RGCO,2008-10-15,0.313
NASDAQ,RGCO,2008-07-15,0.313
NASDAQ,RGCO,2008-04-14,0.313
NASDAQ,RGCO,2008-01-15,0.313
NASDAQ,RGCO,2007-10-15,0.305
NASDAQ,RGCO,2007-07-13,0.305
NASDAQ,RGCO,2007-04-12,0.305
NASDAQ,RGCO,2007-01-10,0.305
NASDAQ,RGCO,2006-10-11,0.3
NASDAQ,RGCO,2006-07-12,0.3
NASDAQ,RGCO,2006-04-11,0.3
NASDAQ,RGCO,2006-01-11,0.3
NASDAQ,RGCO,2005-10-12,0.295
NASDAQ,RGCO,2005-07-13,0.295
NASDAQ,RGCO,2005-04-13,0.295
NASDAQ,RGCO,2005-01-12,0.295
NASDAQ,RGCO,2004-10-13,0.295
NASDAQ,RGCO,2004-09-28,4.5
NASDAQ,RGCO,2004-07-14,0.295
NASDAQ,RGCO,2004-04-14,0.295
NASDAQ,RGCO,2004-01-14,0.285
NASDAQ,RGCO,2003-10-15,0.285
NASDAQ,RGCO,2003-07-16,0.285
NASDAQ,RGCO,2003-04-15,0.285
NASDAQ,RGCO,2003-01-15,0.285
NASDAQ,RGCO,2002-10-16,0.285
NASDAQ,RGCO,2002-07-17,0.285
NASDAQ,RGCO,2002-04-10,0.285
NASDAQ,RGCO,2002-01-16,0.285
NASDAQ,RGCO,2001-10-10,0.28
NASDAQ,RGCO,2001-07-11,0.28
NASDAQ,RGCO,2001-04-10,0.28
NASDAQ,RGCO,2001-01-10,0.28
NASDAQ,RGCO,2000-10-11,0.275
NASDAQ,RGCO,2000-07-12,0.275
NASDAQ,RGCO,2000-04-12,0.275
NASDAQ,RGCO,2000-01-12,0.275
NASDAQ,RGCO,1999-10-13,0.27
NASDAQ,RGCO,1999-07-14,0.27
NASDAQ,RGCO,1999-04-14,0.27
NASDAQ,RGCO,1999-01-13,0.27
NASDAQ,RGCO,1998-10-14,0.265
NASDAQ,RGCO,1998-07-15,0.265
NASDAQ,RGCO,1998-04-15,0.265
NASDAQ,RGCO,1998-01-14,0.26
NASDAQ,RGCO,1997-10-15,0.26
NASDAQ,RGCO,1997-07-16,0.26
NASDAQ,RGCO,1997-04-16,0.26
NASDAQ,RGCO,1997-01-15,0.26
NASDAQ,RGCO,1996-10-16,0.255
NASDAQ,RGCO,1996-07-17,0.255
NASDAQ,RGCO,1996-04-17,0.255
NASDAQ,RGCO,1996-01-17,0.255
NASDAQ,RGCO,1995-10-11,0.25
NASDAQ,RGCO,1995-07-12,0.25
NASDAQ,RGCO,1995-04-07,0.25
NASDAQ,RGCO,1995-01-09,0.25
NASDAQ,RGCO,1994-10-07,0.25
NASDAQ,RGCO,1994-07-11,0.25
NASDAQ,RGCO,1994-04-11,0.25
NASDAQ,ROYL,2007-02-14,0.05
NASDAQ,RNST,2009-12-14,0.17
NASDAQ,RNST,2009-09-14,0.17
NASDAQ,RNST,2009-06-15,0.17
NASDAQ,RNST,2009-03-16,0.17
NASDAQ,RNST,2008-12-15,0.17
NASDAQ,RNST,2008-09-15,0.17
NASDAQ,RNST,2008-06-11,0.17
NASDAQ,RNST,2008-03-12,0.17
NASDAQ,RNST,2007-12-13,0.17
NASDAQ,RNST,2007-09-13,0.17
NASDAQ,RNST,2007-06-14,0.16
NASDAQ,RNST,2007-03-14,0.16
NASDAQ,RNST,2006-12-13,0.16
NASDAQ,RNST,2006-09-13,0.16
NASDAQ,RNST,2006-06-14,0.15333
NASDAQ,RNST,2006-03-15,0.15333
NASDAQ,RNST,2005-12-14,0.14667
NASDAQ,RNST,2005-09-14,0.14667
NASDAQ,RNST,2005-06-15,0.14667
NASDAQ,RNST,2005-03-16,0.14
NASDAQ,RNST,2004-12-13,0.14
NASDAQ,RNST,2004-09-16,0.14
NASDAQ,RNST,2004-06-14,0.13333
NASDAQ,RNST,2004-03-11,0.13333
NASDAQ,RNST,2003-12-11,0.13333
NASDAQ,RNST,2003-09-11,0.12445
NASDAQ,RNST,2003-06-11,0.12445
NASDAQ,RNST,2003-03-12,0.12
NASDAQ,RNST,2002-12-12,0.12
NASDAQ,RNST,2002-09-19,0.11555
NASDAQ,RNST,2002-06-20,0.11555
NASDAQ,RNST,2002-03-14,0.11111
NASDAQ,RNST,2001-12-18,0.11111
NASDAQ,RNST,2001-09-19,0.10667
NASDAQ,RNST,2001-06-27,0.10667
NASDAQ,RNST,2001-03-28,0.10222
NASDAQ,RNST,2000-12-21,0.09778
NASDAQ,RNST,2000-09-21,0.09778
NASDAQ,RNST,2000-06-23,0.09778
NASDAQ,RNST,2000-03-23,0.09778
NASDAQ,RNST,1999-12-22,0.09333
NASDAQ,RNST,1999-09-23,0.09333
NASDAQ,RNST,1999-06-21,0.09333
NASDAQ,RNST,1999-03-25,0.09333
NASDAQ,RNST,1998-12-18,0.08445
NASDAQ,RNST,1998-10-01,0.07778
NASDAQ,RNST,1998-06-18,0.07778
NASDAQ,RNST,1998-03-19,0.07778
NASDAQ,RNST,1997-12-29,0.06519
NASDAQ,RNST,1997-09-18,0.06519
NASDAQ,RNST,1997-06-19,0.06519
NASDAQ,RNST,1997-03-25,0.05926
NASDAQ,RNST,1996-12-19,0.05926
NASDAQ,RNST,1996-09-19,0.0563
NASDAQ,RNST,1996-06-19,0.0563
NASDAQ,RNST,1996-03-20,0.05175
NASDAQ,RNST,1995-12-20,0.05175
NASDAQ,RNST,1995-09-21,0.05175
NASDAQ,RNST,1995-06-22,0.05175
NASDAQ,RNST,1995-03-21,0.04741
NASDAQ,RNST,1994-12-19,0.04741
NASDAQ,RNST,1994-09-19,0.04543
NASDAQ,RNST,1994-06-24,0.04543
NASDAQ,RNST,1994-06-20,0.04543
NASDAQ,RNST,1994-03-15,0.04543
NASDAQ,RNST,1993-12-17,0.04543
NASDAQ,RMCF,2009-11-25,0.1
NASDAQ,RMCF,2009-09-03,0.1
NASDAQ,RMCF,2009-05-28,0.1
NASDAQ,RMCF,2009-02-25,0.1
NASDAQ,RMCF,2008-11-26,0.1
NASDAQ,RMCF,2008-08-28,0.1
NASDAQ,RMCF,2008-05-29,0.1
NASDAQ,RMCF,2008-02-27,0.1
NASDAQ,RMCF,2007-11-29,0.1
NASDAQ,RMCF,2007-08-30,0.095
NASDAQ,RMCF,2007-05-30,0.09524
NASDAQ,RMCF,2007-02-28,0.08571
NASDAQ,RMCF,2006-11-29,0.08571
NASDAQ,RMCF,2006-08-30,0.07619
NASDAQ,RMCF,2006-05-31,0.07619
NASDAQ,RMCF,2006-03-06,0.07619
NASDAQ,RMCF,2005-11-29,0.06667
NASDAQ,RMCF,2005-08-30,0.06476
NASDAQ,RMCF,2005-06-01,0.06429
NASDAQ,RMCF,2005-03-09,0.06429
NASDAQ,RMCF,2004-11-30,0.05442
NASDAQ,RMCF,2004-08-31,0.04082
NASDAQ,RMCF,2004-06-01,0.04082
NASDAQ,RMCF,2004-03-01,0.0371
NASDAQ,RMCF,2003-11-28,0.03339
NASDAQ,RMCF,2003-08-28,0.03092
NASDAQ,RCNI,2007-06-12,9.33
NASDAQ,RGNC,2010-02-03,0.445
NASDAQ,RGNC,2009-11-04,0.445
NASDAQ,RGNC,2009-08-05,0.445
NASDAQ,RGNC,2009-05-05,0.445
NASDAQ,RGNC,2009-02-04,0.445
NASDAQ,RGNC,2008-11-05,0.445
NASDAQ,RGNC,2008-08-05,0.445
NASDAQ,RGNC,2008-05-05,0.42
NASDAQ,RGNC,2008-02-05,0.4
NASDAQ,RGNC,2007-11-05,0.39
NASDAQ,RGNC,2007-08-03,0.38
NASDAQ,RGNC,2007-05-04,0.38
NASDAQ,RGNC,2007-02-05,0.37
NASDAQ,RGNC,2006-11-03,0.37
NASDAQ,RGNC,2006-08-03,0.35
NASDAQ,RGNC,2006-05-04,0.222
NASDAQ,RAVN,2009-12-22,0.14
NASDAQ,RAVN,2009-09-23,0.14
NASDAQ,RAVN,2009-06-23,0.14
NASDAQ,RAVN,2009-03-27,0.13
NASDAQ,RAVN,2008-12-22,0.13
NASDAQ,RAVN,2008-10-22,1.25
NASDAQ,RAVN,2008-09-23,0.13
NASDAQ,RAVN,2008-06-23,0.13
NASDAQ,RAVN,2008-03-27,0.13
NASDAQ,RAVN,2007-12-20,0.11
NASDAQ,RAVN,2007-09-21,0.11
NASDAQ,RAVN,2007-06-21,0.11
NASDAQ,RAVN,2007-03-28,0.11
NASDAQ,RAVN,2006-12-20,0.09
NASDAQ,RAVN,2006-09-21,0.09
NASDAQ,RAVN,2006-06-22,0.09
NASDAQ,RAVN,2006-03-23,0.09
NASDAQ,RAVN,2005-12-21,0.07
NASDAQ,RAVN,2005-09-22,0.07
NASDAQ,RAVN,2005-06-22,0.07
NASDAQ,RAVN,2005-03-23,0.07
NASDAQ,RAVN,2004-12-21,0.055
NASDAQ,RAVN,2004-09-22,0.055
NASDAQ,RAVN,2004-06-23,0.055
NASDAQ,RAVN,2004-04-29,0.625
NASDAQ,RAVN,2004-03-24,0.055
NASDAQ,RAVN,2003-12-22,0.045
NASDAQ,RAVN,2003-09-23,0.045
NASDAQ,RAVN,2003-06-23,0.04
NASDAQ,RAVN,2003-03-26,0.04
NASDAQ,RAVN,2002-12-20,0.035
NASDAQ,RAVN,2002-09-23,0.035
NASDAQ,RAVN,2002-06-21,0.035
NASDAQ,RAVN,2002-03-26,0.035
NASDAQ,RAVN,2001-12-20,0.0325
NASDAQ,RAVN,2001-09-21,0.0325
NASDAQ,RAVN,2001-06-21,0.02167
NASDAQ,RAVN,2001-03-22,0.03
NASDAQ,RAVN,2000-12-20,0.03
NASDAQ,RAVN,2000-09-21,0.03
NASDAQ,RAVN,2000-06-22,0.02833
NASDAQ,RAVN,2000-03-23,0.02833
NASDAQ,RAVN,1999-12-22,0.02833
NASDAQ,RAVN,1999-09-23,0.02833
NASDAQ,RAVN,1999-06-23,0.02667
NASDAQ,RAVN,1999-03-24,0.02667
NASDAQ,RAVN,1998-12-23,0.02667
NASDAQ,RAVN,1998-09-23,0.02667
NASDAQ,RAVN,1998-06-24,0.025
NASDAQ,RAVN,1998-03-25,0.025
NASDAQ,RAVN,1997-12-24,0.025
NASDAQ,RAVN,1997-09-23,0.025
NASDAQ,RAVN,1997-06-25,0.02167
NASDAQ,RAVN,1997-03-25,0.02167
NASDAQ,RAVN,1996-12-19,0.02167
NASDAQ,RAVN,1996-09-20,0.02167
NASDAQ,RAVN,1996-06-21,0.02
NASDAQ,RAVN,1996-03-21,0.02
NASDAQ,RAVN,1995-12-20,0.02
NASDAQ,RAVN,1995-09-20,0.02
NASDAQ,RAVN,1995-06-21,0.0175
NASDAQ,RAVN,1995-03-20,0.0175
NASDAQ,RAVN,1994-12-16,0.0175
NASDAQ,RAVN,1994-09-15,0.0175
NASDAQ,RAVN,1994-06-20,0.015
NASDAQ,RAVN,1994-03-16,0.015
NASDAQ,RAVN,1993-12-15,0.015
NASDAQ,RAVN,1993-09-15,0.015
NASDAQ,RAVN,1993-06-15,0.0125
NASDAQ,RAVN,1993-03-16,0.0125
NASDAQ,RAVN,1992-12-22,0.0125
NASDAQ,RAVN,1992-09-15,0.01244
NASDAQ,RAVN,1992-06-15,0.01111
NASDAQ,RAVN,1992-03-17,0.01111
NASDAQ,RFIL,2008-12-29,0.03
NASDAQ,RFIL,2008-09-26,0.03
NASDAQ,RFIL,2008-06-26,0.03
NASDAQ,RFIL,2008-03-27,0.03
NASDAQ,RFIL,2008-02-01,0.03
NASDAQ,RFIL,2007-09-26,0.02
NASDAQ,RFIL,2007-06-27,0.02
NASDAQ,RFIL,2007-03-28,0.02
NASDAQ,RAMS,2008-05-21,0.1
NASDAQ,RAMS,2007-11-21,0.21
NASDAQ,RAMS,2007-08-15,0.21
NASDAQ,RAMS,2007-05-23,0.14
NASDAQ,RAMS,2007-03-15,0.07
NASDAQ,RAMS,2006-11-16,0.2
NASDAQ,RAMS,2006-08-15,0.2
NASDAQ,RAMS,2006-05-17,0.14
NASDAQ,RAMS,2006-02-21,0.35
NASDAQ,RAMS,2005-11-09,0.52
NASDAQ,RCKB,2009-11-18,0.05
NASDAQ,RCKB,2009-08-20,0.05
NASDAQ,RCKB,2009-05-21,0.05
NASDAQ,RCKB,2009-02-19,0.05
NASDAQ,RCKB,2008-11-20,0.05
NASDAQ,RCKB,2008-08-21,0.05
NASDAQ,RCKB,2008-05-22,0.05
NASDAQ,RCKB,2008-02-21,0.05
NASDAQ,RCKB,2007-11-21,0.04
NASDAQ,RCKB,2007-08-16,0.04
NASDAQ,RCKB,2007-05-17,0.04
NASDAQ,RCKB,2007-02-22,0.04
NASDAQ,RCKB,2006-11-16,0.04
NASDAQ,RCKB,2006-08-17,0.04
NASDAQ,RPFG,2008-11-26,0.07
NASDAQ,RPFG,2008-08-27,0.07
NASDAQ,RPFG,2008-05-21,0.07
NASDAQ,RPFG,2008-02-28,0.07
NASDAQ,RPFG,2007-11-29,0.065
NASDAQ,RPFG,2007-08-29,0.065
NASDAQ,RPFG,2007-05-23,0.065
NASDAQ,RPFG,2007-03-01,0.065
NASDAQ,RPFG,2006-11-30,0.06
NASDAQ,RPFG,2006-08-25,0.06
NASDAQ,RPFG,2006-06-06,0.06
NASDAQ,RPFG,2006-05-30,0.06
NASDAQ,RPFG,2006-03-02,0.06
NASDAQ,RPFG,2005-11-23,0.06
NASDAQ,RPFG,2005-08-25,0.06
NASDAQ,RPFG,2005-05-25,0.06
NASDAQ,RPFG,2005-02-23,0.06
NASDAQ,RPFG,2004-11-23,0.055
NASDAQ,RPFG,2004-08-25,0.055
NASDAQ,RPFG,2004-05-26,0.05
NASDAQ,RPFG,2004-02-25,0.05
NASDAQ,ROMA,2010-01-04,0.08
NASDAQ,ROMA,2009-10-05,0.08
NASDAQ,ROMA,2009-07-06,0.08
NASDAQ,ROMA,2009-04-06,0.08
NASDAQ,ROMA,2009-01-12,0.08
NASDAQ,ROMA,2008-10-06,0.08
NASDAQ,ROMA,2008-07-07,0.08
NASDAQ,ROMA,2008-04-07,0.08
NASDAQ,ROMA,2008-01-07,0.06
NASDAQ,ROMA,2007-10-05,0.06
NASDAQ,ROMA,2007-07-09,0.06
NASDAQ,ROMA,2007-04-16,0.06
NASDAQ,REXI,2009-12-29,0.03
NASDAQ,REXI,2009-09-11,0.03
NASDAQ,REXI,2009-05-27,0.03
NASDAQ,REXI,2009-02-11,0.07
NASDAQ,REXI,2008-11-12,0.07
NASDAQ,REXI,2008-08-13,0.07
NASDAQ,REXI,2008-05-14,0.07
NASDAQ,REXI,2008-02-13,0.07
NASDAQ,REXI,2007-11-14,0.07
NASDAQ,REXI,2007-08-15,0.07
NASDAQ,REXI,2007-05-15,0.07
NASDAQ,REXI,2007-02-12,0.07
NASDAQ,REXI,2006-11-14,0.06
NASDAQ,REXI,2006-08-15,0.06
NASDAQ,REXI,2006-05-15,0.06
NASDAQ,REXI,2006-02-10,0.06
NASDAQ,REXI,2005-11-14,0.06
NASDAQ,REXI,2005-08-15,0.05
NASDAQ,REXI,2005-07-01,22.077999
NASDAQ,REXI,2005-05-13,0.05
NASDAQ,REXI,2005-02-10,0.05
NASDAQ,REXI,2004-11-12,0.05
NASDAQ,REXI,2004-08-13,0.05
NASDAQ,REXI,2004-05-12,0.033
NASDAQ,REXI,2004-02-11,0.033
NASDAQ,REXI,2003-11-12,0.033
NASDAQ,REXI,2003-08-13,0.033
NASDAQ,REXI,2003-05-14,0.033
NASDAQ,REXI,2003-02-12,0.033
NASDAQ,REXI,2002-11-13,0.033
NASDAQ,REXI,2002-08-14,0.033
NASDAQ,REXI,2002-05-15,0.033
NASDAQ,REXI,2002-02-12,0.033
NASDAQ,REXI,2001-11-14,0.033
NASDAQ,REXI,2001-08-15,0.033
NASDAQ,REXI,2001-05-15,0.033
NASDAQ,REXI,2001-02-12,0.033
NASDAQ,REXI,2000-11-14,0.033
NASDAQ,REXI,2000-08-15,0.033
NASDAQ,REXI,2000-05-15,0.033
NASDAQ,REXI,2000-02-11,0.033
NASDAQ,REXI,1999-11-12,0.033
NASDAQ,REXI,1999-08-11,0.033
NASDAQ,REXI,1999-05-12,0.032
NASDAQ,REXI,1999-02-10,0.032
NASDAQ,REXI,1998-11-12,0.032
NASDAQ,REXI,1998-08-12,0.032
NASDAQ,REXI,1998-05-13,0.03333
NASDAQ,REXI,1998-02-11,0.03333
NASDAQ,REXI,1997-11-12,0.03333
NASDAQ,REXI,1997-08-13,0.03333
NASDAQ,REXI,1997-05-14,0.03333
NASDAQ,REXI,1997-02-12,0.03333
NASDAQ,REXI,1996-11-13,0.03333
NASDAQ,REXI,1996-08-14,0.03333
NASDAQ,REXI,1996-05-15,0.03333
NASDAQ,REXI,1996-02-13,0.03333
NASDAQ,REXI,1996-01-12,0.03333
NASDAQ,REXI,1992-03-06,0.016
NASDAQ,REXI,1991-11-20,0.05333
NASDAQ,REXI,1991-08-20,0.05333
NASDAQ,REXI,1990-11-13,0.03333
NASDAQ,REXI,1990-08-14,0.03333
NASDAQ,RBPAA,2008-04-28,0.15
NASDAQ,RBPAA,2008-01-28,0.15
NASDAQ,RBPAA,2007-10-29,0.288
NASDAQ,RBPAA,2007-07-30,0.288
NASDAQ,RBPAA,2007-04-30,0.288
NASDAQ,RBPAA,2007-01-29,0.288
NASDAQ,RBPAA,2006-10-30,0.288
NASDAQ,RBPAA,2006-07-31,0.275
NASDAQ,RBPAA,2006-05-01,0.275
NASDAQ,RBPAA,2006-02-01,0.275
NASDAQ,RBPAA,2005-11-02,0.275
NASDAQ,RBPAA,2005-08-03,0.25
NASDAQ,RBPAA,2005-05-02,0.25
NASDAQ,RBPAA,2005-02-03,0.25
NASDAQ,RBPAA,2004-11-03,0.25
NASDAQ,RBPAA,2004-08-04,0.25
NASDAQ,RBPAA,2004-05-03,0.25
NASDAQ,RBPAA,2004-02-04,0.25
NASDAQ,RBPAA,2003-10-29,0.23333
NASDAQ,RBPAA,2003-07-30,0.23333
NASDAQ,RBPAA,2003-05-05,0.23333
NASDAQ,RBPAA,2003-02-12,0.23333
NASDAQ,RBPAA,2002-10-30,0.21892
NASDAQ,RBPAA,2002-07-31,0.21892
NASDAQ,RBPAA,2002-04-29,0.21892
NASDAQ,RBPAA,2002-02-07,0.21892
NASDAQ,RBPAA,2001-10-29,0.18857
NASDAQ,RBPAA,2001-07-30,0.18857
NASDAQ,RBPAA,2001-04-27,0.18857
NASDAQ,RBPAA,2001-02-09,0.18857
NASDAQ,RBPAA,2000-10-27,0.17959
NASDAQ,RBPAA,2000-07-27,0.17959
NASDAQ,RBPAA,2000-04-27,0.17959
NASDAQ,RBPAA,2000-01-26,0.17959
NASDAQ,RBPAA,1999-10-27,0.17105
NASDAQ,RBPAA,1999-07-28,0.17105
NASDAQ,RBPAA,1999-01-27,0.16445
NASDAQ,RBPAA,1998-10-28,0.16445
NASDAQ,RBPAA,1998-07-29,0.15037
NASDAQ,RBPAA,1998-04-29,0.14879
NASDAQ,RBPAA,1998-04-27,0.1506
NASDAQ,RBPAA,1998-01-28,0.1506
NASDAQ,RBPAA,1997-10-29,0.13555
NASDAQ,RBPAA,1997-07-29,0.13555
NASDAQ,RBPAA,1997-04-29,0.11295
NASDAQ,RBPAA,1997-01-28,0.08687
NASDAQ,RBPAA,1996-10-29,0.04344
NASDAQ,RBPAA,1996-07-29,0.04344
NASDAQ,RBPAA,1996-04-26,0.04344
NASDAQ,RBPAA,1996-04-15,0.04344
NASDAQ,RBPAA,1996-01-29,0.04344
NASDAQ,REIS,2005-12-15,14.0
NASDAQ,REIS,1997-06-02,59.062
NASDAQ,REIS,1997-03-21,0.97
NASDAQ,REIS,1996-12-19,0.97
NASDAQ,REIS,1996-09-25,0.97
NASDAQ,REIS,1996-06-26,0.97
NASDAQ,REIS,1996-03-26,0.97
NASDAQ,REIS,1995-12-21,0.96
NASDAQ,REIS,1995-09-27,0.96
NASDAQ,RECN,2007-08-06,1.25
NASDAQ,REXMY,2009-06-04,0.931
NASDAQ,REXMY,2008-10-08,0.776
NASDAQ,REXMY,2008-05-07,1.148
NASDAQ,REXMY,2007-10-10,0.842
NASDAQ,REXMY,2007-05-09,1.09
NASDAQ,REXMY,2006-10-11,0.743
NASDAQ,REXMY,2006-05-10,0.922
NASDAQ,REXMY,2005-10-12,0.677
NASDAQ,REXMY,2005-05-11,0.969
NASDAQ,REXMY,2004-10-13,0.641
NASDAQ,REXMY,2004-05-12,0.862
NASDAQ,REXMY,2003-11-19,2.415
NASDAQ,REXMY,2003-10-08,0.569
NASDAQ,REXMY,2003-05-07,0.862
NASDAQ,REXMY,2002-10-09,0.603
NASDAQ,REXMY,2002-05-08,0.726
NASDAQ,REXMY,2001-10-10,0.545
NASDAQ,REXMY,2001-09-05,0.31
NASDAQ,REXMY,2001-05-02,0.705
NASDAQ,REXMY,2000-10-11,0.51
NASDAQ,REXMY,2000-05-04,0.755
NASDAQ,REXMY,1999-09-22,0.29
NASDAQ,REXMY,1999-03-24,0.16
NASDAQ,REXMY,1998-09-09,0.1607
NASDAQ,REXMY,1998-04-09,0.45
NASDAQ,REXMY,1998-03-04,0.45
NASDAQ,REXMY,1997-11-25,0.3343
NASDAQ,REXMY,1997-08-20,0.27
NASDAQ,REXMY,1996-09-20,0.37285
NASDAQ,REXMY,1996-03-29,0.37285
NASDAQ,REXMY,1995-09-15,0.3857
NASDAQ,REXMY,1995-04-07,0.37285
NASDAQ,REXMY,1994-09-23,0.3343
NASDAQ,REXMY,1994-04-04,0.32145
NASDAQ,REXMY,1993-09-10,0.64285
NASDAQ,REXMY,1993-03-25,0.5143
NASDAQ,REXMY,1993-02-25,0.35355
NASDAQ,REXMY,1992-11-02,0.37605
NASDAQ,REXMY,1992-09-11,0.37605
NASDAQ,REXMY,1991-04-23,0.36
NASDAQ,REXMY,1989-09-29,0.23145
NASDAQ,RRST,2009-08-14,0.17
NASDAQ,RRST,2009-04-07,0.32
NASDAQ,RRST,2008-11-13,0.29
NASDAQ,RRST,2008-05-15,0.32
NASDAQ,RVEP,2008-08-07,0.25
NASDAQ,RVEP,2008-05-07,0.25
NASDAQ,RVEP,2008-02-07,0.25
NASDAQ,RVEP,2007-10-25,0.25
NASDAQ,RVEP,2007-08-03,1.25
NASDAQ,RVEP,2007-07-20,0.25
NASDAQ,RVEP,2007-04-26,0.25
NASDAQ,RVEP,2007-01-10,0.25
NASDAQ,RVEP,2006-10-19,0.25
NASDAQ,RVEP,2005-05-05,0.25
NASDAQ,RVEP,2005-02-07,0.25
NASDAQ,RELV,2009-11-05,0.02
NASDAQ,RELV,2009-05-29,0.05
NASDAQ,RELV,2008-11-13,0.05
NASDAQ,RELV,2008-05-14,0.05
NASDAQ,RELV,2007-11-08,0.05
NASDAQ,RELV,2007-11-07,0.05
NASDAQ,RELV,2007-05-10,0.05
NASDAQ,RELV,2006-11-14,0.05
NASDAQ,RELV,2006-05-11,0.05
NASDAQ,RELV,2005-11-09,0.04
NASDAQ,RELV,2005-05-16,0.035
NASDAQ,RELV,2004-11-10,0.035
NASDAQ,RELV,2004-05-13,0.03
NASDAQ,RELV,2000-03-08,0.00538
NASDAQ,RELV,1999-03-08,0.00538
NASDAQ,RELV,1998-06-08,0.00538
NASDAQ,RELV,1998-01-14,0.00538
NASDAQ,RELV,1997-05-28,0.01344
NASDAQ,RELV,1997-02-12,0.00336
NASDAQ,RELV,1996-11-20,0.00306
NASDAQ,RELV,1996-04-24,0.00122
NASDAQ,RELV,1995-09-28,0.00122
NASDAQ,RELV,1995-01-26,0.00306
NASDAQ,RELV,1994-06-06,0.00917
NASDAQ,ROME,2010-02-03,0.09
NASDAQ,ROME,2009-11-04,0.085
NASDAQ,ROME,2009-08-05,0.085
NASDAQ,ROME,2009-05-05,0.085
NASDAQ,ROME,2009-02-04,0.085
NASDAQ,ROME,2008-11-05,0.085
NASDAQ,ROME,2008-08-06,0.085
NASDAQ,ROME,2008-05-06,0.085
NASDAQ,ROME,2008-01-31,0.085
NASDAQ,ROME,2007-11-07,0.08
NASDAQ,ROME,2007-08-08,0.08
NASDAQ,ROME,2007-05-08,0.08
NASDAQ,ROME,2007-02-01,0.08
NASDAQ,ROME,2006-11-08,0.075
NASDAQ,ROME,2006-08-09,0.075
NASDAQ,ROME,2006-05-04,0.075
NASDAQ,ROME,2006-02-02,0.075
NASDAQ,ROME,2005-11-08,0.066
NASDAQ,ROME,2005-08-10,0.066
NASDAQ,ROME,2005-05-11,0.066
NASDAQ,ROME,2005-02-03,0.06614
NASDAQ,ROME,2004-11-01,0.06614
NASDAQ,ROME,2004-08-09,0.06614
NASDAQ,ROME,2004-05-06,0.06614
NASDAQ,ROME,2004-02-05,0.03219
NASDAQ,ROME,2003-11-03,0.03219
NASDAQ,ROME,2003-07-31,0.03219
NASDAQ,ROME,2003-05-07,0.03234
NASDAQ,ROME,2003-02-04,0.03234
NASDAQ,ROME,2002-10-31,0.02646
NASDAQ,ROME,2002-08-01,0.02646
NASDAQ,ROME,2002-05-02,0.02646
NASDAQ,ROME,2002-01-30,0.02646
NASDAQ,ROME,2001-11-01,0.02058
NASDAQ,ROME,2001-08-06,0.02058
NASDAQ,ROME,2001-05-07,0.02058
NASDAQ,ROME,2001-02-07,0.02058
NASDAQ,ROME,2000-11-13,0.01558
NASDAQ,ROME,2000-08-08,0.01558
NASDAQ,ROME,2000-05-08,0.01558
NASDAQ,ROME,2000-02-10,0.01558
NASDAQ,RBI,2010-01-08,0.025
NASDAQ,RBI,2009-10-07,0.025
NASDAQ,RBI,2009-07-08,0.025
NASDAQ,RBI,2009-04-07,0.025
NASDAQ,RBI,2009-01-14,0.025
NASDAQ,RBI,2008-10-08,0.025
NASDAQ,RBI,2008-07-09,0.025
NASDAQ,RBI,2008-04-09,0.025
NASDAQ,RBI,2008-01-09,0.025
NASDAQ,RBI,2007-10-09,0.025
NASDAQ,RBI,2007-07-05,0.025
NASDAQ,RBI,2007-04-04,0.025
NASDAQ,RBI,2006-12-27,0.025
NASDAQ,RBI,2006-09-27,0.025
NASDAQ,RBI,2006-06-28,0.025
NASDAQ,RBI,2006-03-29,0.025
NASDAQ,RBI,2005-12-28,0.025
NASDAQ,RBI,2005-09-28,0.025
NASDAQ,RBI,2005-06-28,0.025
NASDAQ,RBI,2005-03-29,0.025
NASDAQ,RBI,2004-12-29,0.025
NASDAQ,RBI,2004-09-28,0.025
NASDAQ,RBI,2004-07-07,0.025
NASDAQ,RBI,2004-04-05,0.025
NASDAQ,RBI,2003-12-29,0.025
NASDAQ,RBI,2003-10-01,0.025
NASDAQ,RBI,2003-07-03,0.025
NASDAQ,RBI,2003-04-01,0.02
NASDAQ,RBI,2002-12-27,0.02
NASDAQ,RBI,2002-09-26,0.02
NASDAQ,RBNF,2009-11-04,0.09
NASDAQ,RBNF,2009-08-05,0.09
NASDAQ,RBNF,2009-04-29,0.09
NASDAQ,RBNF,2009-02-04,0.09
NASDAQ,RBNF,2008-10-30,0.09
NASDAQ,RBNF,2008-08-06,0.09
NASDAQ,RBNF,2008-04-30,0.08
NASDAQ,RBNF,2008-02-06,0.08
NASDAQ,RBNF,2007-10-31,0.07
NASDAQ,RBNF,2007-08-01,0.07
NASDAQ,RBNF,2007-05-02,0.06
NASDAQ,RBNF,2007-02-07,0.06
NASDAQ,RBNF,2006-11-02,0.06
NASDAQ,RBNF,2006-08-02,0.05
NASDAQ,RBNF,2006-05-03,0.05
NASDAQ,RBNF,2006-02-08,0.05
NASDAQ,RBNF,2005-11-02,0.05
NASDAQ,RBNF,2005-08-03,0.05
NASDAQ,RBNF,2005-05-04,0.05
NASDAQ,RBNF,2005-02-09,0.05
NASDAQ,RBNF,2002-06-05,0.13
NASDAQ,RBNF,2002-03-13,0.13
NASDAQ,RBNF,2001-12-13,0.13
NASDAQ,RBNF,2001-06-06,0.12
NASDAQ,RBNF,2000-12-13,0.12
NASDAQ,RGLD,2009-12-30,0.09
NASDAQ,RGLD,2009-09-30,0.08
NASDAQ,RGLD,2009-06-30,0.08
NASDAQ,RGLD,2009-04-01,0.08
NASDAQ,RGLD,2008-12-30,0.08
NASDAQ,RGLD,2008-10-01,0.07
NASDAQ,RGLD,2008-07-01,0.07
NASDAQ,RGLD,2008-04-02,0.07
NASDAQ,RGLD,2008-01-02,0.07
NASDAQ,RGLD,2007-10-03,0.065
NASDAQ,RGLD,2007-07-03,0.065
NASDAQ,RGLD,2007-04-03,0.065
NASDAQ,RGLD,2007-01-03,0.065
NASDAQ,RGLD,2006-10-04,0.055
NASDAQ,RGLD,2006-07-05,0.055
NASDAQ,RGLD,2006-04-05,0.055
NASDAQ,RGLD,2006-01-04,0.055
NASDAQ,RGLD,2005-10-05,0.05
NASDAQ,RGLD,2005-07-06,0.05
NASDAQ,RGLD,2005-04-06,0.05
NASDAQ,RGLD,2005-01-05,0.05
NASDAQ,RGLD,2004-09-29,0.038
NASDAQ,RGLD,2004-06-30,0.038
NASDAQ,RGLD,2004-03-31,0.038
NASDAQ,RGLD,2003-12-30,0.038
NASDAQ,RGLD,2003-07-01,0.05
NASDAQ,RGLD,2002-12-31,0.05
NASDAQ,RGLD,2002-07-02,0.075
NASDAQ,RGLD,2001-07-03,0.05
NASDAQ,RGLD,2000-07-03,0.05
NASDAQ,RLRN,2009-11-04,0.07
NASDAQ,RLRN,2009-08-05,0.07
NASDAQ,RLRN,2009-05-13,0.07
NASDAQ,RLRN,2009-02-19,0.07
NASDAQ,RLRN,2008-11-05,0.82
NASDAQ,RLRN,2008-08-06,0.07
NASDAQ,RLRN,2008-05-07,0.07
NASDAQ,RLRN,2008-02-20,0.07
NASDAQ,RLRN,2007-11-07,0.07
NASDAQ,RLRN,2007-08-08,0.82
NASDAQ,RLRN,2007-05-09,0.05
NASDAQ,RLRN,2007-02-21,0.05
NASDAQ,RLRN,2006-11-08,0.05
NASDAQ,RLRN,2006-08-09,0.05
NASDAQ,RLRN,2006-05-10,0.05
NASDAQ,RLRN,2006-03-01,0.05
NASDAQ,RLRN,2005-11-08,0.05
NASDAQ,RLRN,2005-08-10,0.05
NASDAQ,RLRN,2005-05-11,0.05
NASDAQ,RLRN,2005-02-23,0.05
NASDAQ,RLRN,2004-11-09,0.04
NASDAQ,RLRN,2004-08-11,0.04
NASDAQ,RLRN,2004-05-12,0.04
NASDAQ,RLRN,2004-02-11,2.19
NASDAQ,RONC,2005-06-02,0.00864
NASDAQ,RONC,2005-02-25,0.00823
NASDAQ,RONC,2004-11-29,0.00823
NASDAQ,RONC,2004-08-30,0.00823
NASDAQ,RONC,2004-05-27,0.00823
NASDAQ,RBCAA,2009-12-23,0.132
NASDAQ,RBCAA,2009-09-16,0.132
NASDAQ,RBCAA,2009-06-17,0.132
NASDAQ,RBCAA,2009-03-18,0.121
NASDAQ,RBCAA,2008-12-17,0.121
NASDAQ,RBCAA,2008-09-17,0.121
NASDAQ,RBCAA,2008-06-18,0.121
NASDAQ,RBCAA,2008-03-18,0.11
NASDAQ,RBCAA,2007-12-19,0.11
NASDAQ,RBCAA,2007-09-19,0.11
NASDAQ,RBCAA,2007-06-13,0.11
NASDAQ,RBCAA,2007-03-14,0.09429
NASDAQ,RBCAA,2006-12-13,0.09429
NASDAQ,RBCAA,2006-09-13,0.09429
NASDAQ,RBCAA,2006-06-14,0.09429
NASDAQ,RBCAA,2006-03-15,0.07982
NASDAQ,RBCAA,2005-12-14,0.07982
NASDAQ,RBCAA,2005-09-14,0.07982
NASDAQ,RBCAA,2005-06-15,0.07982
NASDAQ,RBCAA,2005-03-16,0.06651
NASDAQ,RBCAA,2004-12-15,0.06651
NASDAQ,RBCAA,2004-09-15,0.06651
NASDAQ,RBCAA,2004-06-16,0.06651
NASDAQ,RBCAA,2004-03-17,0.0543
NASDAQ,RBCAA,2003-12-17,0.0543
NASDAQ,RBCAA,2003-11-28,0.20814
NASDAQ,RBCAA,2003-09-19,0.0543
NASDAQ,RBCAA,2003-06-20,0.0543
NASDAQ,RBCAA,2003-03-21,0.04525
NASDAQ,RBCAA,2002-12-20,0.04525
NASDAQ,RBCAA,2002-09-20,0.04525
NASDAQ,RBCAA,2002-06-21,0.04525
NASDAQ,RBCAA,2002-03-22,0.03619
NASDAQ,RBCAA,2001-12-20,0.03619
NASDAQ,RBCAA,2001-09-21,0.03619
NASDAQ,RBCAA,2001-06-15,0.03619
NASDAQ,RBCAA,2001-03-16,0.03619
NASDAQ,RBCAA,2000-12-15,0.03619
NASDAQ,RBCAA,2000-09-18,0.02962
NASDAQ,RBCAA,2000-06-16,0.02879
NASDAQ,RBCAA,2000-03-20,0.02879
NASDAQ,RBCAA,1999-12-17,0.02714
NASDAQ,RBCAA,1999-09-17,0.02304
NASDAQ,RBCAA,1999-06-18,0.02304
NASDAQ,RBCAA,1999-03-22,0.02304
NASDAQ,RBCAA,1998-12-18,0.02304
NASDAQ,RBCAA,1998-09-18,0.02304
NASDAQ,ROST,2009-12-04,0.11
NASDAQ,ROST,2009-09-01,0.11
NASDAQ,ROST,2009-06-04,0.11
NASDAQ,ROST,2009-02-18,0.11
NASDAQ,ROST,2008-12-08,0.095
NASDAQ,ROST,2008-09-03,0.095
NASDAQ,ROST,2008-06-12,0.095
NASDAQ,ROST,2008-02-20,0.095
NASDAQ,ROST,2007-12-10,0.075
NASDAQ,ROST,2007-09-05,0.075
NASDAQ,ROST,2007-06-14,0.075
NASDAQ,ROST,2007-02-21,0.075
NASDAQ,ROST,2006-12-04,0.06
NASDAQ,ROST,2006-08-30,0.06
NASDAQ,ROST,2006-06-08,0.06
NASDAQ,ROST,2006-02-22,0.06
NASDAQ,ROST,2005-12-05,0.06
NASDAQ,ROST,2005-08-30,0.05
NASDAQ,ROST,2005-06-09,0.05
NASDAQ,ROST,2005-02-23,0.05
NASDAQ,ROST,2004-12-06,0.043
NASDAQ,ROST,2004-08-31,0.043
NASDAQ,ROST,2004-06-10,0.043
NASDAQ,ROST,2004-02-25,0.043
NASDAQ,ROST,2003-11-28,0.029
NASDAQ,ROST,2003-09-02,0.029
NASDAQ,ROST,2003-06-12,0.029
NASDAQ,ROST,2003-02-26,0.029
NASDAQ,ROST,2002-12-09,0.024
NASDAQ,ROST,2002-08-30,0.024
NASDAQ,ROST,2002-06-13,0.024
NASDAQ,ROST,2002-02-27,0.024
NASDAQ,ROST,2001-12-10,0.0215
NASDAQ,ROST,2001-08-31,0.0215
NASDAQ,ROST,2001-06-14,0.0215
NASDAQ,ROST,2001-02-28,0.0215
NASDAQ,ROST,2000-11-29,0.019
NASDAQ,ROST,2000-09-06,0.019
NASDAQ,ROST,2000-06-15,0.019
NASDAQ,ROST,2000-03-01,0.019
NASDAQ,ROST,1999-12-01,0.0165
NASDAQ,ROST,1999-09-02,0.01625
NASDAQ,ROST,1999-06-09,0.01625
NASDAQ,ROST,1999-03-03,0.01625
NASDAQ,ROST,1998-12-02,0.01375
NASDAQ,ROST,1998-09-08,0.01375
NASDAQ,ROST,1998-06-10,0.01375
NASDAQ,ROST,1998-03-04,0.01375
NASDAQ,ROST,1997-12-03,0.01125
NASDAQ,ROST,1997-09-03,0.01125
NASDAQ,ROST,1997-06-11,0.01125
NASDAQ,ROST,1997-03-06,0.01125
NASDAQ,ROST,1996-12-04,0.00875
NASDAQ,ROST,1996-09-04,0.00875
NASDAQ,ROST,1996-06-12,0.00875
NASDAQ,ROST,1996-03-06,0.00875
NASDAQ,ROST,1995-12-06,0.0075
NASDAQ,ROST,1995-09-06,0.0075
NASDAQ,ROST,1995-06-06,0.0075
NASDAQ,ROST,1995-03-06,0.0075
NASDAQ,ROST,1994-12-05,0.00625
NASDAQ,ROST,1994-09-02,0.00625
NASDAQ,ROST,1994-06-14,0.00625
NASDAQ,ROST,1994-03-07,0.00625
NASDAQ,RAIL,2009-11-19,0.06
NASDAQ,RAIL,2009-08-25,0.06
NASDAQ,RAIL,2009-05-20,0.06
NASDAQ,RAIL,2009-02-18,0.06
NASDAQ,RAIL,2008-11-19,0.06
NASDAQ,RAIL,2008-08-20,0.06
NASDAQ,RAIL,2008-05-21,0.06
NASDAQ,RAIL,2008-02-20,0.06
NASDAQ,RAIL,2007-11-20,0.06
NASDAQ,RAIL,2007-08-08,0.06
NASDAQ,RAIL,2007-05-23,0.06
NASDAQ,RAIL,2007-02-21,0.06
NASDAQ,RAIL,2006-11-21,0.06
NASDAQ,RAIL,2006-08-24,0.03
NASDAQ,RAIL,2006-05-22,0.03
NASDAQ,RAIL,2006-02-16,0.03
NASDAQ,RAIL,2005-11-22,0.03
NASDAQ,RAIL,2005-09-08,0.03
NASDAQ,ROCK,2008-12-30,0.05
NASDAQ,ROCK,2008-09-29,0.05
NASDAQ,ROCK,2008-06-27,0.05
NASDAQ,ROCK,2008-03-28,0.05
NASDAQ,ROCK,2007-12-27,0.05
NASDAQ,ROCK,2007-09-27,0.05
NASDAQ,ROCK,2007-06-28,0.05
NASDAQ,ROCK,2007-03-29,0.05
NASDAQ,ROCK,2007-01-08,0.05
NASDAQ,ROCK,2007-01-05,0.05
NASDAQ,ROCK,2006-09-28,0.05
NASDAQ,ROCK,2006-06-29,0.05
NASDAQ,ROCK,2006-03-30,0.05
NASDAQ,ROCK,2005-12-29,0.05
NASDAQ,ROCK,2005-09-29,0.05
NASDAQ,ROCK,2005-06-29,0.05
NASDAQ,ROCK,2005-03-30,0.05
NASDAQ,ROCK,2004-12-30,0.05
NASDAQ,ROCK,2004-09-29,0.03333
NASDAQ,ROCK,2004-06-29,0.03333
NASDAQ,ROCK,2004-03-30,0.03
NASDAQ,ROCK,2003-12-30,0.03
NASDAQ,ROCK,2003-09-29,0.03
NASDAQ,ROCK,2003-06-27,0.03
NASDAQ,ROCK,2003-03-28,0.02667
NASDAQ,ROCK,2002-12-30,0.02667
NASDAQ,ROCK,2002-09-27,0.02667
NASDAQ,ROCK,2002-06-27,0.02667
NASDAQ,ROCK,2002-03-27,0.02333
NASDAQ,ROCK,2001-12-28,0.02333
NASDAQ,ROCK,2001-09-26,0.02333
NASDAQ,ROCK,2001-06-14,0.02333
NASDAQ,ROCK,2001-03-15,0.02
NASDAQ,ROCK,2000-12-18,0.02
NASDAQ,ROCK,2000-09-14,0.02
NASDAQ,ROCK,2000-06-14,0.02
NASDAQ,ROCK,2000-03-15,0.01667
NASDAQ,ROCK,1999-12-20,0.01667
NASDAQ,ROCK,1999-09-14,0.01667
NASDAQ,ROCK,1999-06-14,0.01733
NASDAQ,ROCK,1999-02-22,0.01667
