exchange,stock_symbol,date,dividends
NASDAQ,PDLI,2009-11-27,1.67
NASDAQ,PDLI,2009-03-12,0.5
NASDAQ,PDLI,2008-12-19,2.6
NASDAQ,PDLI,2008-05-06,4.25
NASDAQ,PVFC,2008-11-13,0.003
NASDAQ,PVFC,2008-08-13,0.01
NASDAQ,PVFC,2008-05-01,0.074
NASDAQ,PVFC,2008-02-06,0.074
NASDAQ,PVFC,2007-11-07,0.074
NASDAQ,PVFC,2007-08-06,0.074
NASDAQ,PVFC,2007-04-26,0.074
NASDAQ,PVFC,2007-01-25,0.074
NASDAQ,PVFC,2006-10-19,0.074
NASDAQ,PVFC,2006-07-26,0.074
NASDAQ,PVFC,2006-04-26,0.074
NASDAQ,PVFC,2006-01-23,0.074
NASDAQ,PVFC,2005-10-21,0.074
NASDAQ,PVFC,2005-10-20,0.074
NASDAQ,PVFC,2005-07-29,0.06727
NASDAQ,PVFC,2005-04-21,0.06727
NASDAQ,PVFC,2005-01-19,0.06727
NASDAQ,PVFC,2004-10-21,0.06727
NASDAQ,PVFC,2004-07-29,0.06198
NASDAQ,PVFC,2004-04-29,0.06115
NASDAQ,PVFC,2004-01-21,0.06115
NASDAQ,PVFC,2003-10-22,0.06115
NASDAQ,PVFC,2003-08-13,0.0
NASDAQ,PVFC,2003-07-23,0.05559
NASDAQ,PVFC,2003-04-23,0.05559
NASDAQ,PVFC,2003-01-22,0.05559
NASDAQ,PVFC,2002-10-23,0.05559
NASDAQ,PVFC,2002-07-24,0.05054
NASDAQ,PVFC,2002-04-18,0.05054
NASDAQ,PVFC,2002-01-23,0.05054
NASDAQ,PVFC,2001-10-17,0.05054
NASDAQ,PVFC,2001-07-25,0.0447
NASDAQ,PVFC,2001-04-10,0.0447
NASDAQ,PVFC,2001-01-08,0.04346
NASDAQ,PVFC,2000-10-16,0.0447
NASDAQ,PVFC,2000-07-26,0.04516
NASDAQ,PVFC,2000-04-06,0.04516
NASDAQ,PVFC,2000-01-13,0.04516
NASDAQ,PVFC,1999-10-13,0.04516
NASDAQ,PVFC,1995-07-26,0.30064
NASDAQ,PAYX,2010-01-28,0.31
NASDAQ,PAYX,2009-10-29,0.31
NASDAQ,PAYX,2009-07-30,0.31
NASDAQ,PAYX,2009-04-29,0.31
NASDAQ,PAYX,2009-01-28,0.31
NASDAQ,PAYX,2008-10-29,0.31
NASDAQ,PAYX,2008-07-30,0.31
NASDAQ,PAYX,2008-04-29,0.3
NASDAQ,PAYX,2008-01-30,0.3
NASDAQ,PAYX,2007-10-30,0.3
NASDAQ,PAYX,2007-07-30,0.3
NASDAQ,PAYX,2007-04-27,0.21
NASDAQ,PAYX,2007-01-30,0.21
NASDAQ,PAYX,2006-10-30,0.21
NASDAQ,PAYX,2006-07-28,0.16
NASDAQ,PAYX,2006-04-27,0.16
NASDAQ,PAYX,2006-01-30,0.16
NASDAQ,PAYX,2005-10-28,0.16
NASDAQ,PAYX,2005-07-28,0.13
NASDAQ,PAYX,2005-04-28,0.13
NASDAQ,PAYX,2005-01-28,0.13
NASDAQ,PAYX,2004-10-28,0.13
NASDAQ,PAYX,2004-07-29,0.12
NASDAQ,PAYX,2004-04-29,0.12
NASDAQ,PAYX,2004-01-29,0.12
NASDAQ,PAYX,2003-10-30,0.12
NASDAQ,PAYX,2003-07-30,0.11
NASDAQ,PAYX,2003-04-29,0.11
NASDAQ,PAYX,2003-01-30,0.11
NASDAQ,PAYX,2002-10-30,0.11
NASDAQ,PAYX,2002-07-30,0.11
NASDAQ,PAYX,2002-04-29,0.11
NASDAQ,PAYX,2002-01-30,0.11
NASDAQ,PAYX,2001-10-30,0.11
NASDAQ,PAYX,2001-07-30,0.09
NASDAQ,PAYX,2001-04-27,0.09
NASDAQ,PAYX,2001-01-30,0.09
NASDAQ,PAYX,2000-10-30,0.09
NASDAQ,PAYX,2000-07-28,0.06
NASDAQ,PAYX,2000-04-27,0.06
NASDAQ,PAYX,2000-01-28,0.06
NASDAQ,PAYX,1999-10-28,0.06
NASDAQ,PAYX,1999-07-29,0.04
NASDAQ,PAYX,1999-04-29,0.04
NASDAQ,PAYX,1999-01-28,0.04
NASDAQ,PAYX,1998-10-29,0.04
NASDAQ,PAYX,1998-07-30,0.02667
NASDAQ,PAYX,1998-04-29,0.02667
NASDAQ,PAYX,1998-01-29,0.02667
NASDAQ,PAYX,1997-10-23,0.02667
NASDAQ,PAYX,1997-07-29,0.01778
NASDAQ,PAYX,1997-04-29,0.01778
NASDAQ,PAYX,1997-01-28,0.01778
NASDAQ,PAYX,1996-10-24,0.01778
NASDAQ,PAYX,1996-07-30,0.01185
NASDAQ,PAYX,1996-04-23,0.01185
NASDAQ,PAYX,1996-01-30,0.01185
NASDAQ,PAYX,1995-10-25,0.01185
NASDAQ,PAYX,1995-07-31,0.0079
NASDAQ,PAYX,1995-04-21,0.0079
NASDAQ,PAYX,1995-01-26,0.0079
NASDAQ,PAYX,1994-10-24,0.0079
NASDAQ,PAYX,1994-07-27,0.00527
NASDAQ,PAYX,1994-04-25,0.00527
NASDAQ,PAYX,1994-01-26,0.00527
NASDAQ,PAYX,1993-10-22,0.00527
NASDAQ,PAYX,1993-07-20,0.00351
NASDAQ,PAYX,1993-04-23,0.00351
NASDAQ,PAYX,1993-01-22,0.00351
NASDAQ,PAYX,1992-10-19,0.00351
NASDAQ,PAYX,1992-07-21,0.00234
NASDAQ,PAYX,1992-04-16,0.00234
NASDAQ,PAYX,1992-01-29,0.00234
NASDAQ,PAYX,1991-10-21,0.00234
NASDAQ,PAYX,1991-07-22,0.00195
NASDAQ,PAYX,1991-04-22,0.00195
NASDAQ,PAYX,1991-01-25,0.00195
NASDAQ,PAYX,1990-10-22,0.00195
NASDAQ,PAYX,1990-07-23,0.00156
NASDAQ,PAYX,1990-04-23,0.00156
NASDAQ,PROV,2009-11-18,0.01
NASDAQ,PROV,2009-08-13,0.01
NASDAQ,PROV,2009-05-19,0.03
NASDAQ,PROV,2009-02-06,0.03
NASDAQ,PROV,2008-11-19,0.05
NASDAQ,PROV,2008-08-21,0.05
NASDAQ,PROV,2008-05-15,0.1
NASDAQ,PROV,2008-02-21,0.18
NASDAQ,PROV,2007-11-15,0.18
NASDAQ,PROV,2007-08-16,0.18
NASDAQ,PROV,2007-05-17,0.18
NASDAQ,PROV,2007-02-14,0.18
NASDAQ,PROV,2006-11-15,0.18
NASDAQ,PROV,2006-08-15,0.15
NASDAQ,PROV,2006-05-11,0.15
NASDAQ,PROV,2006-02-15,0.15
NASDAQ,PROV,2005-11-18,0.14
NASDAQ,PROV,2005-08-15,0.14
NASDAQ,PROV,2005-05-18,0.14
NASDAQ,PROV,2005-02-16,0.14
NASDAQ,PROV,2004-11-19,0.14
NASDAQ,PROV,2004-08-13,0.1
NASDAQ,PROV,2004-05-18,0.1
NASDAQ,PROV,2004-01-15,0.06667
NASDAQ,PROV,2003-10-31,0.06667
NASDAQ,PROV,2003-08-18,0.06667
NASDAQ,PROV,2003-05-12,0.03333
NASDAQ,PROV,2003-02-07,0.03333
NASDAQ,PROV,2002-11-13,0.03333
NASDAQ,PROV,2002-08-05,0.03333
NASDAQ,PLCC,2006-01-12,0.15
NASDAQ,PLCC,2003-12-18,0.05
NASDAQ,PQBW,2009-12-18,1.119
NASDAQ,PVSA,2009-12-29,0.05
NASDAQ,PVSA,2009-09-28,0.05
NASDAQ,PVSA,2009-06-26,0.05
NASDAQ,PVSA,2009-04-02,0.22
NASDAQ,PVSA,2008-12-29,0.22
NASDAQ,PVSA,2008-09-26,0.22
NASDAQ,PVSA,2008-06-26,0.22
NASDAQ,PVSA,2008-04-03,0.22
NASDAQ,PVSA,2007-12-27,0.22
NASDAQ,PVSA,2007-09-26,0.22
NASDAQ,PVSA,2007-06-27,0.22
NASDAQ,PVSA,2007-03-29,0.2
NASDAQ,PVSA,2006-12-27,0.2
NASDAQ,PVSA,2006-09-27,0.2
NASDAQ,PVSA,2006-06-28,0.2
NASDAQ,PVSA,2006-03-30,0.2
NASDAQ,PVSA,2005-12-28,0.2
NASDAQ,PVSA,2005-09-28,0.2
NASDAQ,PVSA,2005-06-28,0.2
NASDAQ,PVSA,2005-03-31,0.2
NASDAQ,PVSA,2004-12-29,0.2
NASDAQ,PVSA,2004-09-28,0.2
NASDAQ,PVSA,2004-06-28,0.2
NASDAQ,PVSA,2004-04-01,0.2
NASDAQ,PVSA,2003-12-29,0.18
NASDAQ,PVSA,2003-09-26,0.18
NASDAQ,PVSA,2003-06-26,0.18
NASDAQ,PVSA,2003-03-27,0.18
NASDAQ,PVSA,2002-12-27,0.18
NASDAQ,PVSA,2002-09-26,0.18
NASDAQ,PVSA,2002-06-26,0.18
NASDAQ,PVSA,2002-03-27,0.18
NASDAQ,PVSA,2001-12-27,0.18
NASDAQ,PVSA,2001-09-26,0.18
NASDAQ,PVSA,2001-06-27,0.18
NASDAQ,PVSA,2001-03-28,0.18
NASDAQ,PVSA,2000-12-27,0.18
NASDAQ,PVSA,2000-09-27,0.18
NASDAQ,PVSA,2000-06-28,0.18
NASDAQ,PVSA,2000-03-29,0.18
NASDAQ,PVSA,1999-12-29,0.18
NASDAQ,PVSA,1999-09-28,0.18
NASDAQ,PVSA,1999-06-28,0.15
NASDAQ,PVSA,1999-03-31,0.15
NASDAQ,PVSA,1998-12-29,0.15
NASDAQ,PVSA,1998-10-13,0.1504
NASDAQ,PVSA,1998-06-26,0.12
NASDAQ,PVSA,1998-03-27,0.12
NASDAQ,PVSA,1997-12-29,0.1056
NASDAQ,PVSA,1997-10-10,0.1056
NASDAQ,PVSA,1997-06-26,0.0832
NASDAQ,PVSA,1997-03-26,0.0832
NASDAQ,PVSA,1996-12-27,0.0832
NASDAQ,PVSA,1996-10-10,0.08294
NASDAQ,PVSA,1996-06-26,0.06656
NASDAQ,PVSA,1996-03-27,0.06656
NASDAQ,PVSA,1995-12-27,0.06656
NASDAQ,PVSA,1995-09-29,0.0553
NASDAQ,PVSA,1995-06-28,0.04438
NASDAQ,PVSA,1995-03-27,0.04438
NASDAQ,PVSA,1994-12-23,0.04438
NASDAQ,PVSA,1994-09-28,0.0355
NASDAQ,PVSA,1994-06-24,0.0355
NASDAQ,PVSA,1994-03-25,0.02867
NASDAQ,PVSA,1993-12-27,0.02867
NASDAQ,PVSA,1993-09-28,0.0284
NASDAQ,PVSA,1993-06-24,0.0284
NASDAQ,PVSA,1993-03-25,0.0284
NASDAQ,PVSA,1992-12-24,0.0284
NASDAQ,PVSA,1992-09-24,0.0284
NASDAQ,PVSA,1992-06-24,0.02402
NASDAQ,PVSA,1992-03-25,0.02402
NASDAQ,PVSA,1991-12-24,0.02185
NASDAQ,PVSA,1991-09-24,0.02185
NASDAQ,PVSA,1991-06-24,0.02185
NASDAQ,PVSA,1991-03-25,0.02185
NASDAQ,PVSA,1990-12-24,0.02185
NASDAQ,PVSA,1990-09-25,0.02185
NASDAQ,PVSA,1990-06-26,0.02185
NASDAQ,PVSA,1990-03-26,0.02185
NASDAQ,PRGN,2009-11-27,0.05
NASDAQ,PRGN,2009-08-21,0.05
NASDAQ,PRGN,2009-05-27,0.05
NASDAQ,PRGN,2009-03-26,0.05
NASDAQ,PRGN,2008-11-13,0.5
NASDAQ,PRGN,2008-08-14,0.5
NASDAQ,PRGN,2008-05-21,0.438
NASDAQ,PRGN,2008-02-14,0.438
NASDAQ,PRGN,2007-11-19,0.438
NASDAQ,PPDI,2009-12-11,0.15
NASDAQ,PPDI,2009-09-11,0.15
NASDAQ,PPDI,2009-06-11,0.15
NASDAQ,PPDI,2009-03-11,0.125
NASDAQ,PPDI,2008-12-11,0.125
NASDAQ,PPDI,2008-09-11,0.1
NASDAQ,PPDI,2008-06-10,0.1
NASDAQ,PPDI,2008-03-12,0.1
NASDAQ,PPDI,2007-12-12,0.1
NASDAQ,PPDI,2007-09-12,0.03
NASDAQ,PPDI,2007-06-12,0.03
NASDAQ,PPDI,2007-03-12,0.03
NASDAQ,PPDI,2006-12-12,0.03
NASDAQ,PPDI,2006-09-12,0.025
NASDAQ,PPDI,2006-06-12,0.025
NASDAQ,PPDI,2006-03-09,0.025
NASDAQ,PPDI,2005-10-13,0.525
NASDAQ,PCAP,2009-11-04,0.038
NASDAQ,PCAP,2008-12-18,0.25
NASDAQ,PCAP,2008-09-10,0.33
NASDAQ,PCAP,2008-06-03,0.33
NASDAQ,PCAP,2008-03-12,0.33
NASDAQ,PCAP,2007-12-12,0.33
NASDAQ,PCAP,2007-09-12,0.32
NASDAQ,PCAP,2007-06-13,0.32
NASDAQ,PCAP,2007-03-13,0.32
NASDAQ,PCAP,2006-12-13,0.31
NASDAQ,PCAP,2006-09-13,0.31
NASDAQ,PCAP,2006-05-31,0.29
NASDAQ,PCAP,2006-03-17,0.29
NASDAQ,PCAP,2005-11-28,0.27
NASDAQ,PCAP,2005-09-28,0.16
NASDAQ,PTNR,2009-11-23,0.52
NASDAQ,PTNR,2009-09-28,0.385
NASDAQ,PTNR,2009-06-22,0.389
NASDAQ,PTNR,2009-03-16,0.337
NASDAQ,PTNR,2008-11-24,0.407
NASDAQ,PTNR,2008-08-27,0.361
NASDAQ,PTNR,2008-05-23,0.36
NASDAQ,PTNR,2008-02-15,0.559
NASDAQ,PTNR,2007-11-19,0.325
NASDAQ,PTNR,2007-08-17,0.223
NASDAQ,PTNR,2007-06-01,0.129
NASDAQ,PTNR,2007-02-15,0.303
NASDAQ,PTNR,2006-11-27,0.104
NASDAQ,PTNR,2006-08-15,0.102
NASDAQ,PTNR,2006-06-02,0.099
NASDAQ,PTNR,2006-04-06,0.138
NASDAQ,PTNR,2005-09-22,0.126
NASDAQ,PVTBP,2009-12-10,0.625
NASDAQ,PVTBP,2009-09-10,0.625
NASDAQ,PVTBP,2009-06-10,0.625
NASDAQ,PVTBP,2009-03-11,0.625
NASDAQ,PVTBP,2008-12-10,0.625
NASDAQ,PVTBP,2008-09-12,0.785
NASDAQ,PVTB,2009-12-15,0.01
NASDAQ,PVTB,2009-09-14,0.01
NASDAQ,PVTB,2009-06-12,0.01
NASDAQ,PVTB,2009-03-13,0.01
NASDAQ,PVTB,2008-12-15,0.075
NASDAQ,PVTB,2008-09-12,0.075
NASDAQ,PVTB,2008-06-12,0.075
NASDAQ,PVTB,2008-03-13,0.075
NASDAQ,PVTB,2007-12-13,0.075
NASDAQ,PVTB,2007-09-12,0.075
NASDAQ,PVTB,2007-06-13,0.075
NASDAQ,PVTB,2007-03-14,0.075
NASDAQ,PVTB,2006-12-13,0.06
NASDAQ,PVTB,2006-09-13,0.06
NASDAQ,PVTB,2006-06-14,0.06
NASDAQ,PVTB,2006-03-15,0.06
NASDAQ,PVTB,2005-12-14,0.045
NASDAQ,PVTB,2005-09-14,0.045
NASDAQ,PVTB,2005-06-14,0.045
NASDAQ,PVTB,2005-03-15,0.045
NASDAQ,PVTB,2004-12-15,0.03
NASDAQ,PVTB,2004-09-14,0.03
NASDAQ,PVTB,2004-06-14,0.03
NASDAQ,PVTB,2004-03-15,0.03
NASDAQ,PVTB,2003-12-15,0.02
NASDAQ,PVTB,2003-09-12,0.02
NASDAQ,PVTB,2003-06-12,0.02
NASDAQ,PVTB,2003-03-12,0.02
NASDAQ,PVTB,2002-12-11,0.01333
NASDAQ,PVTB,2002-09-11,0.01333
NASDAQ,PVTB,2002-06-12,0.01
NASDAQ,PVTB,2002-03-13,0.01
NASDAQ,PVTB,2001-12-12,0.01
NASDAQ,PVTB,2001-06-13,0.00834
NASDAQ,PVTB,2001-03-14,0.00834
NASDAQ,PVTB,2000-12-13,0.00834
NASDAQ,PVTB,2000-09-13,0.00834
NASDAQ,PVTB,2000-04-07,0.00834
NASDAQ,PVTB,1999-12-15,0.00834
NASDAQ,PVTB,1999-09-29,0.00834
NASDAQ,PEBK,2009-12-01,0.02
NASDAQ,PEBK,2009-09-01,0.07
NASDAQ,PEBK,2009-06-01,0.07
NASDAQ,PEBK,2009-02-27,0.1
NASDAQ,PEBK,2008-12-01,0.12
NASDAQ,PEBK,2008-08-29,0.12
NASDAQ,PEBK,2008-05-29,0.12
NASDAQ,PEBK,2008-02-28,0.12
NASDAQ,PEBK,2007-11-29,0.12
NASDAQ,PEBK,2007-08-29,0.12
NASDAQ,PEBK,2007-05-31,0.06
NASDAQ,PEBK,2007-03-01,0.08
NASDAQ,PEBK,2007-01-30,0.04
NASDAQ,PEBK,2006-11-30,0.08
NASDAQ,PEBK,2006-08-31,0.07333
NASDAQ,PEBK,2006-06-01,0.07333
NASDAQ,PEBK,2006-03-02,0.06667
NASDAQ,PEBK,2005-11-30,0.06667
NASDAQ,PEBK,2005-08-31,0.06061
NASDAQ,PEBK,2005-06-01,0.06061
NASDAQ,PEBK,2005-03-01,0.06061
NASDAQ,PEBK,2004-12-01,0.0551
NASDAQ,PEBK,2004-09-01,0.0551
NASDAQ,PEBK,2004-06-01,0.0551
NASDAQ,PEBK,2004-03-01,0.0551
NASDAQ,PEBK,2003-12-01,0.0551
NASDAQ,PEBK,2003-08-29,0.0551
NASDAQ,PEBK,2003-05-30,0.0551
NASDAQ,PEBK,2003-02-27,0.0551
NASDAQ,PEBK,2002-11-29,0.0551
NASDAQ,PEBK,2002-08-29,0.0551
NASDAQ,PEBK,2002-05-30,0.0551
NASDAQ,PEBK,2002-02-27,0.0551
NASDAQ,PEBK,2001-11-29,0.0551
NASDAQ,PEBK,2001-08-30,0.0551
NASDAQ,PEBK,2001-05-31,0.0551
NASDAQ,PEBK,2001-03-07,0.0551
NASDAQ,PEBK,2000-12-07,0.0551
NASDAQ,PEBK,2000-09-07,0.0551
NASDAQ,PEBK,2000-06-01,0.0551
NASDAQ,PEBK,2000-04-06,0.04959
NASDAQ,PEBK,2000-03-08,0.05009
NASDAQ,PEBK,1999-12-08,0.04508
NASDAQ,PEBK,1999-09-08,0.04508
NASDAQ,PEBK,1999-06-11,0.04508
NASDAQ,PEBK,1999-03-24,0.04508
NASDAQ,PEBK,1998-11-27,0.04007
NASDAQ,PEBK,1998-08-28,0.04007
NASDAQ,PEBK,1998-06-11,0.04007
NASDAQ,PEBK,1997-12-03,0.04007
NASDAQ,PEBK,1997-09-03,0.04007
NASDAQ,PEBK,1997-05-29,0.03673
NASDAQ,PEBK,1997-04-29,0.03673
NASDAQ,PEBK,1997-03-13,0.03643
NASDAQ,PEBK,1996-11-27,0.03643
NASDAQ,PEBK,1996-09-05,0.03643
NASDAQ,PEBK,1996-05-30,0.03643
NASDAQ,PEBK,1996-03-07,0.03643
NASDAQ,PEBK,1995-11-09,0.76497
NASDAQ,PEBK,1995-08-31,0.03643
NASDAQ,PNBC,2009-11-12,0.14
NASDAQ,PNBC,2009-08-05,0.14
NASDAQ,PNBC,2009-05-07,0.14
NASDAQ,PNBC,2009-02-04,0.28
NASDAQ,PNBC,2008-11-05,0.28
NASDAQ,PNBC,2008-08-06,0.28
NASDAQ,PNBC,2008-05-07,0.28
NASDAQ,PNBC,2008-02-06,0.28
NASDAQ,PNBC,2007-10-31,0.27
NASDAQ,PNBC,2007-08-01,0.27
NASDAQ,PNBC,2007-05-02,0.27
NASDAQ,PNBC,2007-02-07,0.27
NASDAQ,PNBC,2006-11-01,0.31
NASDAQ,PNBC,2006-08-02,0.25
NASDAQ,PNBC,2006-05-03,0.25
NASDAQ,PNBC,2006-02-01,0.24
NASDAQ,PNBC,2005-11-02,0.38
NASDAQ,PNBC,2005-08-03,0.22
NASDAQ,PNBC,2005-05-04,0.22
NASDAQ,PNBC,2005-02-02,0.21
NASDAQ,PNBC,2004-11-03,0.4
NASDAQ,PNBC,2004-08-05,0.19
NASDAQ,PNBC,2004-05-05,0.19
NASDAQ,PNBC,2004-02-04,0.18
NASDAQ,PNBC,2003-11-05,0.42
NASDAQ,PNBC,2003-08-06,0.16
NASDAQ,PNBC,2003-05-01,0.16
NASDAQ,PNBC,2003-01-30,0.15
NASDAQ,PNBC,2002-10-30,0.45
NASDAQ,PNBC,2002-07-31,0.14
NASDAQ,PNBC,2002-05-01,0.13
NASDAQ,PNBC,2002-02-12,0.13
NASDAQ,PNBC,2002-01-30,0.13
NASDAQ,PNBC,2001-10-31,0.12
NASDAQ,PNBC,2001-07-31,0.11
NASDAQ,PNBC,2001-04-30,0.4
NASDAQ,PNBC,2001-01-31,0.1
NASDAQ,PNBC,2000-10-25,0.1
NASDAQ,PNBC,2000-07-26,0.095
NASDAQ,PNBC,2000-04-26,0.095
NASDAQ,PNBC,2000-01-26,0.09
NASDAQ,PNBC,1999-10-27,0.09
NASDAQ,PNBC,1999-07-28,0.09
NASDAQ,PNBC,1999-04-28,0.09
NASDAQ,PNBC,1999-01-27,0.08
NASDAQ,PNBC,1998-10-28,0.08
NASDAQ,PNBC,1998-07-29,0.08
NASDAQ,PNBC,1998-04-22,0.08
NASDAQ,PNBC,1998-01-28,0.07333
NASDAQ,PNBC,1997-10-28,0.07333
NASDAQ,PNBC,1997-07-23,0.07333
NASDAQ,PNBC,1997-04-23,0.06667
NASDAQ,PNBC,1997-01-29,0.06667
NASDAQ,PNBC,1996-10-23,0.06667
NASDAQ,PNBC,1996-07-24,0.06667
NASDAQ,PNBC,1996-04-24,0.06
NASDAQ,PNBC,1996-01-24,0.06
NASDAQ,PNBC,1995-10-25,0.06
NASDAQ,PNBC,1995-07-26,0.06
NASDAQ,PNBC,1995-04-24,0.06
NASDAQ,PNBC,1995-01-23,0.05333
NASDAQ,PNBC,1994-10-25,0.05333
NASDAQ,PNBC,1994-07-25,0.05333
NASDAQ,PNBC,1994-04-25,0.05333
NASDAQ,PNBC,1994-01-24,0.05333
NASDAQ,PNBC,1993-10-25,0.05333
NASDAQ,PNBC,1993-07-26,0.05333
NASDAQ,PNBC,1993-04-26,0.05333
NASDAQ,PNBC,1993-01-25,0.05333
NASDAQ,PNBC,1992-10-26,0.05333
NASDAQ,PNBC,1992-07-27,0.04889
NASDAQ,PMRY,2003-07-24,0.8
NASDAQ,PZZI,2000-10-04,0.06
NASDAQ,PZZI,2000-07-05,0.06
NASDAQ,PZZI,2000-04-05,0.06
NASDAQ,PZZI,2000-01-05,0.06
NASDAQ,PZZI,1999-10-06,0.06
NASDAQ,PZZI,1999-07-07,0.06
NASDAQ,PZZI,1999-04-07,0.06
NASDAQ,PZZI,1999-01-07,0.06
NASDAQ,PZZI,1998-10-06,0.06
NASDAQ,PZZI,1998-07-07,0.06
NASDAQ,PZZI,1998-04-08,0.06
NASDAQ,PZZI,1998-01-07,0.06
NASDAQ,PZZI,1997-10-08,0.06
NASDAQ,PFACP,2010-01-13,0.2
NASDAQ,PFACP,2009-10-13,0.2
NASDAQ,PFACP,2009-07-13,0.2
NASDAQ,PFACP,2009-04-13,0.43
NASDAQ,PFACP,2009-01-13,0.43
NASDAQ,PFACP,2008-10-10,0.43
NASDAQ,PFACP,2008-07-11,0.43
NASDAQ,PFACP,2008-04-11,0.43
NASDAQ,PFACP,2008-01-11,0.43
NASDAQ,PFACP,2007-10-12,0.43
NASDAQ,PFACP,2007-07-18,1.09
NASDAQ,PFACP,2007-04-12,0.21
NASDAQ,PFACP,2007-01-11,0.21
NASDAQ,PFACP,2006-10-12,0.21
NASDAQ,PFACP,2006-07-13,0.43
NASDAQ,PFACP,2006-04-11,0.43
NASDAQ,PFACP,2006-01-12,0.43
NASDAQ,PFACP,2006-01-11,0.43
NASDAQ,PFACP,2005-10-13,0.43
NASDAQ,PFACP,2005-07-13,0.43
NASDAQ,PFACP,2005-04-13,0.43
NASDAQ,PFACP,2005-01-12,0.43
NASDAQ,PFACP,2004-07-13,0.43
NASDAQ,PFACP,2004-04-13,0.43
NASDAQ,PFACP,2004-01-14,0.43
NASDAQ,PFACP,2003-10-20,0.43
NASDAQ,PFACP,2003-07-11,0.43
NASDAQ,PFACP,2003-04-11,0.43
NASDAQ,PFACP,2003-01-15,0.43
NASDAQ,PFACP,2002-10-18,0.43
NASDAQ,PFACP,2002-08-27,0.43
NASDAQ,PFACP,2002-04-10,0.43
NASDAQ,PFACP,2002-01-15,0.43
NASDAQ,PFACP,2001-10-18,0.43
NASDAQ,PFACP,2001-07-11,0.43
NASDAQ,PFACP,2001-04-10,0.43
NASDAQ,PFACP,2001-01-11,0.43
NASDAQ,PFACP,2000-10-11,0.43
NASDAQ,PFACP,2000-07-12,0.43
NASDAQ,PFACP,2000-04-12,0.43
NASDAQ,PFACP,2000-01-12,0.43
NASDAQ,PFACP,1999-10-13,0.43
NASDAQ,PFACP,1999-07-13,0.43
NASDAQ,PFACP,1999-04-13,0.43
NASDAQ,PFACP,1999-01-13,0.43
NASDAQ,PFACP,1998-10-13,0.43
NASDAQ,PFACP,1998-07-13,0.43
NASDAQ,PFACP,1998-04-13,0.43
NASDAQ,PFACP,1998-01-13,0.43
NASDAQ,PFACP,1997-10-10,0.43
NASDAQ,PFACP,1997-07-11,0.43
NASDAQ,PFACP,1997-04-11,0.43
NASDAQ,PFACP,1997-01-13,0.43
NASDAQ,PFACP,1996-10-10,0.43
NASDAQ,PFACP,1996-07-11,0.43
NASDAQ,PFACP,1996-04-11,0.43
NASDAQ,PSID,2008-08-29,1.35
NASDAQ,PQSC,2009-12-18,0.002
NASDAQ,PQSC,2009-06-19,0.015
NASDAQ,PQSC,2008-12-19,0.152
NASDAQ,PKBK,2006-12-08,0.1581
NASDAQ,PFED,2008-09-25,0.09
NASDAQ,PFED,2008-06-19,0.13
NASDAQ,PFED,2008-03-12,0.18
NASDAQ,PFED,2007-11-16,0.18
NASDAQ,PFED,2007-09-04,0.18
NASDAQ,PFED,2007-05-18,0.18
NASDAQ,PFED,2007-02-22,0.18
NASDAQ,PFED,2006-11-16,0.18
NASDAQ,PFED,2006-08-17,0.18
NASDAQ,PFED,2006-05-17,0.18
NASDAQ,PFED,2006-03-06,0.18
NASDAQ,PFED,2005-11-22,0.18
NASDAQ,PFED,2005-08-10,0.18
NASDAQ,PFED,2005-05-11,0.18
NASDAQ,PFED,2005-02-09,0.18
NASDAQ,PFED,2004-11-09,0.18
NASDAQ,PFED,2004-08-11,0.18
NASDAQ,PFED,2004-05-12,0.18
NASDAQ,PFED,2004-03-03,0.15
NASDAQ,PFED,2003-11-12,0.15
NASDAQ,PFED,2003-08-13,0.15
NASDAQ,PFED,2003-05-07,0.15
NASDAQ,PFED,2003-02-12,0.15
NASDAQ,PFED,2002-10-30,0.15
NASDAQ,PFED,2002-09-13,0.15
NASDAQ,PFED,2002-06-19,0.12
NASDAQ,PFED,2002-03-20,0.12
NASDAQ,PFED,2001-12-12,0.12
NASDAQ,PFED,2001-09-19,0.12
NASDAQ,PFED,2001-06-19,0.12
NASDAQ,PFED,2001-03-15,0.12
NASDAQ,PFED,2000-12-27,0.12
NASDAQ,PFED,2000-10-16,0.12
NASDAQ,PFED,2000-06-28,0.12
NASDAQ,PFED,2000-03-29,0.12
NASDAQ,PFED,1999-12-27,0.12
NASDAQ,PFED,1999-10-07,0.12
NASDAQ,PNBK,2009-01-02,0.045
NASDAQ,PNBK,2008-10-03,0.045
NASDAQ,PNBK,2008-06-27,0.045
NASDAQ,PNBK,2008-04-01,0.045
NASDAQ,PNBK,2007-12-28,0.045
NASDAQ,PNBK,2007-09-28,0.045
NASDAQ,PNBK,2007-06-29,0.045
NASDAQ,PNBK,2007-03-30,0.045
NASDAQ,PNBK,2006-12-28,0.045
NASDAQ,PNBK,2006-10-18,0.045
NASDAQ,PNBK,2006-06-30,0.045
NASDAQ,PNBK,2006-03-31,0.04
NASDAQ,PNBK,2005-12-29,0.04
NASDAQ,PNBK,2005-09-30,0.04
NASDAQ,PNBK,2005-06-30,0.04
NASDAQ,PNBK,2005-04-01,0.035
NASDAQ,PNBK,2004-12-31,0.035
NASDAQ,PNBK,2004-10-01,0.035
NASDAQ,PNBK,2004-07-01,0.035
NASDAQ,PNBK,2004-04-02,0.03
NASDAQ,PNBK,2004-01-02,0.03
NASDAQ,PNBK,2003-09-30,0.03
NASDAQ,PNBK,2003-06-30,0.03
NASDAQ,PNBK,2003-03-31,0.025
NASDAQ,PNBK,2002-12-31,0.025
NASDAQ,PNBK,2002-09-30,0.025
NASDAQ,PNBK,2002-07-01,0.025
NASDAQ,PNBK,2002-04-01,0.02
NASDAQ,PNBK,2001-12-31,0.02
NASDAQ,PNBK,2001-10-01,0.02
NASDAQ,PNBK,2001-06-29,0.02
NASDAQ,PULB,2010-01-04,0.095
NASDAQ,PULB,2009-10-01,0.095
NASDAQ,PULB,2009-06-30,0.095
NASDAQ,PULB,2009-04-02,0.095
NASDAQ,PULB,2009-04-01,0.095
NASDAQ,PULB,2009-01-02,0.095
NASDAQ,PULB,2008-10-01,0.095
NASDAQ,PULB,2008-07-01,0.095
NASDAQ,PULB,2008-04-01,0.09
NASDAQ,PULB,2008-01-02,0.09
NASDAQ,PULB,2007-10-02,0.09
NASDAQ,PULB,2007-07-03,0.09
NASDAQ,PULB,2007-04-03,0.085
NASDAQ,PULB,2007-01-03,0.085
NASDAQ,PULB,2006-10-03,0.085
NASDAQ,PULB,2006-07-03,0.085
NASDAQ,PULB,2006-03-30,0.08
NASDAQ,PULB,2005-12-29,0.08
NASDAQ,PULB,2005-10-05,0.08
NASDAQ,PULB,2005-06-30,0.08
NASDAQ,PULB,2005-03-31,0.06
NASDAQ,PULB,2004-12-30,0.06
NASDAQ,PULB,2004-09-30,0.06
NASDAQ,PULB,2004-06-30,0.06
NASDAQ,PULB,2004-04-01,0.04
NASDAQ,PULB,2003-12-31,0.04
NASDAQ,PULB,2003-10-02,0.04
NASDAQ,PULB,2003-07-02,0.04
NASDAQ,PULB,2003-04-03,0.03
NASDAQ,PULB,2003-01-07,0.03
NASDAQ,PULB,2002-10-03,0.03
NASDAQ,PULB,2002-07-03,0.03
NASDAQ,PULB,2002-04-05,0.025
NASDAQ,PULB,2002-01-04,0.025
NASDAQ,PULB,2001-10-05,0.025
NASDAQ,PULB,2001-07-02,0.025
NASDAQ,PULB,2001-04-05,0.02167
NASDAQ,PULB,2001-01-05,0.02167
NASDAQ,PULB,2000-10-05,0.02167
NASDAQ,PULB,2000-09-05,1.33333
NASDAQ,PULB,2000-07-03,0.03
NASDAQ,PULB,2000-04-06,0.03
NASDAQ,PULB,1999-12-31,0.03
NASDAQ,PULB,1999-10-01,0.03
NASDAQ,PULB,1999-07-01,0.03
NASDAQ,PULB,1999-04-01,0.03
NASDAQ,PULB,1998-09-01,0.05519
NASDAQ,PULB,1998-07-01,0.05519
NASDAQ,PULB,1998-04-02,0.05519
NASDAQ,PULB,1998-01-02,0.05519
NASDAQ,PULB,1997-10-02,0.05519
NASDAQ,PULB,1997-06-27,0.05018
NASDAQ,PULB,1997-03-27,0.05018
NASDAQ,PULB,1997-01-07,0.05018
NASDAQ,PULB,1996-10-01,0.05018
NASDAQ,PULB,1996-07-01,0.04014
NASDAQ,PULB,1996-04-01,0.04014
NASDAQ,PULB,1996-01-09,0.04014
NASDAQ,PULB,1995-10-16,0.04014
NASDAQ,PULB,1995-07-03,0.04014
NASDAQ,PULB,1995-03-31,0.04014
NASDAQ,PULB,1994-12-29,0.04014
NASDAQ,PULB,1994-09-27,0.03011
NASDAQ,PONE,2006-05-04,3.865
NASDAQ,PHII,1999-08-03,0.05
NASDAQ,PHII,1999-05-03,0.05
NASDAQ,PHII,1999-02-04,0.05
NASDAQ,PHII,1998-10-29,0.05
NASDAQ,PHII,1998-07-30,0.05
NASDAQ,PHII,1998-04-30,0.05
NASDAQ,PHII,1998-03-02,0.05
NASDAQ,PHII,1997-10-30,0.05
NASDAQ,PHII,1997-07-31,0.05
NASDAQ,PHII,1997-05-01,0.05
NASDAQ,PHII,1997-02-03,0.05
NASDAQ,PHII,1996-11-06,0.05
NASDAQ,PHII,1996-08-08,0.05
NASDAQ,PHII,1996-04-26,0.05
NASDAQ,PHII,1996-01-09,0.05
NASDAQ,PHII,1995-10-10,0.05
NASDAQ,PHII,1995-07-12,0.02
NASDAQ,PHII,1995-04-10,0.02
NASDAQ,PHII,1995-01-06,0.02
NASDAQ,PHII,1994-10-07,0.02
NASDAQ,PRIM,2009-12-29,0.025
NASDAQ,PRIM,2009-09-28,0.025
NASDAQ,PRIM,2009-06-26,0.025
NASDAQ,PRIM,2009-03-27,0.025
NASDAQ,PRIM,2008-12-19,0.025
NASDAQ,PRIM,2008-09-19,0.025
NASDAQ,PNQI,2008-12-19,0.126
NASDAQ,POWI,2009-11-25,0.025
NASDAQ,POWI,2009-08-27,0.025
NASDAQ,POWI,2009-05-27,0.025
NASDAQ,POWI,2009-02-25,0.025
NASDAQ,POWI,2008-11-25,0.025
NASDAQ,PBHC,2010-01-12,0.03
NASDAQ,PBHC,2009-10-13,0.03
NASDAQ,PBHC,2009-07-13,0.03
NASDAQ,PBHC,2009-05-13,0.03
NASDAQ,PBHC,2009-01-14,0.103
NASDAQ,PBHC,2008-10-10,0.103
NASDAQ,PBHC,2008-07-11,0.103
NASDAQ,PBHC,2008-04-11,0.103
NASDAQ,PBHC,2008-01-09,0.103
NASDAQ,PBHC,2007-10-10,0.103
NASDAQ,PBHC,2007-07-11,0.103
NASDAQ,PBHC,2007-04-11,0.103
NASDAQ,PBHC,2007-01-10,0.103
NASDAQ,PBHC,2006-10-11,0.103
NASDAQ,PBHC,2006-07-12,0.103
NASDAQ,PBHC,2006-04-11,0.103
NASDAQ,PBHC,2006-01-11,0.103
NASDAQ,PBHC,2005-10-12,0.103
NASDAQ,PBHC,2005-07-01,0.103
NASDAQ,PBHC,2005-03-29,0.103
NASDAQ,PBHC,2004-12-29,0.103
NASDAQ,PBHC,2004-10-04,0.101
NASDAQ,PBHC,2004-07-09,0.1
NASDAQ,PBHC,2004-03-29,0.1
NASDAQ,PBHC,2003-12-29,0.1
NASDAQ,PBHC,2003-10-09,0.1
NASDAQ,PBHC,2003-06-26,0.1
NASDAQ,PBHC,2003-03-27,0.1
NASDAQ,PBHC,2002-12-27,0.08
NASDAQ,PBHC,2002-09-26,0.08
NASDAQ,PBHC,2002-06-26,0.07
NASDAQ,PBHC,2002-03-26,0.07
NASDAQ,PBHC,2001-12-27,0.07
NASDAQ,PBHC,2001-09-26,0.07
NASDAQ,PBHC,2001-06-27,0.06
NASDAQ,PBHC,2001-03-28,0.06
NASDAQ,PBHC,2000-12-27,0.06
NASDAQ,PBHC,2000-09-27,0.06
NASDAQ,PBHC,2000-03-29,0.06
NASDAQ,PBHC,2000-01-24,0.06
NASDAQ,PBHC,1999-10-18,0.06
NASDAQ,PBHC,1999-07-26,0.06
NASDAQ,PBHC,1999-03-29,0.06
NASDAQ,PBHC,1999-01-15,0.05
NASDAQ,PBHC,1998-09-28,0.05
NASDAQ,PBHC,1998-07-14,0.05
NASDAQ,PBHC,1998-03-27,0.05
NASDAQ,PBHC,1997-12-29,0.04667
NASDAQ,PBHC,1997-10-01,0.04667
NASDAQ,PBNY,2010-01-28,0.06
NASDAQ,PBNY,2009-10-29,0.06
NASDAQ,PBNY,2009-08-04,0.06
NASDAQ,PBNY,2009-05-07,0.06
NASDAQ,PBNY,2009-02-03,0.06
NASDAQ,PBNY,2008-10-28,0.06
NASDAQ,PBNY,2008-08-05,0.06
NASDAQ,PBNY,2008-05-06,0.06
NASDAQ,PBNY,2008-02-05,0.06
NASDAQ,PBNY,2007-10-30,0.06
NASDAQ,PBNY,2007-08-07,0.05
NASDAQ,PBNY,2007-05-08,0.05
NASDAQ,PBNY,2007-02-06,0.05
NASDAQ,PBNY,2006-11-02,0.05
NASDAQ,PBNY,2006-08-03,0.05
NASDAQ,PBNY,2006-05-02,0.05
NASDAQ,PBNY,2006-02-07,0.05
NASDAQ,PBNY,2005-11-03,0.05
NASDAQ,PBNY,2005-08-04,0.045
NASDAQ,PBNY,2005-05-05,0.045
NASDAQ,PBNY,2005-02-08,0.04
NASDAQ,PBNY,2004-11-05,0.04
NASDAQ,PBNY,2004-08-06,0.04
NASDAQ,PBNY,2004-05-04,0.04
NASDAQ,PBNY,2004-02-03,0.035
NASDAQ,PBNY,2003-11-04,0.03384
NASDAQ,PBNY,2003-08-05,0.03384
NASDAQ,PBNY,2003-05-06,0.03384
NASDAQ,PBNY,2003-02-04,0.03159
NASDAQ,PBNY,2002-11-04,0.02933
NASDAQ,PBNY,2002-08-06,0.02708
NASDAQ,PBNY,2002-05-06,0.02482
NASDAQ,PBNY,2002-02-01,0.02256
NASDAQ,PBNY,2001-11-02,0.01805
NASDAQ,PBNY,2001-08-08,0.01579
NASDAQ,PBNY,2001-05-08,0.01354
NASDAQ,PBNY,2001-02-02,0.01128
NASDAQ,PBNY,2000-11-06,0.00903
NASDAQ,PBNY,2000-08-08,0.00903
NASDAQ,PBNY,2000-05-05,0.00677
NASDAQ,PBNY,2000-02-07,0.00903
NASDAQ,PBNY,1999-11-23,0.00677
NASDAQ,PBNY,1999-08-04,0.00677
NASDAQ,PBNY,1999-05-04,0.00677
NASDAQ,PKOL,2009-12-18,0.3
NASDAQ,PKOL,2008-12-19,0.246
NASDAQ,PEBO,2009-12-11,0.1
NASDAQ,PEBO,2009-09-11,0.1
NASDAQ,PEBO,2009-06-11,0.23
NASDAQ,PEBO,2009-03-12,0.23
NASDAQ,PEBO,2008-12-11,0.23
NASDAQ,PEBO,2008-09-11,0.23
NASDAQ,PEBO,2008-06-12,0.23
NASDAQ,PEBO,2008-03-13,0.22
NASDAQ,PEBO,2007-12-13,0.22
NASDAQ,PEBO,2007-09-13,0.22
NASDAQ,PEBO,2007-06-13,0.22
NASDAQ,PEBO,2007-03-13,0.22
NASDAQ,PEBO,2006-12-13,0.21
NASDAQ,PEBO,2006-09-13,0.21
NASDAQ,PEBO,2006-06-13,0.21
NASDAQ,PEBO,2006-03-13,0.2
NASDAQ,PEBO,2005-12-13,0.2
NASDAQ,PEBO,2005-09-13,0.2
NASDAQ,PEBO,2005-06-13,0.19
NASDAQ,PEBO,2005-03-11,0.19
NASDAQ,PEBO,2004-12-13,0.18
NASDAQ,PEBO,2004-09-13,0.18
NASDAQ,PEBO,2004-06-14,0.18
NASDAQ,PEBO,2004-03-11,0.18
NASDAQ,PEBO,2003-12-11,0.18
NASDAQ,PEBO,2003-09-11,0.17
NASDAQ,PEBO,2003-06-11,0.15238
NASDAQ,PEBO,2003-03-12,0.14286
NASDAQ,PEBO,2002-12-11,0.14286
NASDAQ,PEBO,2002-09-11,0.14286
NASDAQ,PEBO,2002-06-12,0.14286
NASDAQ,PEBO,2002-03-13,0.12987
NASDAQ,PEBO,2001-12-12,0.12987
NASDAQ,PEBO,2001-06-13,0.11806
NASDAQ,PEBO,2001-03-13,0.11019
NASDAQ,PEBO,2000-12-13,0.11019
NASDAQ,PEBO,2000-09-13,0.11019
NASDAQ,PEBO,2000-06-13,0.11019
NASDAQ,PEBO,2000-03-13,0.10074
NASDAQ,PEBO,1999-12-13,0.10017
NASDAQ,PEBO,1999-09-13,0.10017
NASDAQ,PEBO,1999-06-11,0.09158
NASDAQ,PEBO,1999-03-11,0.09107
NASDAQ,PEBO,1998-12-11,0.09107
NASDAQ,PEBO,1998-09-11,0.08456
NASDAQ,PEBO,1998-06-11,0.08456
NASDAQ,PEBO,1998-03-12,0.08239
NASDAQ,PEBO,1997-12-11,0.08239
NASDAQ,PEBO,1997-09-11,0.08239
NASDAQ,PEBO,1997-06-11,0.07805
NASDAQ,PEBO,1997-03-12,0.07805
NASDAQ,PEBO,1996-12-11,0.07372
NASDAQ,PEBO,1996-09-11,0.06722
NASDAQ,PEBO,1996-07-11,0.06722
NASDAQ,PEBO,1996-06-12,0.06702
NASDAQ,PEBO,1996-03-13,0.06702
NASDAQ,PEBO,1995-12-13,0.06702
NASDAQ,PEBO,1995-09-13,0.06702
NASDAQ,PEBO,1995-06-13,0.06308
NASDAQ,PEBO,1995-03-09,0.06308
NASDAQ,PEBO,1994-12-09,0.05914
NASDAQ,PEBO,1994-09-09,0.05914
NASDAQ,PEBO,1994-06-09,0.05519
NASDAQ,PEBO,1994-03-09,0.05519
NASDAQ,PEBO,1993-12-09,0.05519
NASDAQ,PEBO,1993-09-09,0.05126
NASDAQ,PEBO,1993-06-09,0.05126
NASDAQ,PEBO,1993-03-26,0.05519
NASDAQ,PEBO,1993-03-09,0.05126
NASDAQ,PNXQ,2008-12-19,0.256
NASDAQ,PNXQ,2008-06-20,0.026
NASDAQ,PCBK,2009-12-02,0.01
NASDAQ,PCBK,2009-09-02,0.04
NASDAQ,PCBK,2009-06-03,0.1
NASDAQ,PCBK,2009-02-27,0.1
NASDAQ,PCBK,2008-12-03,0.1
NASDAQ,PCBK,2008-09-03,0.1
NASDAQ,PCBK,2008-05-30,0.1
NASDAQ,PCBK,2008-02-29,0.1
NASDAQ,PCBK,2007-11-28,0.09
NASDAQ,PCBK,2007-08-29,0.09
NASDAQ,PCBK,2007-05-29,0.082
NASDAQ,PCBK,2007-02-26,0.08182
NASDAQ,PCBK,2006-12-06,0.07273
NASDAQ,PCBK,2006-08-29,0.07273
NASDAQ,PCBK,2006-05-26,0.07273
NASDAQ,PCBK,2006-02-24,0.07273
NASDAQ,PCBK,2005-11-28,0.06364
NASDAQ,PCBK,2005-08-29,0.06364
NASDAQ,PCBK,2005-05-26,0.06364
NASDAQ,PCBK,2005-02-24,0.06364
NASDAQ,PCBK,2004-11-26,0.05455
NASDAQ,PCBK,2004-08-27,0.05818
NASDAQ,PCBK,2004-05-26,0.05818
NASDAQ,PCBK,2004-02-25,0.05818
NASDAQ,PCBK,2003-11-25,0.05091
NASDAQ,PCBK,2003-08-27,0.04909
NASDAQ,PCBK,2003-05-28,0.04909
NASDAQ,PCBK,2003-02-26,0.04909
NASDAQ,PCBK,2002-11-26,0.04364
NASDAQ,PCBK,2002-08-28,0.04364
NASDAQ,PCBK,2002-05-29,0.04364
NASDAQ,PCBK,2002-02-26,0.04364
NASDAQ,PCBK,2001-11-28,0.07636
NASDAQ,PCBK,2001-05-29,0.07438
NASDAQ,PCBK,2000-11-28,0.05951
NASDAQ,PSMT,2009-08-12,0.25
NASDAQ,PSMT,2009-02-11,0.25
NASDAQ,PSMT,2008-10-10,0.16
NASDAQ,PSMT,2008-04-11,0.16
NASDAQ,PSMT,2007-10-11,0.16
NASDAQ,PSMT,2007-04-11,0.16
NASDAQ,PWOD,2009-12-04,0.46
NASDAQ,PWOD,2009-09-03,0.46
NASDAQ,PWOD,2009-06-09,0.46
NASDAQ,PWOD,2009-03-06,0.46
NASDAQ,PWOD,2008-12-05,0.46
NASDAQ,PWOD,2008-09-05,0.46
NASDAQ,PWOD,2008-06-10,0.46
NASDAQ,PWOD,2008-03-07,0.46
NASDAQ,PWOD,2007-12-06,0.46
NASDAQ,PWOD,2007-09-12,0.45
NASDAQ,PWOD,2007-06-06,0.44
NASDAQ,PWOD,2007-03-09,0.44
NASDAQ,PWOD,2006-12-06,0.44
NASDAQ,PWOD,2006-09-08,0.44
NASDAQ,PWOD,2006-06-09,0.43
NASDAQ,PWOD,2006-03-10,0.42
NASDAQ,PWOD,2005-12-01,0.41
NASDAQ,PWOD,2005-09-09,0.39167
NASDAQ,PWOD,2005-06-10,0.38333
NASDAQ,PWOD,2005-03-10,0.375
NASDAQ,PWOD,2004-12-06,0.59167
NASDAQ,PWOD,2004-09-09,0.29167
NASDAQ,PWOD,2004-06-09,0.29167
NASDAQ,PWOD,2004-03-10,0.29167
NASDAQ,PWOD,2003-12-03,0.56667
NASDAQ,PWOD,2003-09-10,0.22727
NASDAQ,PWOD,2003-06-10,0.22727
NASDAQ,PWOD,2003-03-12,0.22727
NASDAQ,PWOD,2002-12-03,0.41667
NASDAQ,PWOD,2002-09-11,0.20454
NASDAQ,PWOD,2002-06-10,0.20454
NASDAQ,PWOD,2002-03-13,0.20454
NASDAQ,PWOD,2001-12-03,0.35606
NASDAQ,PWOD,2001-09-10,0.18939
NASDAQ,PWOD,2001-06-13,0.18939
NASDAQ,PWOD,2001-03-14,0.18939
NASDAQ,PWOD,2000-12-13,0.31061
NASDAQ,PBCI,2009-06-10,0.11
NASDAQ,PBCI,2009-03-11,0.15
NASDAQ,PBCI,2008-12-10,0.15
NASDAQ,PBCI,2008-09-10,0.23
NASDAQ,PBCI,2008-06-04,0.23
NASDAQ,PBCI,2008-03-05,0.23
NASDAQ,PBCI,2007-12-05,0.23
NASDAQ,PBCI,2007-09-05,0.23
NASDAQ,PBCI,2007-06-06,0.23
NASDAQ,PBCI,2007-03-07,0.23
NASDAQ,PBCI,2006-12-06,0.23
NASDAQ,PBCI,2006-09-06,0.23
NASDAQ,PBCI,2006-06-07,0.23
NASDAQ,PBCI,2006-03-08,0.23
NASDAQ,PBCI,2005-11-30,0.22
NASDAQ,PBCI,2005-08-31,0.22
NASDAQ,PBCI,2005-06-01,0.22
NASDAQ,PBCI,2005-03-02,0.22
NASDAQ,PBCI,2004-12-01,0.21
NASDAQ,PBCI,2004-09-01,0.21
NASDAQ,PBCI,2004-06-02,0.21
NASDAQ,PBCI,2004-03-03,0.21
NASDAQ,PBCI,2003-12-03,0.2
NASDAQ,PBCI,2003-09-03,0.2
NASDAQ,PBCI,2003-06-04,0.2
NASDAQ,PBCI,2003-03-05,0.2
NASDAQ,PBCI,2002-12-04,0.188
NASDAQ,PBCI,2002-09-04,0.188
NASDAQ,PBCI,2002-06-05,0.188
NASDAQ,PBCI,2002-03-06,0.1875
NASDAQ,PBCI,2001-12-05,0.18
NASDAQ,PBCI,2001-09-05,0.18
NASDAQ,PBCI,2001-05-30,0.18
NASDAQ,PBCI,2001-02-28,0.18
NASDAQ,PBCI,2000-12-06,0.1725
NASDAQ,PBCI,2000-09-06,0.1725
NASDAQ,PBCI,2000-05-31,0.1725
NASDAQ,PBCI,2000-03-01,0.1725
NASDAQ,PBCI,1999-12-31,0.1565
NASDAQ,PBCI,1999-09-01,0.1565
NASDAQ,PBCI,1999-06-02,0.156
NASDAQ,PBCI,1999-03-03,0.156
NASDAQ,PBCI,1998-12-02,0.14
NASDAQ,PBCI,1998-09-02,0.14
NASDAQ,PBCI,1998-06-03,0.14
NASDAQ,PBCI,1998-03-06,0.14
NASDAQ,PBCI,1997-12-03,0.125
NASDAQ,PBCI,1997-09-03,0.125
NASDAQ,PBCI,1997-06-04,0.125
NASDAQ,PBCI,1997-03-05,0.125
NASDAQ,PBCI,1996-12-04,0.1125
NASDAQ,PBCI,1996-09-04,0.1125
NASDAQ,PBCI,1996-06-05,0.1125
NASDAQ,PBCI,1996-03-06,0.1125
NASDAQ,PBCI,1996-01-03,0.0875
NASDAQ,PBCI,1995-12-06,0.0875
NASDAQ,PBCI,1995-09-06,0.0875
NASDAQ,PBCI,1995-06-06,0.0875
NASDAQ,PBCI,1995-03-06,0.0875
NASDAQ,PBCI,1994-12-05,0.039
NASDAQ,PBCI,1994-09-02,0.039
NASDAQ,PBCI,1994-06-06,0.039
NASDAQ,PBCI,1994-03-07,0.03875
NASDAQ,PBCI,1993-12-06,0.03875
NASDAQ,PBCI,1993-09-02,0.03875
NASDAQ,PBCI,1993-06-04,0.03125
NASDAQ,PBCI,1993-03-04,0.03125
NASDAQ,PBCI,1992-12-07,0.03125
NASDAQ,PBCI,1992-09-03,0.01875
NASDAQ,PBCI,1992-06-08,0.01875
NASDAQ,PCBI,2007-09-12,0.15
NASDAQ,PCBI,2007-06-13,0.15
NASDAQ,PCBI,2007-03-15,0.15
NASDAQ,PCBI,2006-12-14,0.15
NASDAQ,PCBI,2006-09-13,0.15
NASDAQ,PCBI,2006-06-13,0.15
NASDAQ,PCBI,2006-03-13,0.15
NASDAQ,PCBI,2005-12-19,0.15
NASDAQ,PCBI,2005-09-13,0.15
NASDAQ,PCBI,2005-06-13,0.15
NASDAQ,PCBI,2005-03-11,0.15
NASDAQ,PCBI,2004-12-16,0.15
NASDAQ,PCBI,2004-09-13,0.15
NASDAQ,PCBI,2004-06-14,0.15
NASDAQ,PLBC,2008-11-05,0.08
NASDAQ,PLBC,2008-04-28,0.16
NASDAQ,PLBC,2007-10-31,0.15
NASDAQ,PLBC,2007-04-26,0.15
NASDAQ,PLBC,2006-11-08,0.13
NASDAQ,PLBC,2006-04-27,0.13
NASDAQ,PLBC,2005-11-02,0.11
NASDAQ,PLBC,2005-04-28,0.10667
NASDAQ,PLBC,2004-10-28,0.09333
NASDAQ,PLBC,2004-04-28,0.09333
NASDAQ,PLBC,2003-10-30,0.08
NASDAQ,PLBC,2003-04-28,0.08
NASDAQ,PRFZ,2009-12-18,0.162
NASDAQ,PRFZ,2009-09-18,0.07
NASDAQ,PRFZ,2009-06-19,0.098
NASDAQ,PRFZ,2009-03-20,0.031
NASDAQ,PRFZ,2008-12-19,0.163
NASDAQ,PRFZ,2008-09-19,0.112
NASDAQ,PRFZ,2008-06-20,0.138
NASDAQ,PRFZ,2008-03-20,0.072
NASDAQ,PRFZ,2007-12-21,0.251
NASDAQ,PRFZ,2007-09-21,0.013
NASDAQ,PRFZ,2007-06-15,0.118
NASDAQ,PRFZ,2007-03-19,0.03
NASDAQ,PRFZ,2006-12-15,0.386
NASDAQ,PAGG,2009-12-18,0.105
NASDAQ,PAGG,2008-12-19,0.009
NASDAQ,PFBI,2009-12-11,0.11
NASDAQ,PFBI,2009-09-11,0.11
NASDAQ,PFBI,2009-06-11,0.11
NASDAQ,PFBI,2009-03-11,0.11
NASDAQ,PFBI,2008-12-11,0.11
NASDAQ,PFBI,2008-09-11,0.11
NASDAQ,PFBI,2008-06-12,0.11
NASDAQ,PFBI,2008-03-12,0.1
NASDAQ,PFBI,2007-12-12,0.1
NASDAQ,PFBI,2007-09-12,0.1
NASDAQ,PFBI,2007-06-13,0.1
NASDAQ,PFBI,2007-03-13,0.1
NASDAQ,PFBI,2006-12-13,0.05
NASDAQ,PFBI,2006-09-13,0.05
NASDAQ,PFBI,2000-03-16,0.15
NASDAQ,PFBI,1999-12-13,0.15
NASDAQ,PFBI,1999-09-17,0.15
NASDAQ,PFBI,1999-06-11,0.15
NASDAQ,PFBI,1999-03-18,0.15
NASDAQ,PFBI,1998-12-18,0.15
NASDAQ,PFBI,1998-09-17,0.142
NASDAQ,PFBI,1998-06-18,0.14286
NASDAQ,PFBI,1998-03-18,0.14286
NASDAQ,PFBI,1997-12-18,0.14286
NASDAQ,PFBI,1997-09-19,0.14286
NASDAQ,PFBI,1997-06-19,0.11905
NASDAQ,PFBI,1997-03-20,0.11905
NASDAQ,PFBI,1996-12-19,0.11905
NASDAQ,PFBI,1996-09-19,0.11905
NASDAQ,PFBI,1996-06-20,0.11905
NASDAQ,PBCT,2010-01-28,0.153
NASDAQ,PBCT,2009-10-28,0.153
NASDAQ,PBCT,2009-07-29,0.153
NASDAQ,PBCT,2009-04-29,0.153
NASDAQ,PBCT,2009-01-28,0.15
NASDAQ,PBCT,2008-10-29,0.15
NASDAQ,PBCT,2008-07-30,0.15
NASDAQ,PBCT,2008-04-29,0.15
NASDAQ,PBCT,2008-01-30,0.133
NASDAQ,PBCT,2007-10-30,0.133
NASDAQ,PBCT,2007-07-30,0.133
NASDAQ,PBCT,2007-04-27,0.133
NASDAQ,PBCT,2007-01-30,0.11905
NASDAQ,PBCT,2006-10-30,0.11905
NASDAQ,PBCT,2006-07-28,0.11905
NASDAQ,PBCT,2006-04-27,0.11905
NASDAQ,PBCT,2006-01-30,0.10476
NASDAQ,PBCT,2005-10-28,0.10476
NASDAQ,PBCT,2005-07-28,0.10476
NASDAQ,PBCT,2005-04-27,0.10476
NASDAQ,PBCT,2005-01-28,0.09206
NASDAQ,PBCT,2004-10-28,0.09206
NASDAQ,PBCT,2004-07-28,0.09206
NASDAQ,PBCT,2004-04-28,0.09206
NASDAQ,PBCT,2004-01-28,0.08254
NASDAQ,PBCT,2003-10-29,0.08254
NASDAQ,PBCT,2003-07-30,0.08254
NASDAQ,PBCT,2003-04-29,0.08254
NASDAQ,PBCT,2003-01-29,0.07619
NASDAQ,PBCT,2002-10-30,0.07619
NASDAQ,PBCT,2002-07-30,0.07619
NASDAQ,PBCT,2002-04-29,0.07619
NASDAQ,PBCT,2002-01-30,0.07196
NASDAQ,PBCT,2001-10-30,0.07196
NASDAQ,PBCT,2001-07-30,0.07196
NASDAQ,PBCT,2001-04-27,0.07196
NASDAQ,PBCT,2001-01-30,0.06772
NASDAQ,PBCT,2000-10-30,0.06772
NASDAQ,PBCT,2000-07-28,0.06349
NASDAQ,PBCT,2000-05-01,0.06349
NASDAQ,PBCT,2000-01-28,0.05926
NASDAQ,PBCT,1999-10-28,0.05926
NASDAQ,PBCT,1999-07-28,0.05502
NASDAQ,PBCT,1999-04-28,0.05502
NASDAQ,PBCT,1999-01-28,0.04868
NASDAQ,PBCT,1998-10-28,0.04868
NASDAQ,PBCT,1998-07-29,0.04444
NASDAQ,PBCT,1998-04-29,0.04444
NASDAQ,PBCT,1998-01-28,0.04021
NASDAQ,PBCT,1997-10-29,0.04021
NASDAQ,PBCT,1997-07-30,0.03598
NASDAQ,PBCT,1997-04-29,0.03527
NASDAQ,PBCT,1997-01-29,0.03104
NASDAQ,PBCT,1996-10-30,0.03104
NASDAQ,PBCT,1996-07-30,0.02822
NASDAQ,PBCT,1996-04-29,0.02822
NASDAQ,PBCT,1996-01-30,0.0254
NASDAQ,PBCT,1995-10-30,0.0254
NASDAQ,PBCT,1995-07-28,0.02258
NASDAQ,PBCT,1995-04-25,0.02258
NASDAQ,PBCT,1995-01-26,0.01975
NASDAQ,PBCT,1994-10-26,0.01975
NASDAQ,PBCT,1994-07-26,0.01693
NASDAQ,PBCT,1994-04-25,0.01693
NASDAQ,PBCT,1994-01-26,0.0127
NASDAQ,PBCT,1990-10-26,0.0254
NASDAQ,PBCT,1990-07-26,0.0254
NASDAQ,PBCT,1990-04-25,0.0254
NASDAQ,PNNW,2009-11-12,0.175
NASDAQ,PNNW,2009-08-13,0.175
NASDAQ,PNNW,2009-05-14,0.175
NASDAQ,PNNW,2009-02-05,0.175
NASDAQ,PNNW,2008-11-13,0.165
NASDAQ,PNNW,2008-08-13,0.165
NASDAQ,PNNW,2008-05-13,0.165
NASDAQ,PNNW,2008-02-13,0.165
NASDAQ,PNNW,2007-11-14,0.165
NASDAQ,PNNW,2007-08-14,0.165
NASDAQ,PNNW,2007-05-11,0.165
NASDAQ,PNNW,2007-02-13,0.165
NASDAQ,PNNW,2006-11-13,0.165
NASDAQ,PNNW,2006-08-11,0.165
NASDAQ,PNNW,2006-05-11,0.165
NASDAQ,PNNW,2006-02-13,0.165
NASDAQ,PNNW,2005-11-10,0.165
NASDAQ,PNNW,2005-08-11,0.165
NASDAQ,PNNW,2005-05-16,0.165
NASDAQ,PNNW,2005-02-24,0.16125
NASDAQ,PNNW,2004-11-10,0.16125
NASDAQ,PNNW,2004-08-12,0.16125
NASDAQ,PNNW,2004-05-13,0.16125
NASDAQ,PNNW,2004-02-11,0.16125
NASDAQ,PNNW,2003-11-12,0.16125
NASDAQ,PNNW,2003-08-13,0.16125
NASDAQ,PNNW,2003-05-13,0.16125
NASDAQ,PNNW,2003-02-12,0.14625
NASDAQ,PNNW,2002-11-13,0.14625
NASDAQ,PNNW,2002-08-13,0.171
NASDAQ,PNNW,2002-04-29,0.14625
NASDAQ,PNNW,2002-01-30,0.14625
NASDAQ,PNNW,2001-10-30,0.14625
NASDAQ,PNNW,2001-07-30,0.14063
NASDAQ,PNNW,2001-04-27,0.14063
NASDAQ,PNNW,2001-01-30,0.14063
NASDAQ,PNNW,2000-10-30,0.14063
NASDAQ,PNNW,2000-07-28,0.135
NASDAQ,PNNW,2000-04-27,0.135
NASDAQ,PNNW,2000-01-28,0.135
NASDAQ,PNNW,1999-10-28,0.135
NASDAQ,PNNW,1999-07-29,0.12938
NASDAQ,PNNW,1999-04-29,0.12938
NASDAQ,PNNW,1999-01-28,0.12375
NASDAQ,PNNW,1997-10-29,0.15188
NASDAQ,PNNW,1997-07-30,0.15188
NASDAQ,PNNW,1997-04-29,0.14625
NASDAQ,PNNW,1997-01-29,0.14625
NASDAQ,PNNW,1996-10-30,0.14625
NASDAQ,PNNW,1996-07-30,0.14625
NASDAQ,PNNW,1996-04-29,0.14625
NASDAQ,PNNW,1996-01-30,0.14063
NASDAQ,PNNW,1995-10-30,0.14063
NASDAQ,PGC,2010-02-02,0.05
NASDAQ,PGC,2009-10-27,0.05
NASDAQ,PGC,2009-07-07,0.048
NASDAQ,PGC,2009-04-07,0.15238
NASDAQ,PGC,2009-01-07,0.15238
NASDAQ,PGC,2008-10-07,0.15238
NASDAQ,PGC,2008-07-07,0.15238
NASDAQ,PGC,2008-04-07,0.15238
NASDAQ,PGC,2008-01-07,0.15238
NASDAQ,PGC,2007-10-04,0.15238
NASDAQ,PGC,2007-07-05,0.14286
NASDAQ,PGC,2007-04-04,0.14286
NASDAQ,PGC,2006-12-28,0.14286
NASDAQ,PGC,2006-09-28,0.14286
NASDAQ,PGC,2006-06-29,0.13333
NASDAQ,PGC,2006-03-30,0.13333
NASDAQ,PGC,2005-12-29,0.13333
NASDAQ,PGC,2005-09-29,0.13333
NASDAQ,PGC,2005-06-29,0.10476
NASDAQ,PGC,2005-03-30,0.10476
NASDAQ,PGC,2004-12-30,0.10476
NASDAQ,PGC,2004-09-29,9.62857
NASDAQ,PGC,2004-06-29,0.08658
NASDAQ,PGC,2004-03-30,0.08658
NASDAQ,PGC,2003-12-30,0.08658
NASDAQ,PGC,2003-09-29,0.08658
NASDAQ,PGC,2003-06-27,0.07084
NASDAQ,PGC,2003-03-28,0.07084
NASDAQ,PGC,2002-12-30,0.07084
NASDAQ,PGC,2002-09-27,0.07084
NASDAQ,PGC,2002-06-27,0.05903
NASDAQ,PGC,2002-03-27,0.05903
NASDAQ,PGC,2001-12-28,0.05903
NASDAQ,PGC,2001-09-27,0.05903
NASDAQ,PGC,2001-06-29,0.05009
NASDAQ,PGC,2001-03-29,0.05009
NASDAQ,PGC,2001-01-03,0.05009
NASDAQ,PGC,2000-01-12,0.0409
NASDAQ,PGC,1999-06-29,0.03893
NASDAQ,PETS,2009-11-10,0.1
NASDAQ,PETS,2009-08-12,0.1
NASDAQ,PFBX,2010-01-06,0.1
NASDAQ,PFBX,2009-07-06,0.2
NASDAQ,PFBX,2009-01-07,0.3
NASDAQ,PFBX,2008-07-02,0.29
NASDAQ,PFBX,2008-01-04,0.27
NASDAQ,PFBX,2007-07-05,0.25
NASDAQ,PFBX,2007-01-04,0.23
NASDAQ,PFBX,2006-07-06,0.21
NASDAQ,PFBX,2006-01-05,0.2
NASDAQ,PFBX,2005-07-06,0.2
NASDAQ,PFBX,2005-01-06,0.18
NASDAQ,PFBX,2004-07-07,0.17
NASDAQ,PFBX,2004-01-07,0.15
NASDAQ,PFBX,2003-07-02,0.14
NASDAQ,PFBX,2003-01-06,0.12
NASDAQ,PFBX,2002-07-03,0.12
NASDAQ,PFBX,2002-01-07,0.12
NASDAQ,PFBX,2001-07-05,0.12
NASDAQ,PFBX,2001-01-05,0.11
NASDAQ,PFBX,2000-08-02,0.11
NASDAQ,PFBX,2000-07-06,0.11
NASDAQ,PFBX,2000-01-12,0.1
NASDAQ,PALM,2007-10-25,9.0
NASDAQ,PALM,2003-10-29,4.4195
NASDAQ,PABK,2008-06-26,0.093
NASDAQ,PABK,2008-03-27,0.14216
NASDAQ,PABK,2007-12-27,0.14216
NASDAQ,PABK,2007-09-26,0.14216
NASDAQ,PABK,2007-06-27,0.14216
NASDAQ,PABK,2007-03-28,0.14216
NASDAQ,PABK,2006-12-27,0.13725
NASDAQ,PABK,2006-09-27,0.13725
NASDAQ,PABK,2006-06-28,0.13235
NASDAQ,PABK,2006-03-29,0.12255
NASDAQ,PABK,2005-12-28,0.12255
NASDAQ,PABK,2005-09-28,0.11765
NASDAQ,PABK,2005-06-28,0.11765
NASDAQ,PABK,2005-03-29,0.10784
NASDAQ,PABK,2004-12-29,0.09804
NASDAQ,PABK,2004-09-28,0.09804
NASDAQ,PABK,2004-06-28,0.06863
NASDAQ,PABK,2004-03-29,0.06863
NASDAQ,PABK,2003-12-29,0.06863
NASDAQ,PABK,2003-09-26,0.04902
NASDAQ,PABK,2003-06-26,0.02941
NASDAQ,PABK,2003-03-27,0.02941
NASDAQ,PABK,2002-03-26,0.10784
NASDAQ,PABK,2001-12-27,0.10784
NASDAQ,PABK,2001-09-26,0.10784
NASDAQ,PABK,2001-06-27,0.10784
NASDAQ,PABK,2001-03-28,0.10784
NASDAQ,PABK,2000-12-27,0.10784
NASDAQ,PABK,2000-09-27,0.10784
NASDAQ,PABK,2000-06-28,0.10588
NASDAQ,PABK,2000-03-29,0.10294
NASDAQ,PABK,1999-12-29,0.10098
NASDAQ,PABK,1999-09-28,0.09804
NASDAQ,PABK,1999-06-28,0.09412
NASDAQ,PABK,1999-03-29,0.08824
NASDAQ,PABK,1998-12-29,0.07843
NASDAQ,PABK,1998-09-28,0.06863
NASDAQ,PABK,1998-06-26,0.06373
NASDAQ,PABK,1998-03-27,0.05882
NASDAQ,PABK,1997-12-30,0.04657
NASDAQ,PABK,1997-09-26,0.04412
NASDAQ,PABK,1997-06-27,0.04167
NASDAQ,PABK,1997-03-26,0.03922
NASDAQ,PABK,1996-12-27,0.03676
NASDAQ,PABK,1996-09-26,0.03431
NASDAQ,PRWT,2009-01-28,0.00952
NASDAQ,PRWT,2008-09-24,0.05714
NASDAQ,PRWT,2008-06-23,0.05714
NASDAQ,PRWT,2008-03-24,0.05714
NASDAQ,PRWT,2008-01-15,0.05714
NASDAQ,PRWT,2007-09-27,0.05714
NASDAQ,PRWT,2007-07-12,0.04762
NASDAQ,PRWT,2007-01-24,0.04535
NASDAQ,PRWT,2006-09-27,0.04535
NASDAQ,PRWT,2006-01-04,0.04319
NASDAQ,PWX,2010-02-08,0.04
NASDAQ,PWX,2009-11-05,0.04
NASDAQ,PWX,2009-08-06,0.04
NASDAQ,PWX,2009-05-07,0.04
NASDAQ,PWX,2009-02-05,0.04
NASDAQ,PWX,2008-11-07,0.04
NASDAQ,PWX,2008-08-07,0.04
NASDAQ,PWX,2008-05-08,0.04
NASDAQ,PWX,2008-02-07,0.04
NASDAQ,PWX,2007-11-07,0.04
NASDAQ,PWX,2007-08-02,0.04
NASDAQ,PWX,2007-05-03,0.04
NASDAQ,PWX,2007-02-08,0.04
NASDAQ,PWX,2006-11-02,0.04
NASDAQ,PWX,2006-08-03,0.04
NASDAQ,PWX,2006-05-04,0.04
NASDAQ,PWX,2006-02-03,0.04
NASDAQ,PWX,2005-11-03,0.04
NASDAQ,PWX,2005-08-04,0.04
NASDAQ,PWX,2005-05-03,0.04
NASDAQ,PWX,2005-02-01,0.04
NASDAQ,PWX,2004-11-02,0.04
NASDAQ,PWX,2004-08-03,0.04
NASDAQ,PWX,2004-05-04,0.04
NASDAQ,PWX,2004-02-03,0.04
NASDAQ,PWX,2003-11-04,0.04
NASDAQ,PWX,2003-08-05,0.04
NASDAQ,PWX,2003-05-06,0.04
NASDAQ,PWX,2003-02-04,0.04
NASDAQ,PWX,2002-11-05,0.04
NASDAQ,PWX,2002-08-06,0.04
NASDAQ,PWX,2002-05-07,0.04
NASDAQ,PWX,2002-02-05,0.04
NASDAQ,PWX,2001-11-06,0.04
NASDAQ,PWX,2001-08-07,0.04
NASDAQ,PWX,2001-05-08,0.04
NASDAQ,PWX,2001-02-06,0.04
NASDAQ,PWX,2000-11-07,0.04
NASDAQ,PWX,2000-08-08,0.04
NASDAQ,PWX,2000-05-09,0.04
NASDAQ,PWX,2000-02-08,0.04
NASDAQ,PWX,1999-11-08,0.04
NASDAQ,PWX,1999-08-10,0.04
NASDAQ,PWX,1999-05-11,0.04
NASDAQ,PWX,1999-02-09,0.03
NASDAQ,PWX,1998-11-09,0.03
NASDAQ,PWX,1998-08-11,0.03
NASDAQ,PWX,1998-05-12,0.03
NASDAQ,PWX,1998-02-10,0.03
NASDAQ,PWX,1997-11-10,0.06
NASDAQ,PWX,1997-05-06,0.03
NASDAQ,PWX,1996-11-12,0.025
NASDAQ,PWX,1996-05-07,0.025
NASDAQ,PWX,1995-11-07,0.025
NASDAQ,PMBC,2008-02-27,0.1
NASDAQ,PSEC,2009-12-29,0.409
NASDAQ,PSEC,2009-10-06,0.408
NASDAQ,PSEC,2009-07-06,0.406
NASDAQ,PSEC,2009-03-27,0.405
NASDAQ,PSEC,2008-12-29,0.404
NASDAQ,PSEC,2008-09-26,0.403
NASDAQ,PSEC,2008-06-26,0.401
NASDAQ,PSEC,2008-03-27,0.4
NASDAQ,PSEC,2007-12-26,0.395
NASDAQ,PSEC,2007-09-17,0.393
NASDAQ,PSEC,2007-06-20,0.39
NASDAQ,PSEC,2007-03-21,0.388
NASDAQ,PSEC,2006-12-27,0.385
NASDAQ,PSEC,2006-09-20,0.38
NASDAQ,PSEC,2006-06-21,0.34
NASDAQ,PSEC,2006-03-22,0.3
NASDAQ,PSEC,2005-12-20,0.28
NASDAQ,PSEC,2005-09-20,0.2
NASDAQ,PSEC,2005-06-08,0.15
NASDAQ,PSEC,2005-03-09,0.125
NASDAQ,PSEC,2004-12-08,0.1
NASDAQ,PSAU,2009-12-18,0.092
NASDAQ,PWND,2008-12-19,0.049
NASDAQ,PFBC,2009-02-10,0.08
NASDAQ,PFBC,2008-11-06,0.1
NASDAQ,PFBC,2008-08-01,0.1
NASDAQ,PFBC,2008-05-02,0.1
NASDAQ,PFBC,2008-02-01,0.17
NASDAQ,PFBC,2007-11-02,0.17
NASDAQ,PFBC,2007-08-03,0.17
NASDAQ,PFBC,2007-05-04,0.17
NASDAQ,PFBC,2007-02-16,0.11333
NASDAQ,PFBC,2006-11-03,0.13333
NASDAQ,PFBC,2006-08-03,0.13333
NASDAQ,PFBC,2006-05-04,0.13333
NASDAQ,PFBC,2006-02-08,0.13333
NASDAQ,PFBC,2005-10-31,0.11333
NASDAQ,PFBC,2005-07-28,0.11333
NASDAQ,PFBC,2005-04-25,0.1
NASDAQ,PFBC,2005-04-22,0.0
NASDAQ,PFBC,2005-01-28,0.1
NASDAQ,PFBC,2004-04-28,0.4
NASDAQ,PFBC,2003-04-29,0.16
NASDAQ,PFBC,2002-04-26,0.25333
NASDAQ,PFBC,2001-05-23,0.25333
NASDAQ,PMD,2009-12-01,0.12
NASDAQ,PMD,2009-09-02,0.12
NASDAQ,PMD,2009-06-03,0.17
NASDAQ,PMD,2009-03-04,0.17
NASDAQ,PMD,2008-12-08,0.5
NASDAQ,PMD,2008-12-02,0.17
NASDAQ,PMD,2008-12-01,0.17
NASDAQ,PMD,2008-09-03,0.17
NASDAQ,PMD,2008-06-04,0.17
NASDAQ,PMD,2008-03-05,0.15
NASDAQ,PMD,2007-11-29,0.15
NASDAQ,PMD,2007-09-05,0.15
NASDAQ,PMD,2007-06-06,0.15
NASDAQ,PMD,2007-03-07,0.125
NASDAQ,PMD,2006-12-06,0.125
NASDAQ,PMD,2006-09-06,0.125
NASDAQ,PMD,2006-06-07,0.125
NASDAQ,PMD,2006-03-08,0.1
NASDAQ,PMD,2005-12-07,0.1
NASDAQ,PMD,2005-09-07,0.1
NASDAQ,PMD,2005-06-08,0.08
NASDAQ,PMD,2005-03-09,0.08
NASDAQ,PMD,2004-12-08,0.08
NASDAQ,PMD,2004-09-08,0.08
NASDAQ,PMD,2004-06-09,0.08
NASDAQ,PMD,2004-03-03,0.08
NASDAQ,PMD,2003-12-03,0.08
NASDAQ,PMD,2003-09-03,0.08
NASDAQ,PMD,2003-06-10,0.08
NASDAQ,PMD,2003-03-04,0.08
NASDAQ,PMD,2002-12-03,0.08
NASDAQ,PMD,2002-09-03,0.02
NASDAQ,PMD,2002-06-04,0.04
NASDAQ,PMD,2002-03-05,0.04
NASDAQ,PMD,2001-12-04,0.08
NASDAQ,PMD,2001-09-04,0.08
NASDAQ,PMD,2001-06-04,0.08
NASDAQ,PMD,2001-03-05,0.16
NASDAQ,PMD,2000-12-04,0.16
NASDAQ,PMD,2000-09-01,0.16
NASDAQ,PMD,2000-06-05,0.16
NASDAQ,PMD,2000-03-06,0.16
NASDAQ,PMD,1999-12-06,0.16
NASDAQ,PMD,1999-09-13,0.16
NASDAQ,PMD,1999-06-11,0.16
NASDAQ,PMD,1999-03-03,0.16
NASDAQ,PMD,1998-11-12,0.12
NASDAQ,PMD,1998-08-12,0.12
NASDAQ,PMD,1998-05-13,0.12
NASDAQ,PMD,1998-02-18,0.08
NASDAQ,PMD,1997-11-12,0.08
NASDAQ,PMD,1997-09-11,0.08
NASDAQ,PMD,1997-06-12,0.08
NASDAQ,PMD,1997-03-18,0.08
NASDAQ,PCBC,2009-03-12,0.11
NASDAQ,PCBC,2008-10-20,0.22
NASDAQ,PCBC,2008-07-18,0.22
NASDAQ,PCBC,2008-04-11,0.22
NASDAQ,PCBC,2008-01-17,0.22
NASDAQ,PCBC,2007-10-19,0.22
NASDAQ,PCBC,2007-07-13,0.22
NASDAQ,PCBC,2007-04-13,0.22
NASDAQ,PCBC,2007-01-19,0.22
NASDAQ,PCBC,2006-10-20,0.22
NASDAQ,PCBC,2006-07-20,0.22
NASDAQ,PCBC,2006-04-21,0.22
NASDAQ,PCBC,2006-01-20,0.22
NASDAQ,PCBC,2005-10-14,0.2
NASDAQ,PCBC,2005-07-15,0.2
NASDAQ,PCBC,2005-04-15,0.2
NASDAQ,PCBC,2005-01-21,0.18
NASDAQ,PCBC,2004-10-22,0.18
NASDAQ,PCBC,2004-07-16,0.18
NASDAQ,PCBC,2004-04-16,0.165
NASDAQ,PCBC,2004-01-15,0.165
NASDAQ,PCBC,2003-10-17,0.1575
NASDAQ,PCBC,2003-07-18,0.1575
NASDAQ,PCBC,2003-04-17,0.15
NASDAQ,PCBC,2003-01-16,0.135
NASDAQ,PCBC,2002-10-18,0.135
NASDAQ,PCBC,2002-07-19,0.135
NASDAQ,PCBC,2002-04-19,0.12375
NASDAQ,PCBC,2002-01-17,0.12375
NASDAQ,PCBC,2001-10-19,0.12375
NASDAQ,PCBC,2001-07-20,0.12375
NASDAQ,PCBC,2001-04-20,0.12375
NASDAQ,PCBC,2001-01-19,0.12375
NASDAQ,PCBC,2000-10-20,0.12375
NASDAQ,PCBC,2000-07-25,0.1125
NASDAQ,PCBC,2000-04-20,0.1125
NASDAQ,PCBC,2000-01-21,0.10125
NASDAQ,PCBC,1999-10-22,0.10125
NASDAQ,PCBC,1999-07-16,0.10125
NASDAQ,PCBC,1999-04-16,0.10125
NASDAQ,PCBC,1999-01-22,0.10125
NASDAQ,PCBC,1998-10-07,0.10125
NASDAQ,PCBC,1998-07-17,0.08438
NASDAQ,PCBC,1998-04-17,0.08438
NASDAQ,PCBC,1998-01-26,0.07313
NASDAQ,PCBC,1997-10-17,0.07313
NASDAQ,PCBC,1997-07-21,0.06469
NASDAQ,PCBC,1997-04-18,0.06469
NASDAQ,PCBC,1997-01-16,0.05625
NASDAQ,PCBC,1996-10-18,0.05063
NASDAQ,PCBC,1996-07-19,0.01266
NASDAQ,PRGO,2009-11-24,0.063
NASDAQ,PRGO,2009-08-26,0.055
NASDAQ,PRGO,2009-05-27,0.055
NASDAQ,PRGO,2009-02-25,0.055
NASDAQ,PRGO,2008-11-25,0.055
NASDAQ,PRGO,2008-08-20,0.05
NASDAQ,PRGO,2008-05-21,0.05
NASDAQ,PRGO,2008-02-20,0.05
NASDAQ,PRGO,2007-11-20,0.05
NASDAQ,PRGO,2007-08-22,0.045
NASDAQ,PRGO,2007-05-23,0.045
NASDAQ,PRGO,2007-02-21,0.045
NASDAQ,PRGO,2006-11-21,0.045
NASDAQ,PRGO,2006-08-23,0.043
NASDAQ,PRGO,2006-05-24,0.043
NASDAQ,PRGO,2006-02-22,0.043
NASDAQ,PRGO,2005-11-22,0.043
NASDAQ,PRGO,2005-08-24,0.04
NASDAQ,PRGO,2005-05-25,0.04
NASDAQ,PRGO,2005-02-23,0.04
NASDAQ,PRGO,2004-11-23,0.04
NASDAQ,PRGO,2004-08-25,0.035
NASDAQ,PRGO,2004-05-26,0.035
NASDAQ,PRGO,2004-02-25,0.035
NASDAQ,PRGO,2003-11-25,0.035
NASDAQ,PRGO,2003-08-27,0.025
NASDAQ,PRGO,2003-05-28,0.025
NASDAQ,PRGO,2003-02-26,0.025
NASDAQ,PMACA,2003-09-15,0.105
NASDAQ,PMACA,2003-06-06,0.105
NASDAQ,PMACA,2003-03-07,0.105
NASDAQ,PMACA,2002-12-10,0.105
NASDAQ,PMACA,2002-09-06,0.105
NASDAQ,PMACA,2002-06-06,0.105
NASDAQ,PMACA,2002-03-07,0.105
NASDAQ,PMACA,2001-12-10,0.105
NASDAQ,PMACA,2001-09-06,0.105
NASDAQ,PMACA,2001-06-07,0.105
NASDAQ,PMACA,2001-03-08,0.105
NASDAQ,PMACA,2000-12-08,0.105
NASDAQ,PMACA,2000-09-07,0.105
NASDAQ,PMACA,2000-06-12,0.09
NASDAQ,PMACA,2000-03-09,0.09
NASDAQ,PMACA,1999-12-16,0.09
NASDAQ,PMACA,1999-09-08,0.09
NASDAQ,PMACA,1999-06-08,0.09
NASDAQ,PMACA,1999-03-09,0.09
NASDAQ,PMACA,1998-12-09,0.09
NASDAQ,PATK,2003-03-19,0.04
NASDAQ,PATK,2002-12-17,0.04
NASDAQ,PATK,2002-09-11,0.04
NASDAQ,PATK,2002-06-12,0.04
NASDAQ,PATK,2002-03-20,0.04
NASDAQ,PATK,2001-12-19,0.04
NASDAQ,PATK,2001-09-21,0.04
NASDAQ,PATK,2001-06-13,0.04
NASDAQ,PATK,2001-03-14,0.04
NASDAQ,PATK,2000-12-13,0.04
NASDAQ,PATK,2000-09-13,0.04
NASDAQ,PATK,2000-06-08,0.04
NASDAQ,PATK,2000-03-09,0.04
NASDAQ,PATK,1999-12-13,0.04
NASDAQ,PATK,1999-09-15,0.04
NASDAQ,PATK,1999-06-09,0.04
NASDAQ,PATK,1999-03-10,0.04
NASDAQ,PATK,1998-12-10,0.04
NASDAQ,PATK,1998-09-11,0.04
NASDAQ,PATK,1998-06-10,0.04
NASDAQ,PATK,1998-03-11,0.04
NASDAQ,PATK,1997-09-11,0.04
NASDAQ,PATK,1997-06-11,0.04
NASDAQ,PATK,1997-03-12,0.04
NASDAQ,PATK,1996-12-11,0.04
NASDAQ,PATK,1996-10-01,0.04
NASDAQ,PATK,1996-06-12,0.04
NASDAQ,PATK,1996-03-13,0.04
NASDAQ,PATK,1995-12-13,0.04
NASDAQ,PATK,1995-09-13,0.04
NASDAQ,PSTL,2009-12-18,0.088
NASDAQ,PSTL,2008-12-19,0.246
NASDAQ,PHIIK,1999-08-03,0.05
NASDAQ,PHIIK,1999-05-03,0.05
NASDAQ,PHIIK,1999-02-04,0.05
NASDAQ,PHIIK,1998-10-29,0.05
NASDAQ,PHIIK,1998-07-30,0.05
NASDAQ,PHIIK,1998-04-30,0.05
NASDAQ,PHIIK,1998-03-02,0.05
NASDAQ,PHIIK,1997-10-30,0.05
NASDAQ,PHIIK,1997-07-31,0.05
NASDAQ,PHIIK,1997-02-03,0.05
NASDAQ,PHIIK,1996-11-06,0.05
NASDAQ,PHIIK,1996-08-08,0.05
NASDAQ,PHIIK,1996-04-26,0.05
NASDAQ,PHIIK,1996-01-09,0.05
NASDAQ,PHIIK,1995-10-10,0.05
NASDAQ,PBIB,2009-12-11,0.2
NASDAQ,PBIB,2009-09-11,0.2
NASDAQ,PBIB,2009-06-11,0.2
NASDAQ,PBIB,2009-03-11,0.2
NASDAQ,PBIB,2008-12-11,0.2
NASDAQ,PBIB,2008-09-11,0.19048
NASDAQ,PBIB,2008-06-11,0.19048
NASDAQ,PBIB,2008-03-12,0.19048
NASDAQ,PBIB,2007-12-12,0.19048
NASDAQ,PBIB,2007-09-12,0.18141
NASDAQ,PBIB,2007-06-13,0.18141
NASDAQ,PBIB,2007-03-13,0.18141
NASDAQ,PBIB,2006-12-20,0.18141
NASDAQ,PRPX,2009-12-17,0.06
NASDAQ,PRPX,2009-09-17,0.06
NASDAQ,PRPX,2009-06-18,0.06
NASDAQ,PRPX,2009-03-19,0.06
NASDAQ,PRPX,2008-12-18,0.06
NASDAQ,PRPX,2008-09-18,0.06
NASDAQ,PRPX,2008-06-19,0.06
NASDAQ,PRPX,2008-03-19,0.06
NASDAQ,PRPX,2007-12-20,0.06
NASDAQ,PRPX,2007-09-20,0.06
NASDAQ,PRPX,2007-06-07,0.06
NASDAQ,PRPX,2007-03-08,0.06
NASDAQ,PRPX,2006-12-15,0.06
NASDAQ,PRPX,2006-09-19,0.06
NASDAQ,PRPX,2006-06-15,0.06
NASDAQ,PRPX,2006-03-16,0.06
NASDAQ,PRPX,2005-12-15,0.06
NASDAQ,PRPX,2005-09-22,0.05
NASDAQ,PRPX,2005-06-17,0.05
NASDAQ,PRPX,2005-03-08,0.05
NASDAQ,PRPX,2004-12-08,0.05
NASDAQ,PRPX,2004-09-08,0.05
NASDAQ,PRPX,2004-06-07,0.05
NASDAQ,PRPX,2004-03-10,0.05
NASDAQ,PTEN,2009-12-11,0.05
NASDAQ,PTEN,2009-09-11,0.05
NASDAQ,PTEN,2009-06-11,0.05
NASDAQ,PTEN,2009-03-10,0.05
NASDAQ,PTEN,2008-12-10,0.16
NASDAQ,PTEN,2008-09-10,0.16
NASDAQ,PTEN,2008-06-10,0.16
NASDAQ,PTEN,2008-03-10,0.12
NASDAQ,PTEN,2007-12-10,0.12
NASDAQ,PTEN,2007-09-10,0.12
NASDAQ,PTEN,2007-06-12,0.12
NASDAQ,PTEN,2007-03-13,0.08
NASDAQ,PTEN,2006-12-12,0.08
NASDAQ,PTEN,2006-09-12,0.08
NASDAQ,PTEN,2006-06-13,0.08
NASDAQ,PTEN,2006-03-13,0.04
NASDAQ,PTEN,2005-11-10,0.04
NASDAQ,PTEN,2005-08-12,0.04
NASDAQ,PTEN,2005-05-12,0.04
NASDAQ,PTEN,2005-02-24,0.04
NASDAQ,PTEN,2004-11-10,0.02
NASDAQ,PTEN,2004-08-12,0.02
NASDAQ,PTEN,2004-05-13,0.02
NASDAQ,PRSP,2009-12-16,0.155
NASDAQ,PRSP,2009-09-11,0.138
NASDAQ,PRSP,2009-06-11,0.138
NASDAQ,PRSP,2009-03-12,0.138
NASDAQ,PRSP,2008-12-10,0.138
NASDAQ,PRSP,2008-09-11,0.125
NASDAQ,PRSP,2008-06-12,0.125
NASDAQ,PRSP,2008-03-13,0.125
NASDAQ,PRSP,2007-12-12,0.125
NASDAQ,PRSP,2007-09-12,0.113
NASDAQ,PRSP,2007-03-14,0.113
NASDAQ,PRSP,2006-12-13,0.113
NASDAQ,PRSP,2006-09-13,0.1
NASDAQ,PRSP,2006-06-14,0.1
NASDAQ,PRSP,2006-03-15,0.1
NASDAQ,PRSP,2005-12-14,0.1
NASDAQ,PRSP,2005-09-14,0.083
NASDAQ,PRSP,2005-06-15,0.083
NASDAQ,PRSP,2005-03-16,0.083
NASDAQ,PRSP,2004-12-15,0.083
NASDAQ,PRSP,2004-09-15,0.075
NASDAQ,PRSP,2004-06-16,0.075
NASDAQ,PRSP,2004-03-11,0.075
NASDAQ,PRSP,2003-12-11,0.063
NASDAQ,PRSP,2003-09-11,0.063
NASDAQ,PRSP,2003-06-11,0.063
NASDAQ,PRSP,2003-03-12,0.063
NASDAQ,PRSP,2002-12-12,0.055
NASDAQ,PRSP,2002-09-12,0.055
NASDAQ,PRSP,2002-06-12,0.055
NASDAQ,PRSP,2002-03-13,0.055
NASDAQ,PRSP,2001-12-12,0.05
NASDAQ,PRSP,2001-06-13,0.05
NASDAQ,PRSP,2001-03-14,0.045
NASDAQ,PRSP,2000-12-13,0.045
NASDAQ,PRSP,2000-09-13,0.045
NASDAQ,PRSP,2000-06-14,0.045
NASDAQ,PRSP,2000-03-15,0.045
NASDAQ,PRSP,1999-12-15,0.025
NASDAQ,PRSP,1999-09-15,0.025
NASDAQ,PLFE,2009-12-14,0.063
NASDAQ,PLFE,2009-09-14,0.063
NASDAQ,PLFE,2009-06-12,0.063
NASDAQ,PLFE,2009-03-12,0.063
NASDAQ,PLFE,2008-12-11,0.063
NASDAQ,PLFE,2008-09-15,0.125
NASDAQ,PLFE,2008-06-12,0.125
NASDAQ,PLFE,2008-03-13,0.125
NASDAQ,PLFE,2007-12-12,0.125
NASDAQ,PLFE,2007-09-13,0.125
NASDAQ,PLFE,2007-06-13,0.125
NASDAQ,PLFE,2007-03-14,0.125
NASDAQ,PLFE,2006-12-13,0.1
NASDAQ,PLFE,2006-09-13,0.1
NASDAQ,PLFE,2006-06-14,0.1
NASDAQ,PLFE,2006-03-14,0.1
NASDAQ,PLFE,2005-12-14,0.1
NASDAQ,PLFE,2005-09-14,0.1
NASDAQ,PLFE,2005-06-13,0.1
NASDAQ,PLFE,2005-03-14,0.1
NASDAQ,PLFE,2004-12-14,0.1
NASDAQ,PLFE,2004-09-14,0.1
NASDAQ,PLFE,2004-06-14,0.1
NASDAQ,PLFE,2004-03-12,0.1
NASDAQ,PLFE,2003-12-12,0.1
NASDAQ,PLFE,2003-09-16,0.1
NASDAQ,PLFE,2003-06-12,0.1
NASDAQ,PLFE,2003-03-12,0.1
NASDAQ,PLFE,2002-12-12,0.1
NASDAQ,PLFE,2002-09-17,0.1
NASDAQ,PLFE,2002-06-12,0.1
NASDAQ,PLFE,2002-03-13,0.1
NASDAQ,PLFE,2001-12-13,0.1
NASDAQ,PLFE,2001-06-13,0.1
NASDAQ,PLFE,2001-03-14,0.1
NASDAQ,PLFE,2000-12-13,0.1
NASDAQ,PLFE,2000-09-13,0.1
NASDAQ,PLFE,2000-06-14,0.1
NASDAQ,PLFE,2000-03-14,0.09
NASDAQ,PLFE,1999-12-14,0.09
NASDAQ,PLFE,1999-09-14,0.09
NASDAQ,PLFE,1999-06-14,0.09
NASDAQ,PLFE,1999-03-12,0.075
NASDAQ,PLFE,1998-12-14,0.075
NASDAQ,PLFE,1998-09-14,0.075
NASDAQ,PLFE,1998-06-12,0.075
NASDAQ,PLFE,1998-03-12,0.06
NASDAQ,PLFE,1997-12-12,0.06
NASDAQ,PLFE,1997-09-11,0.06
NASDAQ,PLFE,1997-06-11,0.05
NASDAQ,PLFE,1997-03-13,0.05
NASDAQ,PLFE,1996-12-12,0.04
NASDAQ,PLFE,1996-06-12,0.035
NASDAQ,PLFE,1995-12-13,0.03
NASDAQ,PLFE,1995-06-14,0.022
NASDAQ,PLFE,1994-06-20,0.022
NASDAQ,PLFE,1993-12-10,0.022
NASDAQ,PLFE,1993-08-04,0.022
NASDAQ,PLFE,1992-06-15,0.022
NASDAQ,PLFE,1991-12-10,0.022
NASDAQ,PLFE,1990-06-14,0.022
NASDAQ,PENX,2009-02-11,0.06
NASDAQ,PENX,2008-11-12,0.06
NASDAQ,PENX,2008-08-13,0.06
NASDAQ,PENX,2008-05-14,0.06
NASDAQ,PENX,2008-02-13,0.06
NASDAQ,PENX,2007-11-14,0.06
NASDAQ,PENX,2007-08-15,0.06
NASDAQ,PENX,2007-05-09,0.06
NASDAQ,PENX,2007-02-07,0.06
NASDAQ,PENX,2006-11-08,0.06
NASDAQ,PENX,2006-08-09,0.06
NASDAQ,PENX,2006-05-10,0.06
NASDAQ,PENX,2006-02-08,0.06
NASDAQ,PENX,2005-11-08,0.06
NASDAQ,PENX,2005-08-10,0.06
NASDAQ,PENX,2005-05-11,0.06
NASDAQ,PENX,2005-02-09,0.06
NASDAQ,PENX,2004-11-09,0.06
NASDAQ,PENX,2004-08-11,0.06
NASDAQ,PENX,2004-05-12,0.06
NASDAQ,PENX,2004-02-11,0.06
NASDAQ,PENX,2003-11-12,0.06
NASDAQ,PENX,2003-08-13,0.06
NASDAQ,PENX,2003-05-14,0.06
NASDAQ,PENX,2003-02-12,0.06
NASDAQ,PENX,2002-11-01,0.06
NASDAQ,PENX,2002-08-14,0.06
NASDAQ,PENX,2002-05-22,0.06
NASDAQ,PENX,2002-02-27,0.06
NASDAQ,PENX,2001-11-14,0.06
NASDAQ,PENX,2001-08-23,0.06
NASDAQ,PENX,2001-05-16,0.06
NASDAQ,PENX,2001-02-14,0.06
NASDAQ,PENX,2000-11-15,0.06
NASDAQ,PENX,2000-08-16,0.06
NASDAQ,PENX,2000-05-10,0.06
NASDAQ,PENX,2000-02-16,0.05
NASDAQ,PENX,1999-11-17,0.05
NASDAQ,PENX,1999-08-11,0.05
NASDAQ,PENX,1999-05-12,0.05
NASDAQ,PENX,1999-02-17,0.05
NASDAQ,PENX,1998-11-10,0.05
NASDAQ,PENX,1998-09-01,14.063
NASDAQ,PENX,1998-08-12,0.05
NASDAQ,PENX,1998-05-13,0.05
NASDAQ,PENX,1998-02-11,0.05
NASDAQ,PENX,1997-08-13,0.05
NASDAQ,PENX,1997-05-14,0.05
NASDAQ,PENX,1997-02-12,0.05
NASDAQ,PENX,1996-11-13,0.05
NASDAQ,PENX,1996-08-21,0.05
NASDAQ,PENX,1996-05-22,0.05
NASDAQ,PENX,1996-02-14,0.05
NASDAQ,PENX,1995-11-15,0.05
NASDAQ,PENX,1995-08-16,0.05
NASDAQ,PENX,1995-05-15,0.05
NASDAQ,PENX,1995-02-13,0.05
NASDAQ,PENX,1994-11-02,0.05
NASDAQ,PENX,1994-08-15,0.05
NASDAQ,PENX,1994-05-16,0.05
NASDAQ,PENX,1994-02-14,0.05
NASDAQ,PENX,1993-11-15,0.05
NASDAQ,PENX,1993-08-16,0.05
NASDAQ,PENX,1993-05-17,0.05
NASDAQ,PENX,1993-02-12,0.05
NASDAQ,PENX,1992-11-16,0.05
NASDAQ,PENX,1992-08-17,0.05
NASDAQ,PENX,1992-05-18,0.05
NASDAQ,PENX,1992-02-14,0.05
NASDAQ,PENX,1988-06-10,0.00333
NASDAQ,PBIP,2010-01-07,0.05
NASDAQ,PBIP,2009-10-07,0.05
NASDAQ,PBIP,2009-07-09,0.05
NASDAQ,PBIP,2009-04-08,0.05
NASDAQ,PBIP,2009-01-08,0.05
NASDAQ,PBIP,2008-10-08,0.05
NASDAQ,PBIP,2008-07-10,0.05
NASDAQ,PBIP,2008-04-10,0.05
NASDAQ,PBIP,2008-01-10,0.05
NASDAQ,PBIP,2007-10-10,0.05
NASDAQ,PBIP,2007-07-11,0.05
NASDAQ,PBIP,2007-04-11,0.05
NASDAQ,PBIP,2007-01-10,0.04
NASDAQ,PBIP,2006-10-11,0.04
NASDAQ,PBIP,2006-07-12,0.04
NASDAQ,PBIP,2006-04-11,0.04
NASDAQ,PBIP,2006-01-11,0.04
NASDAQ,PBIP,2005-10-12,0.04
NASDAQ,PBIP,2005-07-13,0.04
NASDAQ,PACR,2008-12-18,0.15
NASDAQ,PACR,2008-09-17,0.15
NASDAQ,PACR,2008-06-18,0.15
NASDAQ,PACR,2008-03-18,0.15
NASDAQ,PACR,2007-12-18,0.15
NASDAQ,PACR,2007-09-18,0.15
NASDAQ,PACR,2007-06-18,0.15
NASDAQ,PACR,2007-03-16,0.15
NASDAQ,PACR,2006-12-26,0.15
NASDAQ,PACR,2006-09-18,0.15
NASDAQ,PACR,2006-06-16,0.15
NASDAQ,PACR,2006-04-03,0.15
NASDAQ,PACR,2005-12-27,0.15
NASDAQ,PACR,2005-12-16,0.15
NASDAQ,PACR,2005-09-16,0.15
NASDAQ,PACW,2009-11-12,0.01
NASDAQ,PACW,2009-08-20,0.01
NASDAQ,PACW,2009-05-13,0.01
NASDAQ,PACW,2009-02-11,0.32
NASDAQ,PACW,2008-11-12,0.32
NASDAQ,PACW,2008-08-13,0.32
NASDAQ,PACW,2008-05-22,0.32
NASDAQ,PACW,2008-02-13,0.32
NASDAQ,PACW,2007-11-14,0.32
NASDAQ,PACW,2007-08-14,0.32
NASDAQ,PACW,2007-05-14,0.32
NASDAQ,PACW,2007-02-14,0.32
NASDAQ,PACW,2006-11-14,0.32
NASDAQ,PACW,2006-08-14,0.32
NASDAQ,PACW,2006-05-12,0.32
NASDAQ,PACW,2006-02-14,0.25
NASDAQ,PACW,2005-11-14,0.25
NASDAQ,PACW,2005-08-12,0.25
NASDAQ,PACW,2005-05-12,0.25
NASDAQ,PACW,2005-02-11,0.22
NASDAQ,PACW,2004-11-10,0.22
NASDAQ,PACW,2004-08-12,0.22
NASDAQ,PACW,2004-06-01,0.22
NASDAQ,PACW,2004-02-11,0.188
NASDAQ,PACW,2003-11-20,0.188
NASDAQ,PACW,2003-08-13,0.188
NASDAQ,PACW,2003-05-14,0.15
NASDAQ,PACW,2003-02-12,0.15
NASDAQ,PACW,2002-11-13,0.15
NASDAQ,PACW,2002-08-13,0.15
NASDAQ,PACW,2002-05-13,0.15
NASDAQ,PACW,2002-03-01,0.09
NASDAQ,PACW,2001-11-13,0.09
NASDAQ,PACW,2001-08-13,0.09
NASDAQ,PACW,2001-05-11,0.09
NASDAQ,PACW,2001-02-13,0.09
NASDAQ,PACW,2000-11-14,0.09
NASDAQ,PMFG,2000-11-01,0.01562
NASDAQ,PMFG,2000-08-09,0.01562
NASDAQ,PMFG,2000-05-10,0.01562
NASDAQ,PMFG,2000-02-09,0.01562
NASDAQ,PMFG,1999-11-03,0.01562
NASDAQ,PMFG,1999-08-11,0.01562
NASDAQ,PMFG,1999-05-12,0.01562
NASDAQ,PMFG,1999-02-10,0.01562
NASDAQ,PMFG,1998-11-04,0.01562
NASDAQ,PMFG,1998-08-12,0.01562
NASDAQ,PMFG,1998-05-13,0.01562
NASDAQ,PMFG,1998-02-05,0.01562
NASDAQ,PMFG,1997-11-05,0.01562
NASDAQ,PMFG,1997-08-13,0.01562
NASDAQ,PMFG,1997-05-14,0.01562
NASDAQ,PMFG,1997-02-05,0.01562
NASDAQ,PMFG,1996-11-06,0.01562
NASDAQ,PMFG,1996-08-14,0.01562
NASDAQ,PMFG,1996-05-15,0.01562
NASDAQ,PMFG,1996-02-07,0.01562
NASDAQ,PMFG,1995-11-08,0.01562
NASDAQ,PMFG,1995-08-15,0.01562
NASDAQ,PMFG,1995-05-11,0.01562
NASDAQ,PMFG,1995-02-06,0.01562
NASDAQ,PMFG,1994-11-04,0.01562
NASDAQ,PMFG,1994-08-08,0.01562
NASDAQ,PMFG,1994-05-09,0.01562
NASDAQ,PMFG,1994-02-15,0.01562
NASDAQ,PMFG,1993-11-09,0.01562
NASDAQ,PMFG,1993-08-09,0.01562
NASDAQ,PMFG,1993-05-10,0.01562
NASDAQ,PMFG,1993-02-08,0.01562
NASDAQ,PMFG,1992-11-09,0.01562
NASDAQ,PMFG,1992-08-10,0.01562
NASDAQ,PMFG,1992-05-11,0.01562
NASDAQ,PMFG,1992-02-10,0.01562
NASDAQ,PMFG,1991-02-08,0.01562
NASDAQ,PMFG,1990-11-09,0.01562
NASDAQ,PMFG,1990-08-13,0.01562
NASDAQ,PMFG,1990-05-11,0.015
NASDAQ,PRAA,2007-05-07,1.0
NASDAQ,PMNA,2009-12-18,0.176
NASDAQ,POOL,2009-11-12,0.13
NASDAQ,POOL,2009-08-13,0.13
NASDAQ,POOL,2009-05-14,0.13
NASDAQ,POOL,2009-03-05,0.13
NASDAQ,POOL,2008-11-20,0.13
NASDAQ,POOL,2008-08-14,0.13
NASDAQ,POOL,2008-05-15,0.13
NASDAQ,POOL,2008-03-13,0.12
NASDAQ,POOL,2007-11-21,0.12
NASDAQ,POOL,2007-08-16,0.12
NASDAQ,POOL,2007-05-17,0.12
NASDAQ,POOL,2007-03-01,0.105
NASDAQ,POOL,2006-11-22,0.105
NASDAQ,POOL,2006-08-17,0.105
NASDAQ,POOL,2006-05-18,0.105
NASDAQ,POOL,2006-02-23,0.09
NASDAQ,POOL,2005-11-17,0.09
NASDAQ,POOL,2005-08-18,0.09
NASDAQ,POOL,2005-05-19,0.09
NASDAQ,POOL,2005-02-24,0.07
NASDAQ,POOL,2004-11-18,0.07
NASDAQ,POOL,2004-08-19,0.06667
NASDAQ,POOL,2004-05-20,0.06667
NASDAQ,PETM,2010-01-27,0.1
NASDAQ,PETM,2009-10-28,0.1
NASDAQ,PETM,2009-07-29,0.1
NASDAQ,PETM,2009-04-29,0.03
NASDAQ,PETM,2009-01-28,0.03
NASDAQ,PETM,2008-10-29,0.03
NASDAQ,PETM,2008-07-30,0.03
NASDAQ,PETM,2008-04-30,0.03
NASDAQ,PETM,2008-01-30,0.03
NASDAQ,PETM,2007-10-24,0.03
NASDAQ,PETM,2007-07-25,0.03
NASDAQ,PETM,2007-04-25,0.03
NASDAQ,PETM,2007-01-24,0.03
NASDAQ,PETM,2006-10-25,0.03
NASDAQ,PETM,2006-07-26,0.03
NASDAQ,PETM,2006-04-26,0.03
NASDAQ,PETM,2006-01-25,0.03
NASDAQ,PETM,2005-10-27,0.03
NASDAQ,PETM,2005-07-27,0.03
NASDAQ,PETM,2005-04-26,0.03
NASDAQ,PETM,2005-01-26,0.03
NASDAQ,PETM,2004-10-27,0.03
NASDAQ,PETM,2004-07-28,0.03
NASDAQ,PETM,2004-04-28,0.03
NASDAQ,PETM,2004-01-28,0.02
NASDAQ,PETM,2003-10-29,0.02
NASDAQ,PCTI,2008-05-13,0.5
NASDAQ,PNNT,2009-12-22,0.25
NASDAQ,PNNT,2009-09-03,0.24
NASDAQ,PNNT,2009-06-22,0.24
NASDAQ,PNNT,2009-03-20,0.24
NASDAQ,PNNT,2008-12-19,0.24
NASDAQ,PNNT,2008-09-22,0.24
NASDAQ,PNNT,2008-06-19,0.22
NASDAQ,PNNT,2008-03-19,0.22
NASDAQ,PNNT,2007-12-20,0.22
NASDAQ,PNNT,2007-09-21,0.22
NASDAQ,PNNT,2007-06-20,0.14
NASDAQ,PLPC,2009-12-30,0.2
NASDAQ,PLPC,2009-09-29,0.2
NASDAQ,PLPC,2009-06-29,0.2
NASDAQ,PLPC,2009-03-30,0.2
NASDAQ,PLPC,2008-12-30,0.2
NASDAQ,PLPC,2008-09-29,0.2
NASDAQ,PLPC,2008-06-27,0.2
NASDAQ,PLPC,2008-03-28,0.2
NASDAQ,PLPC,2007-12-28,0.2
NASDAQ,PLPC,2007-09-27,0.2
NASDAQ,PLPC,2007-06-28,0.2
NASDAQ,PLPC,2007-03-29,0.2
NASDAQ,PLPC,2006-12-28,0.2
NASDAQ,PLPC,2006-09-28,0.2
NASDAQ,PLPC,2006-06-29,0.2
NASDAQ,PLPC,2006-03-30,0.2
NASDAQ,PLPC,2005-12-29,0.2
NASDAQ,PLPC,2005-09-29,0.2
NASDAQ,PLPC,2005-06-29,0.2
NASDAQ,PLPC,2005-03-30,0.2
NASDAQ,PLPC,2004-12-30,0.2
NASDAQ,PLPC,2004-09-29,0.2
NASDAQ,PLPC,2004-06-29,0.2
NASDAQ,PLPC,2004-03-30,0.2
NASDAQ,PLPC,2003-12-30,0.2
NASDAQ,PLPC,2003-10-01,0.2
NASDAQ,PLPC,2003-06-27,0.2
NASDAQ,PLPC,2003-03-28,0.2
NASDAQ,PLPC,2002-12-30,0.2
NASDAQ,PLPC,2002-09-27,0.2
NASDAQ,PLPC,2002-06-27,0.2
NASDAQ,PLPC,2002-03-27,0.2
NASDAQ,PLPC,2001-12-28,0.2
NASDAQ,PLPC,2001-09-27,0.2
NASDAQ,PLPC,2001-03-29,0.15
NASDAQ,PLPC,2000-12-29,0.15
NASDAQ,PTRP,2009-12-18,0.192
NASDAQ,PTRP,2008-12-19,0.071
NASDAQ,POPE,2009-12-01,0.1
NASDAQ,POPE,2009-09-09,0.2
NASDAQ,POPE,2009-06-02,0.2
NASDAQ,POPE,2009-02-25,0.2
NASDAQ,POPE,2008-11-24,0.4
NASDAQ,POPE,2008-09-10,0.4
NASDAQ,POPE,2008-05-23,0.4
NASDAQ,POPE,2008-02-26,0.4
NASDAQ,POPE,2007-11-26,0.4
NASDAQ,POPE,2007-08-30,0.4
NASDAQ,POPE,2007-05-31,0.28
NASDAQ,POPE,2007-03-07,0.28
NASDAQ,POPE,2006-11-29,0.28
NASDAQ,POPE,2006-09-06,0.28
NASDAQ,POPE,2006-05-30,0.25
NASDAQ,POPE,2006-03-13,0.25
NASDAQ,POPE,2005-11-29,0.25
NASDAQ,POPE,2005-09-07,0.25
NASDAQ,POPE,2005-05-27,0.15
NASDAQ,POPE,2005-03-07,0.15
NASDAQ,POPE,2004-11-29,0.15
NASDAQ,POPE,2004-08-30,0.15
NASDAQ,POPE,2004-05-27,0.07
NASDAQ,POPE,2004-03-01,0.07
NASDAQ,POPE,2003-12-01,0.07
NASDAQ,POPE,2003-08-29,0.07
NASDAQ,POPE,2003-05-29,0.05
NASDAQ,POPE,2003-03-03,0.05
NASDAQ,POPE,2002-11-26,0.05
NASDAQ,POPE,2002-08-29,0.05
NASDAQ,POPE,2000-11-28,0.1
NASDAQ,POPE,2000-08-30,0.1
NASDAQ,POPE,2000-02-24,0.1
NASDAQ,POPE,1999-11-29,0.1
NASDAQ,POPE,1999-08-27,0.1
NASDAQ,POPE,1999-05-28,0.14
NASDAQ,POPE,1999-03-15,0.14
NASDAQ,POPE,1998-11-27,0.14
NASDAQ,POPE,1998-09-09,0.14
NASDAQ,POPE,1998-05-28,0.14
NASDAQ,POPE,1998-03-27,0.14
NASDAQ,POPE,1997-12-26,0.14
NASDAQ,POPE,1997-09-11,0.14
NASDAQ,POPE,1997-05-28,0.14
NASDAQ,POPE,1997-03-26,0.14
NASDAQ,POPE,1996-12-05,0.35
NASDAQ,POPE,1996-07-03,0.235
NASDAQ,POPE,1995-12-06,0.265
NASDAQ,POPE,1994-12-05,0.18
NASDAQ,POPE,1993-12-03,0.0344
NASDAQ,POPE,1992-12-03,0.0344
NASDAQ,POPE,1991-12-03,0.038
NASDAQ,PEGA,2009-12-30,0.03
NASDAQ,PEGA,2009-09-29,0.03
NASDAQ,PEGA,2009-06-29,0.03
NASDAQ,PEGA,2009-03-30,0.03
NASDAQ,PEGA,2008-12-30,0.03
NASDAQ,PEGA,2008-09-29,0.03
NASDAQ,PEGA,2008-06-27,0.03
NASDAQ,PEGA,2008-03-28,0.03
NASDAQ,PEGA,2007-12-28,0.03
NASDAQ,PEGA,2007-09-27,0.03
NASDAQ,PEGA,2007-06-28,0.03
NASDAQ,PEGA,2007-03-29,0.03
NASDAQ,PEGA,2007-01-08,0.03
NASDAQ,PEGA,2006-12-28,0.03
NASDAQ,PEGA,2006-09-28,0.03
NASDAQ,PEGA,2006-06-29,0.03
NASDAQ,PSBH,2009-09-30,0.04
NASDAQ,PSBH,2009-06-30,0.05
NASDAQ,PSBH,2009-03-31,0.05
NASDAQ,PSBH,2008-12-30,0.09
NASDAQ,PSBH,2008-10-01,0.1
NASDAQ,PSBH,2008-07-01,0.09
NASDAQ,PSBH,2008-04-02,0.08
NASDAQ,PSBH,2008-01-02,0.07
NASDAQ,PSBH,2007-10-03,0.07
NASDAQ,PSBH,2007-07-03,0.06
NASDAQ,PSBH,2007-04-03,0.06
NASDAQ,PSBH,2007-01-03,0.06
NASDAQ,PSBH,2006-10-03,0.06
NASDAQ,PSBH,2006-07-11,0.06
NASDAQ,PSBH,2006-04-03,0.06
NASDAQ,PSBH,2005-12-30,0.06
NASDAQ,PSBH,2005-10-03,0.05
NASDAQ,PSBH,2005-07-01,0.05
NASDAQ,PSBH,2005-04-04,0.05
NASDAQ,PSBH,2004-12-30,0.05
NASDAQ,PCBS,2009-04-30,0.03
NASDAQ,PCBS,2009-01-28,0.03
NASDAQ,PCBS,2008-10-28,0.115
NASDAQ,PCBS,2008-07-28,0.115
NASDAQ,PCBS,2008-04-28,0.115
NASDAQ,PCBS,2008-01-28,0.115
NASDAQ,PCBS,2007-10-26,0.115
NASDAQ,PCBS,2007-07-26,0.115
NASDAQ,PCBS,2007-04-26,0.115
NASDAQ,PCBS,2007-01-26,0.11
NASDAQ,PCBS,2006-10-26,0.11
NASDAQ,PCBS,2006-07-26,0.11
NASDAQ,PCBS,2006-04-26,0.11
NASDAQ,PCBS,2006-01-27,0.1
NASDAQ,PCBS,2005-10-27,0.1
NASDAQ,PCBS,2005-07-27,0.1
NASDAQ,PCBS,2005-04-27,0.1
NASDAQ,PCBS,2005-01-26,0.1
NASDAQ,PCBS,2004-10-27,0.1
NASDAQ,PCBS,2004-07-28,0.1
NASDAQ,PCBS,2004-04-28,0.1
NASDAQ,PCBS,2004-01-28,0.1
NASDAQ,PCBS,2003-10-28,0.1
NASDAQ,PCBS,2003-07-25,0.1
NASDAQ,PCBS,2003-04-25,0.1
NASDAQ,PCBS,2003-01-27,0.1
NASDAQ,PCBS,2002-10-24,0.1
NASDAQ,PCBS,2002-07-17,0.1
NASDAQ,PCBS,2002-04-25,0.1
NASDAQ,PCBS,2002-01-28,0.1
NASDAQ,PCBS,2001-10-25,0.1
NASDAQ,PCBS,2001-08-03,0.1
NASDAQ,PCBS,2001-04-26,0.1
NASDAQ,PCBS,2001-01-25,0.1
NASDAQ,PCBS,2000-10-26,0.1
NASDAQ,PCBS,2000-08-02,0.1
NASDAQ,PCBS,2000-04-26,0.1
NASDAQ,PCBS,2000-01-27,0.1
NASDAQ,PCBS,1999-10-27,0.093
NASDAQ,PCBS,1999-07-28,0.093
NASDAQ,PCBS,1999-04-28,0.092
NASDAQ,PCBS,1999-01-27,0.085
NASDAQ,PCAR,2009-11-17,0.09
NASDAQ,PCAR,2009-08-14,0.09
NASDAQ,PCAR,2009-05-15,0.18
NASDAQ,PCAR,2009-02-17,0.18
NASDAQ,PCAR,2008-12-17,0.1
NASDAQ,PCAR,2008-11-14,0.18
NASDAQ,PCAR,2008-08-14,0.18
NASDAQ,PCAR,2008-05-15,0.18
NASDAQ,PCAR,2008-02-14,0.18
NASDAQ,PCAR,2007-12-14,1.0
NASDAQ,PCAR,2007-11-15,0.18
NASDAQ,PCAR,2007-08-15,0.16667
NASDAQ,PCAR,2007-05-16,0.16667
NASDAQ,PCAR,2007-02-14,0.13333
NASDAQ,PCAR,2006-12-14,1.33333
NASDAQ,PCAR,2006-11-15,0.13333
NASDAQ,PCAR,2006-08-16,0.13333
NASDAQ,PCAR,2006-05-16,0.13333
NASDAQ,PCAR,2006-02-15,0.11111
NASDAQ,PCAR,2005-12-15,0.88889
NASDAQ,PCAR,2005-11-15,0.11111
NASDAQ,PCAR,2005-08-16,0.09333
NASDAQ,PCAR,2005-05-17,0.09333
NASDAQ,PCAR,2005-02-16,0.08889
NASDAQ,PCAR,2004-12-16,0.88889
NASDAQ,PCAR,2004-11-16,0.08889
NASDAQ,PCAR,2004-08-16,0.08889
NASDAQ,PCAR,2004-05-17,0.08889
NASDAQ,PCAR,2004-02-13,0.06667
NASDAQ,PCAR,2003-12-17,0.35555
NASDAQ,PCAR,2003-11-14,0.06519
NASDAQ,PCAR,2003-08-14,0.06519
NASDAQ,PCAR,2003-05-15,0.06519
NASDAQ,PCAR,2003-02-13,0.05926
NASDAQ,PCAR,2002-12-16,0.20741
NASDAQ,PCAR,2002-11-18,0.05926
NASDAQ,PCAR,2002-08-19,0.05926
NASDAQ,PCAR,2002-05-30,0.05926
NASDAQ,PCAR,2002-02-14,0.05926
NASDAQ,PCAR,2001-12-17,0.04938
NASDAQ,PCAR,2001-11-16,0.05926
NASDAQ,PCAR,2001-08-17,0.05926
NASDAQ,PCAR,2001-05-17,0.05926
NASDAQ,PCAR,2001-02-14,0.05926
NASDAQ,PCAR,2000-12-19,0.19753
NASDAQ,PCAR,2000-11-16,0.05926
NASDAQ,PCAR,2000-08-16,0.05926
NASDAQ,PCAR,2000-05-16,0.05926
NASDAQ,PCAR,2000-02-16,0.05926
NASDAQ,PCAR,1999-12-17,0.31605
NASDAQ,PCAR,1999-11-16,0.03951
NASDAQ,PCAR,1999-08-18,0.03951
NASDAQ,PCAR,1999-05-18,0.03951
NASDAQ,PCAR,1999-02-17,0.03951
NASDAQ,PCAR,1998-12-17,0.31605
NASDAQ,PCAR,1998-11-17,0.02963
NASDAQ,PCAR,1998-08-19,0.02963
NASDAQ,PCAR,1998-05-19,0.02963
NASDAQ,PCAR,1998-02-17,0.02963
NASDAQ,PCAR,1997-11-18,0.02963
NASDAQ,PCAR,1997-08-19,0.02963
NASDAQ,PCAR,1997-05-23,0.02963
NASDAQ,PCAR,1997-02-18,0.02469
NASDAQ,PCAR,1996-12-18,0.14815
NASDAQ,PCAR,1996-11-15,0.02469
NASDAQ,PCAR,1996-08-16,0.02469
NASDAQ,PCAR,1996-05-16,0.02469
NASDAQ,PCAR,1996-02-15,0.02469
NASDAQ,PCAR,1995-11-16,0.02469
NASDAQ,PCAR,1995-08-17,0.02469
NASDAQ,PCAR,1995-05-12,0.02469
NASDAQ,PCAR,1995-02-13,0.02469
NASDAQ,PCAR,1994-12-19,0.02469
NASDAQ,PCAR,1994-11-14,0.02469
NASDAQ,PCAR,1994-08-17,0.02469
NASDAQ,PCAR,1994-05-13,0.04622
NASDAQ,PCAR,1994-02-16,0.04613
NASDAQ,PCAR,1994-01-04,0.04613
NASDAQ,PCAR,1993-12-20,0.05303
NASDAQ,PCAR,1993-11-15,0.02469
NASDAQ,PCAR,1993-08-13,0.02469
NASDAQ,PCAR,1993-05-14,0.02469
NASDAQ,PCAR,1992-12-17,0.02469
NASDAQ,PCAR,1992-11-13,0.02469
NASDAQ,PCAR,1992-08-14,0.02469
NASDAQ,PCAR,1992-05-15,0.02469
NASDAQ,PCAR,1992-02-12,0.02469
NASDAQ,PCAR,1991-11-13,0.02469
NASDAQ,PCAR,1991-08-15,0.02469
NASDAQ,PCAR,1991-05-15,0.02469
NASDAQ,PCAR,1990-11-13,0.06173
NASDAQ,PCAR,1990-08-15,0.06173
NASDAQ,PCAR,1990-05-15,0.06173
NASDAQ,PCAR,1989-12-22,0.06173
NASDAQ,PCAR,1989-11-13,0.06173
NASDAQ,PCAR,1989-08-15,0.06173
NASDAQ,PCAR,1989-05-16,0.06173
NASDAQ,PCAR,1988-12-16,0.06173
NASDAQ,PCAR,1988-11-10,0.04316
NASDAQ,PCAR,1988-05-16,0.04321
NASDAQ,PCAR,1988-02-11,0.01975
NASDAQ,PCAR,1987-11-12,0.01975
