exchange,stock_symbol,date,dividends
NASDAQ,GAIN,2010-01-19,0.04
NASDAQ,GAIN,2009-12-18,0.04
NASDAQ,GAIN,2009-11-17,0.04
NASDAQ,GAIN,2009-10-20,0.04
NASDAQ,GAIN,2009-09-18,0.04
NASDAQ,GAIN,2009-08-19,0.04
NASDAQ,GAIN,2009-07-21,0.04
NASDAQ,GAIN,2009-06-18,0.04
NASDAQ,GAIN,2009-05-18,0.04
NASDAQ,GAIN,2009-04-23,0.04
NASDAQ,GAIN,2009-03-19,0.08
NASDAQ,GAIN,2009-02-17,0.08
NASDAQ,GAIN,2009-01-20,0.08
NASDAQ,GAIN,2008-12-18,0.08
NASDAQ,GAIN,2008-11-17,0.08
NASDAQ,GAIN,2008-10-21,0.08
NASDAQ,GAIN,2008-09-18,0.08
NASDAQ,GAIN,2008-08-19,0.08
NASDAQ,GAIN,2008-07-21,0.08
NASDAQ,GAIN,2008-06-18,0.08
NASDAQ,GAIN,2008-05-19,0.08
NASDAQ,GAIN,2008-04-18,0.08
NASDAQ,GAIN,2008-03-27,0.005
NASDAQ,GAIN,2008-03-18,0.08
NASDAQ,GAIN,2008-02-19,0.08
NASDAQ,GAIN,2008-01-18,0.08
NASDAQ,GAIN,2007-12-18,0.08
NASDAQ,GAIN,2007-11-19,0.08
NASDAQ,GAIN,2007-10-19,0.08
NASDAQ,GAIN,2007-09-18,0.075
NASDAQ,GAIN,2007-08-21,0.075
NASDAQ,GAIN,2007-07-19,0.075
NASDAQ,GAIN,2007-06-19,0.075
NASDAQ,GAIN,2007-05-18,0.075
NASDAQ,GAIN,2007-04-18,0.075
NASDAQ,GAIN,2007-03-20,0.075
NASDAQ,GAIN,2007-02-15,0.075
NASDAQ,GAIN,2007-01-19,0.075
NASDAQ,GAIN,2006-12-18,0.07
NASDAQ,GAIN,2006-11-17,0.07
NASDAQ,GAIN,2006-10-19,0.07
NASDAQ,GAIN,2006-09-19,0.07
NASDAQ,GAIN,2006-08-21,0.07
NASDAQ,GAIN,2006-07-19,0.07
NASDAQ,GAIN,2006-06-20,0.07
NASDAQ,GAIN,2006-05-18,0.07
NASDAQ,GAIN,2006-04-18,0.07
NASDAQ,GAIN,2006-03-21,0.07
NASDAQ,GAIN,2006-02-15,0.07
NASDAQ,GAIN,2006-01-17,0.07
NASDAQ,GAIN,2005-12-19,0.04
NASDAQ,GAIN,2005-11-17,0.04
NASDAQ,GAIN,2005-10-19,0.04
NASDAQ,GAIN,2005-09-20,0.02
NASDAQ,GAIN,2005-08-19,0.02
NASDAQ,GAIN,2005-07-19,0.02
NASDAQ,GRMN,2009-11-27,0.75
NASDAQ,GRMN,2008-11-26,0.75
NASDAQ,GRMN,2007-08-13,0.75
NASDAQ,GRMN,2006-11-29,0.5
NASDAQ,GRMN,2005-11-29,0.25
NASDAQ,GRMN,2004-11-29,0.25
NASDAQ,GRMN,2003-11-26,0.25
NASDAQ,GPIC,2006-11-22,0.125
NASDAQ,GPIC,2005-11-17,0.1
NASDAQ,GLDC,2010-01-13,0.031
NASDAQ,GLDC,2009-10-01,0.031
NASDAQ,GLDC,2009-07-30,0.031
NASDAQ,GLDC,2009-04-16,0.031
NASDAQ,GLDC,2009-01-14,0.031
NASDAQ,GLDC,2008-10-02,0.031
NASDAQ,GLDC,2008-07-17,0.031
NASDAQ,GLDC,2008-04-10,0.031
NASDAQ,GLDC,2008-01-16,0.031
NASDAQ,GLDC,2007-10-03,0.031
NASDAQ,GLDC,2007-07-19,0.031
NASDAQ,GLDC,2007-04-12,0.031
NASDAQ,GLDC,2007-01-18,0.031
NASDAQ,GLDC,2006-10-04,0.031
NASDAQ,GLDC,2006-07-19,0.031
NASDAQ,GLDC,2006-04-12,0.031
NASDAQ,GLDC,2006-01-11,0.031
NASDAQ,GLDC,2005-10-05,0.031
NASDAQ,GLDC,2005-07-20,0.031
NASDAQ,GLDC,2005-04-14,0.031
NASDAQ,GLDC,2005-01-12,0.031
NASDAQ,GLDC,2004-10-06,0.031
NASDAQ,GLDC,2004-07-21,0.031
NASDAQ,GLDC,2004-04-15,0.031
NASDAQ,GLDC,2004-01-14,0.031
NASDAQ,GLDC,2003-10-08,0.031
NASDAQ,GLDC,2003-07-16,0.03
NASDAQ,GLDC,2003-04-16,0.031
NASDAQ,GLDC,2003-01-15,0.031
NASDAQ,GLDC,2002-10-16,0.063
NASDAQ,GLDC,2002-07-17,0.063
NASDAQ,GLDC,2002-04-17,0.063
NASDAQ,GLDC,2002-01-11,0.063
NASDAQ,GLDC,2001-10-03,0.063
NASDAQ,GLDC,2001-07-18,0.063
NASDAQ,GLDC,2001-04-12,0.063
NASDAQ,GLDC,2001-01-11,0.063
NASDAQ,GLDC,2000-10-04,0.063
NASDAQ,GLDC,2000-07-13,0.06
NASDAQ,GLDC,2000-04-13,0.06
NASDAQ,GLDC,2000-01-12,0.06
NASDAQ,GLDC,1999-10-06,0.06
NASDAQ,GLDC,1999-07-15,0.06
NASDAQ,GLDC,1999-04-15,0.06
NASDAQ,GLDC,1999-01-13,0.12
NASDAQ,GLDC,1998-10-07,0.12
NASDAQ,GLDC,1998-07-16,0.12
NASDAQ,GLDC,1998-04-15,0.12
NASDAQ,GLDC,1998-01-14,0.12
NASDAQ,GLDC,1997-10-08,0.12
NASDAQ,GLDC,1997-07-17,0.12
NASDAQ,GLDC,1997-04-16,0.12
NASDAQ,GLDC,1997-01-15,0.12
NASDAQ,GLDC,1996-10-03,0.12
NASDAQ,GLDC,1996-07-18,0.118
NASDAQ,GLDC,1996-04-11,0.118
NASDAQ,GLDC,1996-01-10,0.118
NASDAQ,GLDC,1995-10-04,0.118
NASDAQ,GLDC,1995-07-19,0.115
NASDAQ,GLDC,1995-04-10,0.115
NASDAQ,GLDC,1995-01-09,0.115
NASDAQ,GLDC,1994-10-03,0.115
NASDAQ,GLDC,1994-07-18,0.112
NASDAQ,GLDC,1994-04-05,0.112
NASDAQ,GLDC,1994-01-10,0.112
NASDAQ,GLDC,1993-07-13,0.11
NASDAQ,GLDC,1993-04-13,0.11
NASDAQ,GLDC,1993-01-11,0.11
NASDAQ,GLDC,1992-10-05,0.11
NASDAQ,GLDC,1992-07-14,0.105
NASDAQ,GLDC,1992-04-10,0.105
NASDAQ,GLDC,1992-01-13,0.105
NASDAQ,GLDC,1991-09-30,0.105
NASDAQ,GLDC,1991-07-15,0.1
NASDAQ,GLDC,1991-04-03,0.1
NASDAQ,GLDC,1991-01-09,0.1
NASDAQ,GLDC,1990-10-01,0.1
NASDAQ,GLDC,1990-07-17,0.09
NASDAQ,GLDC,1990-04-04,0.09
NASDAQ,GFIG,2009-11-10,0.05
NASDAQ,GFIG,2009-08-12,0.05
NASDAQ,GFIG,2009-05-13,0.05
NASDAQ,GFIG,2009-03-13,0.05
NASDAQ,GFIG,2008-11-12,0.05
NASDAQ,GFIG,2008-08-13,0.05
NASDAQ,GFIG,2008-04-30,0.03
NASDAQ,GFIG,2008-04-29,0.03
NASDAQ,GFIG,2008-03-12,0.03125
NASDAQ,GIVN,2009-02-20,0.54
NASDAQ,GABC,2010-02-08,0.14
NASDAQ,GABC,2009-11-06,0.14
NASDAQ,GABC,2009-08-06,0.14
NASDAQ,GABC,2009-05-06,0.14
NASDAQ,GABC,2009-02-06,0.14
NASDAQ,GABC,2008-11-06,0.14
NASDAQ,GABC,2008-08-06,0.14
NASDAQ,GABC,2008-05-07,0.14
NASDAQ,GABC,2008-02-06,0.14
NASDAQ,GABC,2007-11-07,0.14
NASDAQ,GABC,2007-08-08,0.14
NASDAQ,GABC,2007-05-08,0.14
NASDAQ,GABC,2007-02-07,0.14
NASDAQ,GABC,2006-11-08,0.14
NASDAQ,GABC,2006-08-08,0.14
NASDAQ,GABC,2006-05-08,0.14
NASDAQ,GABC,2006-02-08,0.14
NASDAQ,GABC,2005-11-08,0.14
NASDAQ,GABC,2005-08-08,0.14
NASDAQ,GABC,2005-05-06,0.14
NASDAQ,GABC,2005-02-08,0.14
NASDAQ,GABC,2004-11-08,0.14
NASDAQ,GABC,2004-08-06,0.14
NASDAQ,GABC,2004-05-06,0.14
NASDAQ,GABC,2004-02-06,0.14
NASDAQ,GABC,2003-11-26,0.133
NASDAQ,GABC,2003-11-06,0.13333
NASDAQ,GABC,2003-08-06,0.13333
NASDAQ,GABC,2003-05-07,0.13333
NASDAQ,GABC,2003-02-06,0.13333
NASDAQ,GABC,2002-11-06,0.12698
NASDAQ,GABC,2002-08-07,0.12698
NASDAQ,GABC,2002-05-08,0.12698
NASDAQ,GABC,2002-02-06,0.12698
NASDAQ,GABC,2001-11-07,0.12093
NASDAQ,GABC,2001-08-08,0.12093
NASDAQ,GABC,2001-06-13,0.09502
NASDAQ,GABC,2001-05-08,0.12093
NASDAQ,GABC,2001-02-07,0.12093
NASDAQ,GABC,2000-11-08,0.11517
NASDAQ,GABC,2000-08-08,0.11517
NASDAQ,GABC,2000-05-08,0.11517
NASDAQ,GABC,2000-02-08,0.10695
NASDAQ,GABC,1999-11-26,0.10119
NASDAQ,GABC,1999-11-08,0.10186
NASDAQ,GABC,1999-08-06,0.10186
NASDAQ,GABC,1999-05-06,0.10186
NASDAQ,GABC,1999-02-08,0.09403
NASDAQ,GABC,1998-11-25,0.08775
NASDAQ,GABC,1998-11-06,0.08955
NASDAQ,GABC,1998-08-06,0.08955
NASDAQ,GABC,1998-05-06,0.08955
NASDAQ,GABC,1998-02-06,0.08209
NASDAQ,GABC,1997-12-11,0.07835
NASDAQ,GABC,1997-11-06,0.07818
NASDAQ,GABC,1997-08-06,0.07818
NASDAQ,GABC,1997-04-17,0.07818
NASDAQ,GABC,1997-01-22,0.07462
NASDAQ,GABC,1996-10-16,0.07462
NASDAQ,GABC,1996-07-17,0.07462
NASDAQ,GABC,1996-04-17,0.07462
NASDAQ,GABC,1996-01-17,0.07107
NASDAQ,GABC,1995-11-21,0.06752
NASDAQ,GABC,1995-10-18,0.07107
NASDAQ,GABC,1995-07-19,0.07107
NASDAQ,GABC,1995-01-18,0.06395
NASDAQ,GABC,1994-10-19,0.06395
NASDAQ,GABC,1994-07-22,0.06395
NASDAQ,GABC,1994-04-20,0.06395
NASDAQ,GABC,1994-01-18,0.06395
NASDAQ,GABC,1993-10-20,0.05933
NASDAQ,GLDD,2009-12-09,0.017
NASDAQ,GLDD,2009-09-09,0.017
NASDAQ,GLDD,2009-06-09,0.017
NASDAQ,GLDD,2009-03-20,0.017
NASDAQ,GLDD,2008-12-08,0.017
NASDAQ,GLDD,2008-09-04,0.017
NASDAQ,GLDD,2008-06-12,0.017
NASDAQ,GLDD,2008-02-14,0.017
NASDAQ,GLDD,2007-11-15,0.017
NASDAQ,GIGM,2002-04-01,2.0
NASDAQ,GSLA,2010-01-28,0.1
NASDAQ,GSLA,2009-10-29,0.1
NASDAQ,GSLA,2009-07-29,0.1
NASDAQ,GSLA,2009-05-01,0.1
NASDAQ,GSLA,2009-01-28,0.1
NASDAQ,GSLA,2008-10-31,0.1
NASDAQ,GSLA,2008-07-25,0.1
NASDAQ,GSLA,2008-05-02,0.1
NASDAQ,GSLA,2008-01-23,0.1
NASDAQ,GSLA,2007-10-25,0.1
NASDAQ,GSLA,2007-07-27,0.1
NASDAQ,GSLA,2007-05-04,0.1
NASDAQ,GSLA,2007-01-26,0.1
NASDAQ,GSLA,2006-10-26,0.1
NASDAQ,GSLA,2006-07-27,0.1
NASDAQ,GSLA,2006-05-05,0.1
NASDAQ,GSLA,2006-01-27,0.1
NASDAQ,GSLA,2005-10-27,0.1
NASDAQ,GSLA,2005-07-27,0.1
NASDAQ,GSLA,2005-05-06,0.1
NASDAQ,GSLA,2005-01-27,0.1
NASDAQ,GSLA,2004-10-27,0.1
NASDAQ,GSLA,2004-07-28,0.1
NASDAQ,GSLA,2004-05-06,0.1
NASDAQ,GSLA,2004-01-28,0.1
NASDAQ,GSLA,2003-10-20,0.1
NASDAQ,GSLA,2003-07-21,0.1
NASDAQ,GSLA,2003-05-05,0.1
NASDAQ,GSLA,2003-01-17,0.1
NASDAQ,GSLA,2002-10-21,0.09
NASDAQ,GSLA,2002-07-22,0.09
NASDAQ,GSLA,2002-05-03,0.09
NASDAQ,GSLA,2002-01-17,0.09
NASDAQ,GSLA,2001-10-19,0.09
NASDAQ,GSLA,2001-07-20,0.09
NASDAQ,GSLA,2001-05-04,0.09
NASDAQ,GSLA,2001-01-24,0.09
NASDAQ,GSLA,2000-10-30,0.09
NASDAQ,GSLA,2000-07-20,0.09
NASDAQ,GSLA,2000-05-04,0.09
NASDAQ,GSLA,2000-01-20,0.09
NASDAQ,GSLA,1999-10-21,0.09
NASDAQ,GSLA,1999-07-16,0.09
NASDAQ,GSLA,1999-05-06,0.09
NASDAQ,GSLA,1999-01-21,0.07
NASDAQ,GSLA,1998-10-21,0.07
NASDAQ,GSLA,1998-07-20,0.07
NASDAQ,GSLA,1998-05-07,0.07
NASDAQ,GSLA,1998-01-21,0.07
NASDAQ,GOLD,2009-02-25,0.13
NASDAQ,GOLD,2008-02-13,0.12
NASDAQ,GOLD,2007-02-14,0.1
NASDAQ,GRAN,2008-07-15,0.13
NASDAQ,GRAN,2008-04-14,0.13
NASDAQ,GRAN,2008-01-15,0.13
NASDAQ,GRAN,2007-10-15,0.13
NASDAQ,GRAN,2007-07-13,0.13
NASDAQ,GRAN,2007-04-12,0.13
NASDAQ,GRAN,2007-01-12,0.13
NASDAQ,GRAN,2006-10-13,0.13
NASDAQ,GRAN,2006-07-13,0.112
NASDAQ,GRAN,2006-04-11,0.112
NASDAQ,GRAN,2006-01-12,0.112
NASDAQ,GRAN,2005-10-13,0.112
NASDAQ,GRAN,2005-07-13,0.104
NASDAQ,GRAN,2005-04-13,0.104
NASDAQ,GRAN,2005-01-12,0.104
NASDAQ,GRAN,2004-10-13,0.104
NASDAQ,GRAN,2004-07-14,0.096
NASDAQ,GRAN,2004-04-14,0.096
NASDAQ,GRAN,2004-01-14,0.096
NASDAQ,GRAN,2003-10-15,0.096
NASDAQ,GRAN,2003-07-15,0.096
NASDAQ,GRAN,2003-04-14,0.088
NASDAQ,GRAN,2003-01-15,0.088
NASDAQ,GRAN,2002-10-15,0.088
NASDAQ,GRAN,2002-07-15,0.088
NASDAQ,GRAN,2002-04-12,0.0768
NASDAQ,GRAN,2002-01-15,0.0768
NASDAQ,GRAN,2001-10-15,0.0768
NASDAQ,GRAN,2001-07-13,0.0768
NASDAQ,GRAN,2001-04-11,0.0704
NASDAQ,GRAN,2001-01-12,0.0704
NASDAQ,GRAN,2000-10-13,0.0704
NASDAQ,GRAN,2000-07-13,0.0704
NASDAQ,GRAN,2000-04-12,0.064
NASDAQ,GRAN,2000-01-06,0.064
NASDAQ,GRAN,1999-10-06,0.064
NASDAQ,GRAN,1999-07-07,0.064
NASDAQ,GRAN,1999-04-07,0.0576
NASDAQ,GRAN,1999-01-06,0.0576
NASDAQ,GRAN,1998-10-07,0.0576
NASDAQ,GRAN,1998-07-08,0.0576
NASDAQ,GRAN,1998-04-07,0.0512
NASDAQ,GRAN,1998-01-07,0.0512
NASDAQ,GRAN,1997-10-08,0.0512
NASDAQ,GRAN,1997-07-09,0.04608
NASDAQ,GRAN,1997-04-09,0.04608
NASDAQ,GRAN,1997-01-09,0.04608
NASDAQ,GRAN,1996-10-09,0.04608
NASDAQ,GRAN,1996-07-10,0.04608
NASDAQ,GRAN,1996-04-10,0.04096
NASDAQ,GRAN,1996-01-10,0.04096
NASDAQ,GRAN,1995-10-11,0.04096
NASDAQ,GRAN,1995-07-05,0.04096
NASDAQ,GRAN,1995-04-07,0.03004
NASDAQ,GRAN,1995-01-09,0.03004
NASDAQ,GRAN,1994-10-07,0.03004
NASDAQ,GRAN,1994-07-01,0.03004
NASDAQ,GRAN,1994-04-11,0.03754
NASDAQ,GRAN,1994-01-10,0.03754
NASDAQ,GRAN,1993-10-08,0.03754
NASDAQ,GRAN,1993-07-02,0.03754
NASDAQ,GRAN,1993-04-12,0.03414
NASDAQ,GRAN,1993-01-11,0.03414
NASDAQ,GRAN,1992-10-09,0.0273
NASDAQ,GRAN,1992-07-06,0.0273
NASDAQ,GRAN,1992-04-06,0.03004
NASDAQ,GRNB,2009-02-26,0.13
NASDAQ,GRNB,2008-12-10,0.129
NASDAQ,GRNB,2008-09-05,0.1288
NASDAQ,GRNB,2008-06-12,0.1288
NASDAQ,GRNB,2008-03-13,0.1288
NASDAQ,GRNB,2007-12-07,0.28733
NASDAQ,GRNB,2007-09-06,0.1288
NASDAQ,GRNB,2007-06-04,0.1288
NASDAQ,GRNB,2007-03-07,0.1288
NASDAQ,GRNB,2006-11-29,0.27742
NASDAQ,GRNB,2006-09-11,0.11889
NASDAQ,GRNB,2006-06-09,0.11889
NASDAQ,GRNB,2006-03-08,0.11889
NASDAQ,GRNB,2005-11-30,0.2576
NASDAQ,GRNB,2005-08-31,0.11889
NASDAQ,GRNB,2005-06-01,0.11889
NASDAQ,GRNB,2005-03-09,0.11889
NASDAQ,GRNB,2004-12-01,0.2477
NASDAQ,GRNB,2004-09-02,0.11889
NASDAQ,GRNB,2004-06-02,0.11889
NASDAQ,GRNB,2004-03-03,0.11889
NASDAQ,GRNB,2003-12-03,0.22788
NASDAQ,GRNB,2003-09-03,0.11889
NASDAQ,GRNB,2003-06-04,0.11889
NASDAQ,GRNB,2003-03-05,0.11889
NASDAQ,GCBC,2009-11-10,0.17
NASDAQ,GCBC,2009-08-12,0.17
NASDAQ,GCBC,2009-05-13,0.17
NASDAQ,GCBC,2009-02-11,0.17
NASDAQ,GCBC,2008-11-12,0.17
NASDAQ,GCBC,2008-08-13,0.17
NASDAQ,GCBC,2008-05-13,0.16
NASDAQ,GCBC,2008-02-13,0.15
NASDAQ,GCBC,2007-11-13,0.14
NASDAQ,GCBC,2007-08-13,0.25
NASDAQ,GCBC,2007-02-13,0.25
NASDAQ,GCBC,2006-08-11,0.23
NASDAQ,GCBC,2006-02-13,0.23
NASDAQ,GCBC,2005-08-11,0.22
NASDAQ,GCBC,2005-02-11,0.22
NASDAQ,GCBC,2004-08-12,0.21
NASDAQ,GCBC,2004-02-11,0.2
NASDAQ,GCBC,2003-08-13,0.18
NASDAQ,GCBC,2003-02-12,0.17
NASDAQ,GCBC,2002-08-13,0.16
NASDAQ,GCBC,2002-02-13,0.14
NASDAQ,GCBC,2001-08-13,0.125
NASDAQ,GCBC,2001-02-13,0.06
NASDAQ,GCBC,2000-07-28,0.06
NASDAQ,GULF,2009-12-21,0.04
NASDAQ,GULF,2009-06-22,0.618
NASDAQ,GRID,2009-12-22,0.012
NASDAQ,GENZ,1999-06-29,0.4195
NASDAQ,GOOD,2010-01-19,0.125
NASDAQ,GOOD,2009-12-18,0.125
NASDAQ,GOOD,2009-11-17,0.125
NASDAQ,GOOD,2009-10-20,0.125
NASDAQ,GOOD,2009-09-18,0.125
NASDAQ,GOOD,2009-08-19,0.125
NASDAQ,GOOD,2009-07-21,0.125
NASDAQ,GOOD,2009-06-18,0.125
NASDAQ,GOOD,2009-05-18,0.125
NASDAQ,GOOD,2009-04-20,0.125
NASDAQ,GOOD,2009-03-19,0.125
NASDAQ,GOOD,2009-02-17,0.125
NASDAQ,GOOD,2009-01-20,0.125
NASDAQ,GOOD,2008-12-18,0.125
NASDAQ,GOOD,2008-11-17,0.125
NASDAQ,GOOD,2008-10-21,0.125
NASDAQ,GOOD,2008-09-18,0.125
NASDAQ,GOOD,2008-08-19,0.125
NASDAQ,GOOD,2008-07-21,0.125
NASDAQ,GOOD,2008-06-18,0.125
NASDAQ,GOOD,2008-05-19,0.125
NASDAQ,GOOD,2008-04-18,0.125
NASDAQ,GOOD,2008-03-18,0.125
NASDAQ,GOOD,2008-02-19,0.125
NASDAQ,GOOD,2008-01-18,0.125
NASDAQ,GOOD,2007-12-18,0.12
NASDAQ,GOOD,2007-11-19,0.12
NASDAQ,GOOD,2007-10-19,0.12
NASDAQ,GOOD,2007-09-18,0.12
NASDAQ,GOOD,2007-08-21,0.12
NASDAQ,GOOD,2007-07-19,0.12
NASDAQ,GOOD,2007-06-19,0.12
NASDAQ,GOOD,2007-05-18,0.12
NASDAQ,GOOD,2007-04-18,0.12
NASDAQ,GOOD,2007-03-20,0.12
NASDAQ,GOOD,2007-02-15,0.12
NASDAQ,GOOD,2007-01-19,0.12
NASDAQ,GOOD,2006-12-18,0.12
NASDAQ,GOOD,2006-11-17,0.12
NASDAQ,GOOD,2006-10-19,0.12
NASDAQ,GOOD,2006-09-19,0.12
NASDAQ,GOOD,2006-08-21,0.12
NASDAQ,GOOD,2006-07-19,0.12
NASDAQ,GOOD,2006-06-20,0.12
NASDAQ,GOOD,2006-05-18,0.12
NASDAQ,GOOD,2006-04-18,0.12
NASDAQ,GOOD,2006-03-21,0.12
NASDAQ,GOOD,2006-02-15,0.12
NASDAQ,GOOD,2006-01-17,0.12
NASDAQ,GOOD,2005-12-19,0.1
NASDAQ,GOOD,2005-11-17,0.1
NASDAQ,GOOD,2005-10-19,0.1
NASDAQ,GOOD,2005-09-20,0.08
NASDAQ,GOOD,2005-08-19,0.08
NASDAQ,GOOD,2005-07-19,0.08
NASDAQ,GOOD,2005-06-14,0.08
NASDAQ,GOOD,2005-05-11,0.08
NASDAQ,GOOD,2005-04-13,0.08
NASDAQ,GOOD,2005-03-14,0.06
NASDAQ,GOOD,2005-02-10,0.06
NASDAQ,GOOD,2005-01-12,0.06
NASDAQ,GOOD,2004-12-21,0.12
NASDAQ,GOOD,2004-09-22,0.12
NASDAQ,GOOD,2004-06-23,0.12
NASDAQ,GOOD,2004-03-29,0.12
NASDAQ,GOOD,2003-12-29,0.01
NASDAQ,GLNG,2008-12-04,0.25
NASDAQ,GLNG,2008-08-22,0.25
NASDAQ,GLNG,2008-06-06,0.25
NASDAQ,GLNG,2008-03-04,0.25
NASDAQ,GLNG,2007-08-30,0.5
NASDAQ,GLNG,2007-06-14,0.75
NASDAQ,GLNG,2007-06-07,0.5
NASDAQ,GLNG,2007-03-08,0.5
NASDAQ,GMXRP,2009-12-17,0.578
NASDAQ,GMXRP,2009-09-17,0.578
NASDAQ,GMXRP,2009-06-17,0.578
NASDAQ,GMXRP,2009-03-18,0.578
NASDAQ,GMXRP,2008-12-18,0.578
NASDAQ,GMXRP,2008-09-17,0.578
NASDAQ,GMXRP,2008-06-18,0.578
NASDAQ,GMXRP,2008-03-18,0.578
NASDAQ,GMXRP,2007-12-19,0.578
NASDAQ,GMXRP,2007-09-19,0.578
NASDAQ,GMXRP,2007-06-20,0.578
NASDAQ,GMXRP,2007-03-21,0.578
NASDAQ,GMXRP,2006-12-18,0.578
NASDAQ,GMXRP,2006-09-20,0.321
NASDAQ,GSBC,2009-12-29,0.18
NASDAQ,GSBC,2009-09-28,0.18
NASDAQ,GSBC,2009-06-26,0.18
NASDAQ,GSBC,2009-03-27,0.18
NASDAQ,GSBC,2008-12-26,0.18
NASDAQ,GSBC,2008-09-26,0.18
NASDAQ,GSBC,2008-06-26,0.18
NASDAQ,GSBC,2008-03-27,0.18
NASDAQ,GSBC,2007-12-26,0.18
NASDAQ,GSBC,2007-09-26,0.17
NASDAQ,GSBC,2007-06-27,0.17
NASDAQ,GSBC,2007-03-28,0.16
NASDAQ,GSBC,2006-12-27,0.16
NASDAQ,GSBC,2006-09-28,0.15
NASDAQ,GSBC,2006-06-28,0.15
NASDAQ,GSBC,2006-03-29,0.14
NASDAQ,GSBC,2005-12-28,0.14
NASDAQ,GSBC,2005-09-28,0.13
NASDAQ,GSBC,2005-06-28,0.13
NASDAQ,GSBC,2005-03-30,0.12
NASDAQ,GSBC,2004-12-30,0.12
NASDAQ,GSBC,2004-09-29,0.11
NASDAQ,GSBC,2004-06-29,0.11
NASDAQ,GSBC,2004-03-30,0.1
NASDAQ,GSBC,2003-12-30,0.1
NASDAQ,GSBC,2003-09-29,0.09
NASDAQ,GSBC,2003-06-27,0.09
NASDAQ,GSBC,2003-03-28,0.075
NASDAQ,GSBC,2002-12-31,0.075
NASDAQ,GSBC,2002-09-27,0.07
NASDAQ,GSBC,2002-07-03,0.07
NASDAQ,GSBC,2002-03-27,0.07
NASDAQ,GSBC,2002-01-10,0.0625
NASDAQ,GSBC,2001-10-05,0.0625
NASDAQ,GSBC,2001-07-11,0.0625
NASDAQ,GSBC,2001-04-10,0.0625
NASDAQ,GSBC,2001-01-10,0.0625
NASDAQ,GSBC,2000-10-06,0.0625
NASDAQ,GSBC,2000-07-10,0.0625
NASDAQ,GSBC,2000-04-10,0.0625
NASDAQ,GSBC,2000-01-10,0.0625
NASDAQ,GSBC,1999-10-06,0.0625
NASDAQ,GSBC,1999-07-07,0.063
NASDAQ,GSBC,1999-04-07,0.0625
NASDAQ,GSBC,1999-01-11,0.0625
NASDAQ,GSBC,1998-10-07,0.0625
NASDAQ,GSBC,1998-07-08,0.055
NASDAQ,GSBC,1998-04-07,0.055
NASDAQ,GSBC,1998-01-07,0.055
NASDAQ,GSBC,1997-10-08,0.055
NASDAQ,GSBC,1997-07-09,0.05
NASDAQ,GSBC,1997-04-09,0.05
NASDAQ,GSBC,1997-01-08,0.05
NASDAQ,GSBC,1996-10-09,0.05
NASDAQ,GSBC,1996-07-10,0.04375
NASDAQ,GSBC,1996-04-10,0.04375
NASDAQ,GSBC,1996-01-10,0.04375
NASDAQ,GSBC,1995-10-11,0.04375
NASDAQ,GSBC,1995-07-12,0.04375
NASDAQ,GSBC,1995-04-07,0.0375
NASDAQ,GSBC,1995-01-09,0.0375
NASDAQ,GSBC,1994-10-07,0.0375
NASDAQ,GSBC,1994-07-11,0.03542
NASDAQ,GSBC,1994-04-11,0.0075
NASDAQ,GSBC,1993-10-04,0.0075
NASDAQ,GSBC,1993-07-02,0.0075
NASDAQ,GSBC,1993-04-02,0.0075
NASDAQ,GSBC,1993-01-04,0.0075
NASDAQ,GSBC,1992-10-05,0.0075
NASDAQ,GSBC,1992-07-06,0.0075
NASDAQ,GSBC,1992-04-06,0.0075
NASDAQ,GSBC,1992-01-06,0.0075
NASDAQ,GSBC,1991-07-08,0.0075
NASDAQ,GSBC,1991-04-08,0.0075
NASDAQ,GSBC,1991-01-08,0.0075
NASDAQ,GOODP,2010-01-19,0.161
NASDAQ,GOODP,2009-12-18,0.161
NASDAQ,GOODP,2009-11-17,0.161
NASDAQ,GOODP,2009-10-20,0.161
NASDAQ,GOODP,2009-09-18,0.161
NASDAQ,GOODP,2009-08-19,0.161
NASDAQ,GOODP,2009-07-21,0.161
NASDAQ,GOODP,2009-06-18,0.161
NASDAQ,GOODP,2009-05-18,0.161
NASDAQ,GOODP,2009-04-20,0.161
NASDAQ,GOODP,2009-03-19,0.161
NASDAQ,GOODP,2009-02-17,0.161
NASDAQ,GOODP,2009-01-20,0.161
NASDAQ,GOODP,2008-12-18,0.161
NASDAQ,GOODP,2008-11-17,0.161
NASDAQ,GOODP,2008-10-21,0.161
NASDAQ,GOODP,2008-09-18,0.161
NASDAQ,GOODP,2008-08-19,0.161
NASDAQ,GOODP,2008-07-21,0.161
NASDAQ,GOODP,2008-06-18,0.161
NASDAQ,GOODP,2008-05-19,0.161
NASDAQ,GOODP,2008-04-18,0.161
NASDAQ,GOODP,2008-03-18,0.161
NASDAQ,GOODP,2008-02-19,0.161
NASDAQ,GOODP,2008-01-18,0.161
NASDAQ,GOODP,2007-12-18,0.161
NASDAQ,GOODP,2007-11-19,0.161
NASDAQ,GOODP,2007-10-19,0.161
NASDAQ,GOODP,2007-09-18,0.161
NASDAQ,GOODP,2007-08-21,0.161
NASDAQ,GOODP,2007-07-19,0.161
NASDAQ,GOODP,2007-06-19,0.161
NASDAQ,GOODP,2007-05-18,0.161
NASDAQ,GOODP,2007-04-18,0.161
NASDAQ,GOODP,2007-03-20,0.161
NASDAQ,GOODP,2007-02-15,0.161
NASDAQ,GOODP,2007-01-19,0.161
NASDAQ,GOODP,2006-12-18,0.161
NASDAQ,GOODP,2006-11-17,0.161
NASDAQ,GOODP,2006-10-19,0.161
NASDAQ,GOODP,2006-09-19,0.161
NASDAQ,GTIV,2002-06-18,18.326
NASDAQ,GASS,2009-02-26,0.188
NASDAQ,GASS,2008-11-20,0.188
NASDAQ,GASS,2008-08-27,0.188
NASDAQ,GASS,2008-06-04,0.188
NASDAQ,GASS,2008-02-27,0.188
NASDAQ,GASS,2007-11-20,0.188
NASDAQ,GASS,2007-08-22,0.188
NASDAQ,GASS,2007-05-31,0.188
NASDAQ,GASS,2007-03-01,0.188
NASDAQ,GASS,2006-11-29,0.188
NASDAQ,GASS,2006-08-29,0.188
NASDAQ,GASS,2006-05-11,0.188
NASDAQ,GASS,2006-01-12,0.188
NASDAQ,GROW,2010-02-08,0.02
NASDAQ,GROW,2010-01-11,0.02
NASDAQ,GROW,2009-12-10,0.02
NASDAQ,GROW,2009-11-05,0.02
NASDAQ,GROW,2009-10-08,0.02
NASDAQ,GROW,2009-09-10,0.02
NASDAQ,GROW,2009-08-06,0.02
NASDAQ,GROW,2009-07-09,0.02
NASDAQ,GROW,2009-06-11,0.02
NASDAQ,GROW,2009-05-07,0.02
NASDAQ,GROW,2009-04-08,0.02
NASDAQ,GROW,2009-03-06,0.02
NASDAQ,GROW,2009-02-06,0.02
NASDAQ,GROW,2009-01-08,0.02
NASDAQ,GROW,2008-11-26,0.02
NASDAQ,GROW,2008-10-30,0.02
NASDAQ,GROW,2008-10-02,0.02
NASDAQ,GROW,2008-09-04,0.02
NASDAQ,GROW,2008-07-31,0.02
NASDAQ,GROW,2008-07-02,0.02
NASDAQ,GROW,2008-05-29,0.02
NASDAQ,GROW,2008-05-01,0.02
NASDAQ,GROW,2008-04-03,0.02
NASDAQ,GROW,2008-02-28,0.02
NASDAQ,GROW,2008-01-31,0.02
NASDAQ,GROW,2008-01-03,0.02
NASDAQ,GROW,2007-11-29,0.02
NASDAQ,GROW,2007-11-01,0.02
NASDAQ,GROW,2007-09-27,0.02
NASDAQ,GROW,2007-08-29,0.01
NASDAQ,GROW,2007-08-02,0.01
NASDAQ,GROW,2007-06-28,0.01
NASDAQ,GROW,2007-06-07,0.01
NASDAQ,GROW,2007-03-15,0.125
NASDAQ,GKSR,2009-12-08,0.075
NASDAQ,GKSR,2009-09-15,0.075
NASDAQ,GKSR,2009-06-02,0.07
NASDAQ,GKSR,2009-03-03,0.07
NASDAQ,GKSR,2008-12-09,0.07
NASDAQ,GKSR,2008-09-16,0.07
NASDAQ,GKSR,2008-06-03,0.05
NASDAQ,GKSR,2008-03-04,0.05
NASDAQ,GKSR,2007-12-11,0.05
NASDAQ,GKSR,2007-09-18,0.05
NASDAQ,GKSR,2007-05-29,0.04
NASDAQ,GKSR,2007-03-13,0.04
NASDAQ,GKSR,2006-12-12,0.04
NASDAQ,GKSR,2006-09-19,0.04
NASDAQ,GKSR,2006-06-13,0.018
NASDAQ,GKSR,2006-03-21,0.018
NASDAQ,GKSR,2005-12-06,0.018
NASDAQ,GKSR,2005-09-20,0.018
NASDAQ,GKSR,2005-06-13,0.018
NASDAQ,GKSR,2005-03-22,0.018
NASDAQ,GKSR,2004-12-07,0.018
NASDAQ,GKSR,2004-09-27,0.018
NASDAQ,GKSR,2004-06-16,0.018
NASDAQ,GKSR,2004-03-16,0.018
NASDAQ,GKSR,2003-12-02,0.018
NASDAQ,GKSR,2003-09-23,0.018
NASDAQ,GKSR,2003-06-17,0.018
NASDAQ,GKSR,2003-03-18,0.018
NASDAQ,GKSR,2002-12-03,0.018
NASDAQ,GKSR,2002-09-24,0.018
NASDAQ,GKSR,2002-06-18,0.018
NASDAQ,GKSR,2002-03-19,0.018
NASDAQ,GKSR,2001-12-04,0.018
NASDAQ,GKSR,2001-09-25,0.018
NASDAQ,GKSR,2001-06-19,0.018
NASDAQ,GKSR,2001-03-20,0.018
NASDAQ,GKSR,2000-12-05,0.018
NASDAQ,GKSR,2000-09-12,0.018
NASDAQ,GKSR,2000-05-30,0.018
NASDAQ,GKSR,2000-03-21,0.018
NASDAQ,GKSR,1999-12-07,0.018
NASDAQ,GKSR,1999-09-14,0.018
NASDAQ,GKSR,1999-06-01,0.018
NASDAQ,GKSR,1999-03-23,0.018
NASDAQ,GKSR,1998-12-04,0.018
NASDAQ,GKSR,1998-09-15,0.018
NASDAQ,GKSR,1998-06-02,0.018
NASDAQ,GKSR,1998-03-17,0.018
NASDAQ,GKSR,1997-12-09,0.018
NASDAQ,GKSR,1997-09-16,0.018
NASDAQ,GKSR,1997-06-03,0.018
NASDAQ,GKSR,1997-03-11,0.018
NASDAQ,GKSR,1996-12-10,0.018
NASDAQ,GKSR,1996-09-18,0.018
NASDAQ,GKSR,1996-06-04,0.018
NASDAQ,GKSR,1996-03-13,0.018
NASDAQ,GKSR,1995-12-12,0.018
NASDAQ,GKSR,1995-09-20,0.018
NASDAQ,GKSR,1995-06-02,0.018
NASDAQ,GKSR,1995-03-15,0.018
NASDAQ,GKSR,1994-11-29,0.018
NASDAQ,GKSR,1994-09-16,0.018
NASDAQ,GKSR,1994-06-02,0.018
NASDAQ,GKSR,1994-03-11,0.017
NASDAQ,GKSR,1993-12-06,0.018
NASDAQ,GKSR,1993-09-17,0.01667
NASDAQ,GKSR,1993-06-07,0.01667
NASDAQ,GKSR,1993-03-09,0.01667
NASDAQ,GKSR,1992-12-08,0.01667
NASDAQ,GKSR,1992-09-10,0.01667
NASDAQ,GKSR,1992-06-08,0.01667
NASDAQ,GKSR,1992-03-09,0.01667
NASDAQ,GKSR,1991-12-09,0.01667
NASDAQ,GKSR,1991-09-10,0.01667
NASDAQ,GKSR,1991-06-10,0.01667
NASDAQ,GKSR,1991-03-11,0.01667
NASDAQ,GKSR,1990-12-10,0.01667
NASDAQ,GKSR,1990-09-11,0.01667
NASDAQ,GKSR,1990-06-11,0.01667
NASDAQ,GLBZ,2009-12-24,0.1
NASDAQ,GLBZ,2009-09-23,0.1
NASDAQ,GLBZ,2009-06-24,0.1
NASDAQ,GLBZ,2009-03-24,0.1
NASDAQ,GLBZ,2008-12-24,0.15
NASDAQ,GLBZ,2008-09-24,0.1
NASDAQ,GLBZ,2008-06-25,0.1
NASDAQ,GLBZ,2008-03-26,0.1
NASDAQ,GLBZ,2007-12-26,0.15
NASDAQ,GLBZ,2007-09-25,0.1
NASDAQ,GLBZ,2007-06-22,0.1
NASDAQ,GLBZ,2007-03-21,0.1
NASDAQ,GLBZ,2006-12-27,0.15
NASDAQ,GLBZ,2006-09-26,0.1
NASDAQ,GLBZ,2006-06-21,0.1
NASDAQ,GLBZ,2006-03-22,0.1
NASDAQ,GLBZ,2005-12-21,0.14583
NASDAQ,GLBZ,2005-09-21,0.09723
NASDAQ,GLBZ,2005-06-22,0.08333
NASDAQ,GLBZ,2005-03-29,0.08333
NASDAQ,GLBZ,2004-12-22,0.125
NASDAQ,GLBZ,2004-09-22,0.08333
NASDAQ,GLBZ,2004-06-22,0.07639
NASDAQ,GLBZ,2004-03-22,0.07639
NASDAQ,GLBZ,2003-12-19,0.10417
NASDAQ,GLBZ,2003-09-18,0.06944
NASDAQ,GLBZ,2003-06-24,0.06944
NASDAQ,GLBZ,2003-03-21,0.06944
NASDAQ,GLBZ,2002-12-23,0.10417
NASDAQ,GLBZ,2002-09-25,0.06944
NASDAQ,GLBZ,2002-06-25,0.05787
NASDAQ,GLBZ,2002-03-26,0.05787
NASDAQ,GLBZ,2001-12-20,0.08681
NASDAQ,GLBZ,2001-09-20,0.05787
NASDAQ,GLBZ,2001-06-21,0.03858
NASDAQ,GLBZ,2001-03-15,0.05787
NASDAQ,GLBZ,2000-12-22,0.09645
NASDAQ,GNTX,2010-01-05,0.11
NASDAQ,GNTX,2009-10-05,0.11
NASDAQ,GNTX,2009-07-02,0.11
NASDAQ,GNTX,2009-04-03,0.11
NASDAQ,GNTX,2009-01-05,0.11
NASDAQ,GNTX,2008-10-03,0.11
NASDAQ,GNTX,2008-07-03,0.105
NASDAQ,GNTX,2008-04-03,0.105
NASDAQ,GNTX,2008-01-03,0.105
NASDAQ,GNTX,2007-10-03,0.105
NASDAQ,GNTX,2007-07-05,0.095
NASDAQ,GNTX,2007-04-03,0.095
NASDAQ,GNTX,2007-01-03,0.095
NASDAQ,GNTX,2006-10-04,0.095
NASDAQ,GNTX,2006-07-05,0.09
NASDAQ,GNTX,2006-04-05,0.09
NASDAQ,GNTX,2006-01-04,0.09
NASDAQ,GNTX,2005-10-05,0.09
NASDAQ,GNTX,2005-09-30,0.09
NASDAQ,GNTX,2005-07-06,0.085
NASDAQ,GNTX,2005-04-05,0.085
NASDAQ,GNTX,2005-01-05,0.085
NASDAQ,GNTX,2004-10-05,0.085
NASDAQ,GNTX,2004-07-06,0.075
NASDAQ,GNTX,2004-04-01,0.075
NASDAQ,GNTX,2004-01-06,0.075
NASDAQ,GNTX,2003-10-01,0.075
NASDAQ,GLAD,2010-01-19,0.07
NASDAQ,GLAD,2009-12-18,0.07
NASDAQ,GLAD,2009-11-17,0.07
NASDAQ,GLAD,2009-10-20,0.07
NASDAQ,GLAD,2009-09-18,0.07
NASDAQ,GLAD,2009-08-19,0.07
NASDAQ,GLAD,2009-07-21,0.07
NASDAQ,GLAD,2009-06-18,0.07
NASDAQ,GLAD,2009-05-27,0.07
NASDAQ,GLAD,2009-04-23,0.07
NASDAQ,GLAD,2009-03-19,0.14
NASDAQ,GLAD,2009-02-17,0.14
NASDAQ,GLAD,2009-01-20,0.14
NASDAQ,GLAD,2008-12-18,0.14
NASDAQ,GLAD,2008-11-17,0.14
NASDAQ,GLAD,2008-10-21,0.14
NASDAQ,GLAD,2008-09-18,0.14
NASDAQ,GLAD,2008-08-19,0.14
NASDAQ,GLAD,2008-07-21,0.14
NASDAQ,GLAD,2008-06-18,0.14
NASDAQ,GLAD,2008-05-19,0.14
NASDAQ,GLAD,2008-04-18,0.14
NASDAQ,GLAD,2008-03-18,0.14
NASDAQ,GLAD,2008-02-19,0.14
NASDAQ,GLAD,2008-01-18,0.14
NASDAQ,GLAD,2007-12-18,0.14
NASDAQ,GLAD,2007-11-19,0.14
NASDAQ,GLAD,2007-10-19,0.14
NASDAQ,GLAD,2007-09-18,0.14
NASDAQ,GLAD,2007-08-21,0.14
NASDAQ,GLAD,2007-07-19,0.14
NASDAQ,GLAD,2007-06-19,0.14
NASDAQ,GLAD,2007-05-18,0.14
NASDAQ,GLAD,2007-04-18,0.14
NASDAQ,GLAD,2007-03-20,0.14
NASDAQ,GLAD,2007-02-15,0.14
NASDAQ,GLAD,2007-01-19,0.14
NASDAQ,GLAD,2006-12-18,0.14
NASDAQ,GLAD,2006-11-17,0.14
NASDAQ,GLAD,2006-10-19,0.14
NASDAQ,GLAD,2006-09-19,0.14
NASDAQ,GLAD,2006-08-21,0.14
NASDAQ,GLAD,2006-07-19,0.14
NASDAQ,GLAD,2006-06-20,0.135
NASDAQ,GLAD,2006-05-18,0.135
NASDAQ,GLAD,2006-04-18,0.135
NASDAQ,GLAD,2006-03-21,0.135
NASDAQ,GLAD,2006-02-15,0.135
NASDAQ,GLAD,2006-01-17,0.135
NASDAQ,GLAD,2005-12-19,0.135
NASDAQ,GLAD,2005-11-17,0.135
NASDAQ,GLAD,2005-10-19,0.135
NASDAQ,GLAD,2005-09-20,0.135
NASDAQ,GLAD,2005-08-19,0.135
NASDAQ,GLAD,2005-07-19,0.135
NASDAQ,GLAD,2005-06-14,0.13
NASDAQ,GLAD,2005-05-11,0.13
NASDAQ,GLAD,2005-04-13,0.13
NASDAQ,GLAD,2005-03-16,0.12
NASDAQ,GLAD,2005-02-09,0.12
NASDAQ,GLAD,2005-01-12,0.12
NASDAQ,GLAD,2004-12-15,0.12
NASDAQ,GLAD,2004-11-15,0.12
NASDAQ,GLAD,2004-10-14,0.12
NASDAQ,GLAD,2004-09-15,0.12
NASDAQ,GLAD,2004-08-16,0.12
NASDAQ,GLAD,2004-07-15,0.12
NASDAQ,GLAD,2004-06-15,0.115
NASDAQ,GLAD,2004-05-13,0.115
NASDAQ,GLAD,2004-04-15,0.115
NASDAQ,GLAD,2004-03-16,0.11
NASDAQ,GLAD,2004-02-11,0.11
NASDAQ,GLAD,2004-01-14,0.11
NASDAQ,GLAD,2003-12-16,0.11
NASDAQ,GLAD,2003-11-13,0.11
NASDAQ,GLAD,2003-10-16,0.11
NASDAQ,GLAD,2003-09-26,0.33
NASDAQ,GLAD,2003-06-26,0.29
NASDAQ,GLAD,2003-03-27,0.25
NASDAQ,GLAD,2002-12-27,0.23
NASDAQ,GLAD,2002-09-26,0.21
NASDAQ,GBCI,2009-12-31,0.13
NASDAQ,GBCI,2009-10-02,0.13
NASDAQ,GBCI,2009-07-02,0.13
NASDAQ,GBCI,2009-04-03,0.13
NASDAQ,GBCI,2009-01-09,0.13
NASDAQ,GBCI,2008-10-03,0.13
NASDAQ,GBCI,2008-07-03,0.13
NASDAQ,GBCI,2008-04-04,0.13
NASDAQ,GBCI,2008-01-04,0.13
NASDAQ,GBCI,2007-10-04,0.13
NASDAQ,GBCI,2007-07-06,0.12
NASDAQ,GBCI,2007-04-05,0.12
NASDAQ,GBCI,2007-01-09,0.12
NASDAQ,GBCI,2006-10-05,0.11333
NASDAQ,GBCI,2006-07-07,0.10667
NASDAQ,GBCI,2006-04-07,0.10667
NASDAQ,GBCI,2006-01-06,0.10667
NASDAQ,GBCI,2005-10-06,0.1
NASDAQ,GBCI,2005-07-08,0.1
NASDAQ,GBCI,2005-04-08,0.096
NASDAQ,GBCI,2005-01-07,0.09067
NASDAQ,GBCI,2004-10-07,0.09067
NASDAQ,GBCI,2004-07-09,0.09067
NASDAQ,GBCI,2004-04-08,0.0896
NASDAQ,GBCI,2004-01-09,0.08533
NASDAQ,GBCI,2003-10-03,0.08533
NASDAQ,GBCI,2003-07-03,0.08107
NASDAQ,GBCI,2003-05-09,0.0
NASDAQ,GBCI,2003-04-04,0.06982
NASDAQ,GBCI,2003-01-10,0.06982
NASDAQ,GBCI,2002-10-04,0.06594
NASDAQ,GBCI,2002-07-05,0.06206
NASDAQ,GBCI,2002-04-05,0.06206
NASDAQ,GBCI,2002-01-04,0.05818
NASDAQ,GBCI,2001-10-04,0.05818
NASDAQ,GBCI,2001-07-06,0.05818
NASDAQ,GBCI,2001-04-06,0.05818
NASDAQ,GBCI,2001-01-05,0.05818
NASDAQ,GBCI,2000-10-05,0.05818
NASDAQ,GBCI,2000-07-07,0.05818
NASDAQ,GBCI,2000-05-12,0.05236
NASDAQ,GBCI,2000-04-07,0.05289
NASDAQ,GBCI,2000-01-07,0.07052
NASDAQ,GBCI,1999-10-07,0.05289
NASDAQ,GBCI,1999-07-09,0.05289
NASDAQ,GBCI,1999-04-09,0.03783
NASDAQ,GBCI,1999-01-08,0.03783
NASDAQ,GBCI,1998-10-08,0.03783
NASDAQ,GBCI,1998-07-09,0.03788
NASDAQ,GBCI,1998-04-07,0.03497
NASDAQ,GBCI,1998-01-09,0.03497
NASDAQ,GBCI,1997-10-08,0.03497
NASDAQ,GBCI,1997-07-09,0.03497
NASDAQ,GBCI,1997-04-08,0.03108
NASDAQ,GBCI,1997-01-09,0.03108
NASDAQ,GBCI,1996-10-10,0.03108
NASDAQ,GBCI,1996-07-09,0.03108
NASDAQ,GBCI,1996-05-07,0.02817
NASDAQ,GBCI,1996-04-04,0.03108
NASDAQ,GBCI,1996-01-09,0.03108
NASDAQ,GBCI,1995-10-11,0.02915
NASDAQ,GBCI,1995-07-11,0.02915
NASDAQ,GBCI,1995-05-10,0.02681
NASDAQ,GBCI,1995-03-31,0.02915
NASDAQ,GBCI,1995-01-06,0.02332
NASDAQ,GBCI,1994-10-05,0.02332
NASDAQ,GBCI,1994-07-01,0.02332
NASDAQ,GBCI,1994-05-09,0.02565
NASDAQ,GBCI,1994-03-31,0.02332
NASDAQ,GBCI,1994-01-03,0.02332
NASDAQ,GBCI,1993-10-06,0.02137
NASDAQ,GBCI,1993-07-01,0.02137
NASDAQ,GBCI,1993-03-30,0.02137
NASDAQ,GBCI,1992-12-31,0.02137
NASDAQ,GBCI,1992-09-30,0.01943
NASDAQ,GBCI,1992-06-26,0.01943
NASDAQ,GBCI,1992-04-29,0.01748
NASDAQ,GBCI,1992-03-30,0.01943
NASDAQ,GYRO,2007-03-22,4.0
NASDAQ,GMTC,2004-12-22,0.03
NASDAQ,GMTC,2004-09-16,0.03
NASDAQ,GMTC,2004-06-29,0.03
NASDAQ,GMTC,2004-03-18,0.03
NASDAQ,GMTC,2003-12-30,0.12
NASDAQ,GOODO,2010-01-19,0.156
NASDAQ,GOODO,2009-12-18,0.156
NASDAQ,GOODO,2009-11-17,0.156
NASDAQ,GOODO,2009-10-20,0.156
NASDAQ,GOODO,2009-09-18,0.156
NASDAQ,GOODO,2009-08-19,0.156
NASDAQ,GOODO,2009-07-21,0.156
NASDAQ,GOODO,2009-06-18,0.156
NASDAQ,GOODO,2009-05-18,0.156
NASDAQ,GOODO,2009-04-20,0.156
NASDAQ,GOODO,2009-03-19,0.156
NASDAQ,GOODO,2009-02-17,0.156
NASDAQ,GOODO,2009-01-20,0.156
NASDAQ,GOODO,2008-12-18,0.156
NASDAQ,GOODO,2008-11-17,0.156
NASDAQ,GOODO,2008-10-21,0.156
NASDAQ,GOODO,2008-09-18,0.156
NASDAQ,GOODO,2008-08-19,0.156
NASDAQ,GOODO,2008-07-21,0.156
NASDAQ,GOODO,2008-06-18,0.156
NASDAQ,GOODO,2008-05-19,0.156
NASDAQ,GOODO,2008-04-18,0.156
NASDAQ,GOODO,2008-03-18,0.156
NASDAQ,GOODO,2008-02-19,0.156
NASDAQ,GRIF,2009-11-27,0.1
NASDAQ,GRIF,2009-08-24,0.1
NASDAQ,GRIF,2009-05-26,0.1
NASDAQ,GRIF,2009-02-19,0.1
NASDAQ,GRIF,2008-11-28,0.1
NASDAQ,GRIF,2008-08-25,0.1
NASDAQ,GRIF,2008-05-27,0.1
NASDAQ,GRIF,2008-02-20,0.1
NASDAQ,GRIF,2007-11-19,0.1
NASDAQ,GIFI,2009-11-05,0.01
NASDAQ,GIFI,2009-08-06,0.01
NASDAQ,GIFI,2009-05-20,0.01
NASDAQ,GIFI,2009-03-13,0.1
NASDAQ,GIFI,2008-11-04,0.1
NASDAQ,GIFI,2008-08-05,0.1
NASDAQ,GIFI,2008-05-06,0.1
NASDAQ,GIFI,2008-03-11,0.1
NASDAQ,GIFI,2007-11-06,0.1
NASDAQ,GIFI,2007-08-07,0.1
NASDAQ,GIFI,2007-05-08,0.1
NASDAQ,GIFI,2007-03-12,0.1
NASDAQ,GIFI,2006-11-03,0.075
NASDAQ,GIFI,2006-08-04,0.075
NASDAQ,GIFI,2006-05-05,0.075
NASDAQ,GIFI,2006-02-10,0.075
NASDAQ,GIFI,2005-11-04,0.075
NASDAQ,GIFI,2005-08-05,0.075
NASDAQ,GIFI,2005-05-06,0.075
NASDAQ,GIFI,2005-02-11,0.075
NASDAQ,GIFI,2004-11-05,0.05
NASDAQ,GIFI,2004-08-06,0.05
NASDAQ,GIFI,2004-05-07,0.05
NASDAQ,GIFI,2004-02-12,0.05
NASDAQ,GAI,2000-06-19,1.35
NASDAQ,GFED,2008-07-02,0.18
NASDAQ,GFED,2008-04-03,0.18
NASDAQ,GFED,2008-01-02,0.18
NASDAQ,GFED,2007-09-27,0.18
NASDAQ,GFED,2007-06-28,0.17
NASDAQ,GFED,2007-03-30,0.17
NASDAQ,GFED,2007-01-03,0.17
NASDAQ,GFED,2006-09-28,0.17
NASDAQ,GFED,2006-06-29,0.165
NASDAQ,GFED,2006-03-28,0.165
NASDAQ,GFED,2006-01-04,0.165
NASDAQ,GFED,2005-09-28,0.165
NASDAQ,GFED,2005-06-29,0.16
NASDAQ,GFED,2005-03-28,0.16
NASDAQ,GFED,2005-01-05,0.16
NASDAQ,GFED,2004-09-29,0.16
NASDAQ,GFED,2004-06-29,0.155
NASDAQ,GFED,2004-03-26,0.155
NASDAQ,GFED,2004-01-07,0.155
NASDAQ,GFED,2003-10-01,0.155
NASDAQ,GFED,2003-06-27,0.15
NASDAQ,GFED,2003-03-27,0.15
NASDAQ,GFED,2003-01-08,0.15
NASDAQ,GFED,2002-10-02,0.15
NASDAQ,GFED,2002-07-03,0.125
NASDAQ,GFED,2002-03-27,0.25
NASDAQ,GFED,2001-08-30,0.25
NASDAQ,GFED,2001-03-26,0.25
NASDAQ,GFED,2000-08-31,0.23
NASDAQ,GFED,2000-03-28,0.22
NASDAQ,GFED,1999-09-02,0.1
NASDAQ,GFED,1999-03-29,0.09
NASDAQ,GFED,1998-09-03,0.08
NASDAQ,GFED,1998-04-01,0.075
NASDAQ,GFED,1997-09-10,0.05697
NASDAQ,GFED,1997-04-30,0.05179
NASDAQ,GFED,1996-10-30,0.04661
NASDAQ,GFED,1996-05-01,0.04143
NASDAQ,GFED,1995-11-15,0.04143
NASDAQ,GGAL,2004-05-26,0.03
NASDAQ,GGAL,2001-03-27,0.297
