exchange,stock_symbol,date,dividends
NASDAQ,FWLT,2001-05-11,0.6
NASDAQ,FWLT,2001-02-13,0.6
NASDAQ,FWLT,2000-11-13,0.6
NASDAQ,FWLT,2000-08-11,0.6
NASDAQ,FWLT,2000-05-11,0.6
NASDAQ,FWLT,2000-02-11,0.6
NASDAQ,FWLT,1999-11-10,0.6
NASDAQ,FWLT,1999-08-12,0.6
NASDAQ,FWLT,1999-05-12,2.1
NASDAQ,FWLT,1999-02-11,2.1
NASDAQ,FWLT,1998-11-12,2.1
NASDAQ,FWLT,1998-08-12,2.1
NASDAQ,FWLT,1998-05-13,2.1
NASDAQ,FWLT,1998-02-11,2.1
NASDAQ,FWLT,1997-11-12,2.1
NASDAQ,FWLT,1997-08-13,2.1
NASDAQ,FWLT,1997-05-13,2.1
NASDAQ,FWLT,1997-02-12,2.05
NASDAQ,FWLT,1996-11-13,2.05
NASDAQ,FWLT,1996-08-13,2.05
NASDAQ,FWLT,1996-05-13,2.05
NASDAQ,FWLT,1996-02-13,1.95
NASDAQ,FWLT,1995-11-13,1.95
NASDAQ,FWLT,1995-08-11,1.95
NASDAQ,FWLT,1995-05-09,1.95
NASDAQ,FWLT,1995-02-09,1.85
NASDAQ,FWLT,1994-11-08,1.85
NASDAQ,FWLT,1994-08-09,1.85
NASDAQ,FWLT,1994-05-10,1.85
NASDAQ,FWLT,1994-02-09,1.65
NASDAQ,FWLT,1993-11-08,1.65
NASDAQ,FWLT,1993-08-10,1.65
NASDAQ,FWLT,1993-05-10,1.65
NASDAQ,FWLT,1993-02-08,1.5
NASDAQ,FWLT,1992-11-09,1.5
NASDAQ,FWLT,1992-08-10,1.5
NASDAQ,FWLT,1992-05-11,1.5
NASDAQ,FWLT,1992-02-10,1.35
NASDAQ,FWLT,1991-11-08,1.35
NASDAQ,FWLT,1991-08-09,1.35
NASDAQ,FWLT,1991-05-09,1.35
NASDAQ,FWLT,1991-02-11,1.25
NASDAQ,FWLT,1990-11-08,1.25
NASDAQ,FWLT,1990-08-09,1.25
NASDAQ,FWLT,1990-05-09,1.25
NASDAQ,FWLT,1990-02-09,1.1
NASDAQ,FWLT,1989-11-09,1.1
NASDAQ,FWLT,1989-08-09,1.1
NASDAQ,FWLT,1989-05-09,1.1
NASDAQ,FWLT,1989-02-09,1.1
NASDAQ,FWLT,1988-11-08,1.1
NASDAQ,FWLT,1988-08-09,1.1
NASDAQ,FWLT,1988-05-10,1.1
NASDAQ,FWLT,1988-02-09,1.1
NASDAQ,FWLT,1987-11-06,1.1
NASDAQ,FWLT,1987-08-11,1.1
NASDAQ,FWLT,1987-05-11,1.1
NASDAQ,FWLT,1987-02-10,1.1
NASDAQ,FWLT,1986-11-07,1.1
NASDAQ,FWLT,1986-08-11,1.1
NASDAQ,FWLT,1986-05-09,1.1
NASDAQ,FWLT,1986-02-10,1.1
NASDAQ,FWLT,1985-11-08,1.1
NASDAQ,FWLT,1985-08-09,1.1
NASDAQ,FWLT,1985-05-09,1.1
NASDAQ,FWLT,1985-02-08,1.1
NASDAQ,FWLT,1984-11-08,1.1
NASDAQ,FWLT,1984-08-09,1.1
NASDAQ,FWLT,1984-05-09,1.1
NASDAQ,FWLT,1984-02-08,1.1
NASDAQ,FWLT,1983-11-07,1.1
NASDAQ,FWLT,1983-08-09,1.1
NASDAQ,FWLT,1983-05-09,1.1
NASDAQ,FFIN,2009-12-11,0.34
NASDAQ,FFIN,2009-09-11,0.34
NASDAQ,FFIN,2009-06-11,0.34
NASDAQ,FFIN,2009-02-26,0.34
NASDAQ,FFIN,2008-12-11,0.34
NASDAQ,FFIN,2008-09-11,0.34
NASDAQ,FFIN,2008-06-12,0.34
NASDAQ,FFIN,2008-03-12,0.32
NASDAQ,FFIN,2007-12-13,0.32
NASDAQ,FFIN,2007-09-13,0.32
NASDAQ,FFIN,2007-06-13,0.32
NASDAQ,FFIN,2007-03-13,0.3
NASDAQ,FFIN,2006-12-13,0.3
NASDAQ,FFIN,2006-09-13,0.3
NASDAQ,FFIN,2006-06-14,0.3
NASDAQ,FFIN,2006-03-13,0.28
NASDAQ,FFIN,2005-12-13,0.28
NASDAQ,FFIN,2005-09-13,0.28
NASDAQ,FFIN,2005-06-14,0.28
NASDAQ,FFIN,2005-03-11,0.255
NASDAQ,FFIN,2004-12-13,0.255
NASDAQ,FFIN,2004-09-13,0.255
NASDAQ,FFIN,2004-06-14,0.255
NASDAQ,FFIN,2004-03-11,0.2325
NASDAQ,FFIN,2003-12-11,0.2325
NASDAQ,FFIN,2003-09-11,0.2325
NASDAQ,FFIN,2003-06-12,0.2325
NASDAQ,FFIN,2003-06-03,0.0
NASDAQ,FFIN,2003-03-12,0.21
NASDAQ,FFIN,2002-12-12,0.21
NASDAQ,FFIN,2002-09-12,0.21
NASDAQ,FFIN,2002-06-12,0.21
NASDAQ,FFIN,2002-03-13,0.18
NASDAQ,FFIN,2001-12-12,0.18
NASDAQ,FFIN,2001-06-13,0.18
NASDAQ,FFIN,2001-03-14,0.1584
NASDAQ,FFIN,2000-12-13,0.1584
NASDAQ,FFIN,2000-09-13,0.1584
NASDAQ,FFIN,2000-06-14,0.1584
NASDAQ,FFIN,2000-03-15,0.144
NASDAQ,FFIN,1999-12-13,0.144
NASDAQ,FFIN,1999-09-15,0.132
NASDAQ,FFIN,1999-06-14,0.13248
NASDAQ,FFIN,1999-03-15,0.132
NASDAQ,FFIN,1998-12-11,0.132
NASDAQ,FFIN,1998-09-14,0.12
NASDAQ,FFIN,1998-06-11,0.12
NASDAQ,FFIN,1998-03-11,0.1091
NASDAQ,FFIN,1997-12-11,0.1091
NASDAQ,FFIN,1997-09-11,0.1091
NASDAQ,FFIN,1997-06-11,0.1091
NASDAQ,FFIN,1997-03-12,0.09775
NASDAQ,FFIN,1996-12-12,0.09775
NASDAQ,FFIN,1996-09-12,0.09775
NASDAQ,FFIN,1996-06-12,0.09775
NASDAQ,FFIN,1996-03-13,0.07215
NASDAQ,FFIN,1995-12-13,0.07215
NASDAQ,FFIN,1995-09-13,0.07215
NASDAQ,FFIN,1995-06-14,0.07215
NASDAQ,FFIN,1995-03-13,0.06517
NASDAQ,FFIN,1994-12-12,0.06517
NASDAQ,FFIN,1994-09-12,0.06517
NASDAQ,FFIN,1994-06-13,0.06517
NASDAQ,FFIN,1994-03-14,0.05958
NASDAQ,FFIN,1993-12-13,0.05958
NASDAQ,FBSI,2008-08-13,0.1
NASDAQ,FBSI,2006-12-13,0.04
NASDAQ,FBSI,2006-09-13,0.04
NASDAQ,FBSI,2006-06-13,0.04
NASDAQ,FBSI,2006-03-13,0.04
NASDAQ,FBSI,2005-12-13,0.04
NASDAQ,FBSI,2005-09-13,0.04
NASDAQ,FBSI,2005-06-13,0.04
NASDAQ,FBSI,2005-03-11,0.04
NASDAQ,FBSI,2004-12-13,0.04
NASDAQ,FBSI,2004-09-13,0.04
NASDAQ,FBSI,2004-06-24,0.04
NASDAQ,FBSI,2004-03-11,0.04
NASDAQ,FBSI,2003-12-11,0.04
NASDAQ,FBSI,2003-09-11,0.04
NASDAQ,FBSI,2003-06-11,0.04
NASDAQ,FBSI,2003-03-12,0.04
NASDAQ,FBSI,2002-12-12,0.04
NASDAQ,FBSI,2002-09-12,0.04
NASDAQ,FBSI,2002-06-12,0.04
NASDAQ,FBSI,2002-03-13,0.04
NASDAQ,FBSI,2001-12-12,0.04
NASDAQ,FBSI,2001-06-13,0.04
NASDAQ,FBSI,2001-03-13,0.04
NASDAQ,FBSI,2000-12-13,0.04
NASDAQ,FBSI,2000-06-13,0.04
NASDAQ,FBSI,2000-03-13,0.03
NASDAQ,FBSI,1999-09-13,0.03
NASDAQ,FBSI,1999-06-11,0.03
NASDAQ,FBSI,1999-03-11,0.03
NASDAQ,FBSI,1998-12-11,0.03
NASDAQ,FBSI,1998-09-11,0.03
NASDAQ,FBSI,1998-06-11,0.03
NASDAQ,FBSI,1998-03-12,0.03
NASDAQ,FBSI,1997-12-11,0.025
NASDAQ,FBSI,1997-09-11,0.025
NASDAQ,FBSI,1996-09-26,0.025
NASDAQ,FBSI,1996-06-12,0.025
NASDAQ,FBSI,1996-03-13,0.025
NASDAQ,FBSI,1995-12-13,0.025
NASDAQ,FBSI,1995-09-13,0.025
NASDAQ,FBSI,1995-06-19,0.025
NASDAQ,FBSI,1995-03-27,0.025
NASDAQ,FBSI,1994-09-09,0.0125
NASDAQ,FBSI,1994-03-18,0.025
NASDAQ,FABK,2010-01-28,0.05
NASDAQ,FABK,2009-10-29,0.05
NASDAQ,FABK,2009-07-27,0.05
NASDAQ,FABK,2009-04-27,0.05
NASDAQ,FABK,2009-01-29,0.05
NASDAQ,FABK,2008-10-28,0.05
NASDAQ,FSBI,2009-11-10,0.02
NASDAQ,FSBI,2009-08-12,0.02
NASDAQ,FSBI,2009-05-13,0.07
NASDAQ,FSBI,2009-02-11,0.14
NASDAQ,FSBI,2008-11-12,0.14
NASDAQ,FSBI,2008-08-13,0.14
NASDAQ,FSBI,2008-05-13,0.14
NASDAQ,FSBI,2008-02-13,0.14
NASDAQ,FSBI,2007-11-13,0.14
NASDAQ,FSBI,2007-08-13,0.14
NASDAQ,FSBI,2007-05-11,0.14
NASDAQ,FSBI,2007-02-13,0.14
NASDAQ,FSBI,2006-11-13,0.14
NASDAQ,FSBI,2006-08-11,0.14
NASDAQ,FSBI,2006-05-11,0.14
NASDAQ,FSBI,2006-02-13,0.13
NASDAQ,FSBI,2005-11-10,0.13
NASDAQ,FSBI,2005-08-11,0.13
NASDAQ,FSBI,2005-02-11,0.10909
NASDAQ,FSBI,2004-11-10,0.10909
NASDAQ,FSBI,2004-08-11,0.10909
NASDAQ,FSBI,2004-05-12,0.10909
NASDAQ,FSBI,2004-02-11,0.09917
NASDAQ,FSBI,2003-11-12,0.09917
NASDAQ,FSBI,2003-08-13,0.09917
NASDAQ,FSBI,2003-05-13,0.09917
NASDAQ,FSBI,2003-02-12,0.09015
NASDAQ,FSBI,2002-11-13,0.09015
NASDAQ,FSBI,2002-08-13,0.09015
NASDAQ,FSBI,2002-05-13,0.09015
NASDAQ,FSBI,2002-02-13,0.08195
NASDAQ,FSBI,2001-11-13,0.08195
NASDAQ,FSBI,2001-09-26,0.06831
NASDAQ,FSBI,2001-08-13,0.06831
NASDAQ,FSBI,2001-05-11,0.06831
NASDAQ,FSBI,2001-02-13,0.06831
NASDAQ,FSBI,2000-11-13,0.06831
NASDAQ,FSBI,2000-08-11,0.0621
NASDAQ,FSBI,2000-05-11,0.0621
NASDAQ,FSBI,2000-02-11,0.0621
NASDAQ,FSBI,1999-11-10,0.0621
NASDAQ,FSBI,1999-08-12,0.0621
NASDAQ,FSBI,1999-05-12,0.0621
NASDAQ,FSBI,1999-02-10,0.05588
NASDAQ,FSBI,1998-11-10,0.05588
NASDAQ,FSBI,1998-08-12,0.05588
NASDAQ,FSBI,1998-05-13,0.05588
NASDAQ,FSBI,1998-02-11,0.0447
NASDAQ,FSBI,1997-11-12,0.0447
NASDAQ,FSBI,1997-08-13,0.0447
NASDAQ,FSBI,1997-05-13,0.0447
NASDAQ,FSBI,1997-02-12,0.04065
NASDAQ,FSBI,1996-11-13,0.03613
NASDAQ,FSBI,1996-08-13,0.02619
NASDAQ,FSBI,1996-05-13,0.03251
NASDAQ,FSBI,1996-02-13,0.03613
NASDAQ,FSBI,1995-11-13,0.03613
NASDAQ,FSBI,1995-08-08,0.03613
NASDAQ,FSBI,1995-04-20,0.03161
NASDAQ,FSBI,1995-01-30,0.03161
NASDAQ,FSBI,1994-10-28,0.03161
NASDAQ,FSBI,1994-07-28,0.03161
NASDAQ,FSBI,1994-04-28,0.03161
NASDAQ,FSBI,1994-01-28,0.03161
NASDAQ,FSBI,1993-10-28,0.01671
NASDAQ,FSBI,1993-07-28,0.01671
NASDAQ,FSBI,1993-04-27,0.01671
NASDAQ,FSBI,1993-01-28,0.01806
NASDAQ,FSBI,1992-10-28,0.01806
NASDAQ,FSBI,1992-07-28,0.01806
NASDAQ,FSBI,1992-04-28,0.01806
NASDAQ,FSBI,1992-01-27,0.02709
NASDAQ,FSBI,1991-10-25,0.02709
NASDAQ,FSBI,1991-07-25,0.02709
NASDAQ,FSBI,1991-04-29,0.02709
NASDAQ,FSBI,1990-10-25,0.02709
NASDAQ,FSBI,1990-07-26,0.02709
NASDAQ,FUNC,2010-01-11,0.1
NASDAQ,FUNC,2009-10-09,0.2
NASDAQ,FUNC,2009-07-10,0.2
NASDAQ,FUNC,2009-04-09,0.2
NASDAQ,FUNC,2009-01-22,0.2
NASDAQ,FUNC,2008-10-08,0.2
NASDAQ,FUNC,2008-07-10,0.2
NASDAQ,FUNC,2008-04-10,0.2
NASDAQ,FUNC,2008-01-10,0.2
NASDAQ,FUNC,2007-10-11,0.195
NASDAQ,FUNC,2007-07-12,0.195
NASDAQ,FUNC,2007-04-12,0.195
NASDAQ,FUNC,2007-01-10,0.195
NASDAQ,FUNC,2006-10-12,0.19
NASDAQ,FUNC,2006-07-13,0.19
NASDAQ,FUNC,2006-04-12,0.19
NASDAQ,FUNC,2006-01-11,0.19
NASDAQ,FUNC,2005-10-12,0.185
NASDAQ,FUNC,2005-07-13,0.185
NASDAQ,FUNC,2005-04-13,0.185
NASDAQ,FUNC,2005-01-12,0.185
NASDAQ,FUNC,2004-10-13,0.18
NASDAQ,FUNC,2004-07-14,0.18
NASDAQ,FUNC,2004-04-14,0.18
NASDAQ,FUNC,2004-01-14,0.18
NASDAQ,FUNC,2003-10-15,0.175
NASDAQ,FUNC,2003-07-16,0.175
NASDAQ,FUNC,2003-04-15,0.175
NASDAQ,FUNC,2003-01-15,0.175
NASDAQ,FUNC,2002-10-16,0.17
NASDAQ,FUNC,2002-07-17,0.17
NASDAQ,FUNC,2002-04-17,0.17
NASDAQ,FUNC,2002-01-16,0.17
NASDAQ,FUNC,2001-10-17,0.165
NASDAQ,FUNC,2001-07-18,0.165
NASDAQ,FUNC,2001-04-18,0.165
NASDAQ,FUNC,2001-01-17,0.165
NASDAQ,FUNC,2000-10-18,0.16
NASDAQ,FUNC,2000-07-18,0.16
NASDAQ,FUNC,2000-04-18,0.16
NASDAQ,FUNC,2000-01-18,0.16
NASDAQ,FUNC,1999-10-18,0.155
NASDAQ,FUNC,1999-07-16,0.155
NASDAQ,FUNC,1999-04-16,0.155
NASDAQ,FUNC,1999-01-15,0.15
NASDAQ,FUNC,1998-10-16,0.15
NASDAQ,FUNC,1998-07-16,0.15
NASDAQ,FUNC,1998-04-16,0.15
NASDAQ,FUNC,1998-01-15,0.15
NASDAQ,FUNC,1997-10-16,0.14
NASDAQ,FUNC,1997-07-16,0.14
NASDAQ,FUNC,1997-04-15,0.14
NASDAQ,FUNC,1997-01-16,0.14
NASDAQ,FUNC,1996-10-15,0.13
NASDAQ,FUNC,1996-07-17,0.13
NASDAQ,FUNC,1996-04-15,0.13
NASDAQ,FUNC,1996-03-13,0.122
NASDAQ,FUNC,1996-01-16,0.13
NASDAQ,FUNC,1995-10-19,0.12
NASDAQ,FUNC,1995-07-20,0.12
NASDAQ,FUNC,1995-04-18,0.12
NASDAQ,FUNC,1995-01-17,0.12
NASDAQ,FUNC,1994-10-17,0.12
NASDAQ,FUNC,1994-07-15,0.1
NASDAQ,FUNC,1994-04-15,0.1
NASDAQ,FUNC,1994-01-11,0.1
NASDAQ,FUNC,1993-07-16,0.1
NASDAQ,FUNC,1993-04-12,0.1
NASDAQ,FUNC,1993-01-15,0.1
NASDAQ,FUNC,1992-10-07,0.1
NASDAQ,FEIM,2007-10-29,0.1
NASDAQ,FEIM,2007-05-25,0.1
NASDAQ,FEIM,2006-10-27,0.1
NASDAQ,FEIM,2006-04-26,0.1
NASDAQ,FEIM,2005-10-27,0.1
NASDAQ,FEIM,2005-04-27,0.1
NASDAQ,FEIM,2004-10-27,0.1
NASDAQ,FEIM,2004-04-28,0.1
NASDAQ,FEIM,2003-10-29,0.1
NASDAQ,FEIM,2003-04-28,0.1
NASDAQ,FEIM,2002-10-29,0.1
NASDAQ,FEIM,2002-04-26,0.1
NASDAQ,FEIM,2001-10-29,0.1
NASDAQ,FEIM,2001-04-26,0.1
NASDAQ,FEIM,2000-10-27,0.1
NASDAQ,FEIM,2000-04-26,0.1
NASDAQ,FEIM,1999-10-27,0.1
NASDAQ,FEIM,1999-04-28,0.05
NASDAQ,FEIM,1998-10-28,0.05
NASDAQ,FEIM,1998-04-28,0.1
NASDAQ,FEIM,1997-10-29,0.1
NASDAQ,FEIM,1984-02-21,0.21555
NASDAQ,FSTF,2008-06-23,0.08
NASDAQ,FSTF,2008-03-18,0.08
NASDAQ,FSTF,2007-12-12,0.08
NASDAQ,FSTF,2007-09-28,0.08
NASDAQ,FSTF,2007-06-15,0.08
NASDAQ,FSTF,2007-03-28,0.08
NASDAQ,FSTF,2006-12-13,0.08
NASDAQ,FSTF,2006-09-13,0.08
NASDAQ,FSTF,2006-06-13,0.07
NASDAQ,FSTF,2006-03-13,0.06
NASDAQ,FSTF,2005-12-13,0.05
NASDAQ,FSTF,2005-09-07,0.05
NASDAQ,FSTF,2005-07-12,0.05
NASDAQ,FSTF,2005-03-08,0.05
NASDAQ,FBMI,2009-11-24,0.1
NASDAQ,FBMI,2009-08-26,0.1
NASDAQ,FBMI,2009-05-20,0.1
NASDAQ,FBMI,2009-03-04,0.1
NASDAQ,FBMI,2008-11-19,0.225
NASDAQ,FBMI,2008-08-20,0.225
NASDAQ,FBMI,2008-05-21,0.225
NASDAQ,FBMI,2008-02-20,0.225
NASDAQ,FBMI,2007-11-20,0.225
NASDAQ,FBMI,2007-08-22,0.225
NASDAQ,FBMI,2007-05-23,0.225
NASDAQ,FBMI,2007-02-21,0.225
NASDAQ,FBMI,2006-11-20,0.21429
NASDAQ,FBMI,2006-08-23,0.21429
NASDAQ,FBMI,2006-05-24,0.21429
NASDAQ,FBMI,2006-02-22,0.20952
NASDAQ,FBMI,2005-11-21,0.19954
NASDAQ,FBMI,2005-08-24,0.19954
NASDAQ,FBMI,2005-05-25,0.19954
NASDAQ,FBMI,2005-02-23,0.19048
NASDAQ,FBMI,2004-11-22,0.18141
NASDAQ,FBMI,2004-08-25,0.18141
NASDAQ,FBMI,2004-05-26,0.18141
NASDAQ,FBMI,2004-02-25,0.17277
NASDAQ,FBMI,2003-12-16,0.0
NASDAQ,FBMI,2003-11-24,0.16454
NASDAQ,FBMI,2003-08-27,0.16454
NASDAQ,FBMI,2003-05-28,0.16454
NASDAQ,FBMI,2003-02-26,0.1563
NASDAQ,FBMI,2002-11-25,0.14886
NASDAQ,FBMI,2002-08-28,0.14886
NASDAQ,FBMI,2002-05-30,0.14886
NASDAQ,FBMI,2002-02-27,0.14105
NASDAQ,FBMI,2001-11-29,0.13433
NASDAQ,FBMI,2001-08-29,0.13433
NASDAQ,FBMI,2001-05-30,0.13433
NASDAQ,FBMI,2001-02-27,0.12686
NASDAQ,FSRV,2007-07-23,5.0
NASDAQ,FUND,2009-03-04,0.09
NASDAQ,FUND,2008-12-04,0.1
NASDAQ,FUND,2008-09-04,0.12
NASDAQ,FUND,2008-06-04,0.12
NASDAQ,FUND,2008-03-04,0.13
NASDAQ,FUND,2007-12-04,1.618
NASDAQ,FUND,2007-09-04,0.13
NASDAQ,FUND,2007-06-04,0.13
NASDAQ,FUND,2007-03-02,0.13
NASDAQ,FUND,2006-12-04,1.2
NASDAQ,FUND,2006-09-01,0.13
NASDAQ,FUND,2006-06-02,0.12
NASDAQ,FUND,2006-03-02,0.12
NASDAQ,FUND,2005-12-02,0.85
NASDAQ,FUND,2005-09-01,0.12
NASDAQ,FUND,2005-06-02,0.12
NASDAQ,FUND,2005-03-03,0.12
NASDAQ,FUND,2004-12-02,1.42
NASDAQ,FUND,2004-09-03,0.11
NASDAQ,FUND,2004-06-04,0.11
NASDAQ,FUND,2004-03-04,0.1
NASDAQ,FUND,2003-12-04,0.62
NASDAQ,FUND,2002-12-04,0.09
NASDAQ,FUND,2001-12-04,0.14
NASDAQ,FUND,2000-12-04,0.34
NASDAQ,FUND,1999-12-02,0.133
NASDAQ,FUND,1998-12-03,0.132
NASDAQ,FUND,1998-03-04,0.132
NASDAQ,FUND,1997-01-02,0.042
NASDAQ,FUND,1996-01-02,0.028
NASDAQ,FUND,1994-06-24,0.062
NASDAQ,FUND,1993-04-08,0.122
NASDAQ,FUND,1993-01-08,0.125
NASDAQ,FUND,1992-10-05,0.135
NASDAQ,FUND,1992-07-06,0.14
NASDAQ,FUND,1992-04-01,0.15
NASDAQ,FINL,2009-11-24,0.03
NASDAQ,FINL,2009-08-26,0.03
NASDAQ,FINL,2009-05-27,0.03
NASDAQ,FINL,2009-02-25,0.03
NASDAQ,FINL,2008-11-25,0.03
NASDAQ,FINL,2008-08-27,0.03
NASDAQ,FINL,2007-05-30,0.025
NASDAQ,FINL,2007-02-28,0.025
NASDAQ,FINL,2006-11-21,0.025
NASDAQ,FINL,2006-08-23,0.025
NASDAQ,FINL,2006-05-24,0.025
NASDAQ,FINL,2006-02-22,0.025
NASDAQ,FINL,2005-11-22,0.025
NASDAQ,FINL,2005-08-30,0.025
NASDAQ,FINL,2005-05-27,0.025
NASDAQ,FINL,2005-02-25,0.025
NASDAQ,FINL,2004-11-29,0.025
NASDAQ,FINL,2004-08-30,0.025
NASDAQ,FAST,2009-08-13,0.37
NASDAQ,FAST,2009-02-11,0.35
NASDAQ,FAST,2008-08-14,0.27
NASDAQ,FAST,2008-02-21,0.25
NASDAQ,FAST,2007-08-16,0.23
NASDAQ,FAST,2007-02-22,0.21
NASDAQ,FAST,2006-08-17,0.2
NASDAQ,FAST,2006-02-15,0.2
NASDAQ,FAST,2005-08-18,0.155
NASDAQ,FAST,2005-02-16,0.155
NASDAQ,FAST,2004-08-19,0.125
NASDAQ,FAST,2004-02-19,0.075
NASDAQ,FAST,2003-09-24,0.075
NASDAQ,FAST,2003-02-19,0.03
NASDAQ,FAST,2002-02-20,0.025
NASDAQ,FAST,2001-02-21,0.0225
NASDAQ,FAST,2000-02-23,0.02
NASDAQ,FAST,1999-02-24,0.0025
NASDAQ,FAST,1998-02-25,0.00125
NASDAQ,FAST,1997-02-26,0.00125
NASDAQ,FAST,1996-02-28,0.00125
NASDAQ,FAST,1994-03-02,0.00125
NASDAQ,FAST,1993-02-23,0.00088
NASDAQ,FAST,1992-02-25,0.00093
NASDAQ,FAST,1991-02-25,0.00075
NASDAQ,FCEC,2009-12-10,0.02
NASDAQ,FCEC,2009-09-18,0.14
NASDAQ,FCEC,2009-05-29,0.14
NASDAQ,FCEC,2009-03-05,0.14
NASDAQ,FCEC,2008-11-28,0.135
NASDAQ,FCEC,2008-08-28,0.14
NASDAQ,FCEC,2008-05-29,0.14
NASDAQ,FCEC,2008-02-28,0.14
NASDAQ,FCEC,2007-11-28,0.14
NASDAQ,FCEC,2007-08-29,0.135
NASDAQ,FCEC,2007-05-30,0.135
NASDAQ,FCEC,2007-02-27,0.135
NASDAQ,FCEC,2006-11-29,0.135
NASDAQ,FCEC,2006-08-30,0.135
NASDAQ,FCEC,2006-02-27,0.135
NASDAQ,FCEC,2005-11-29,0.135
NASDAQ,FCEC,2005-08-30,0.13
NASDAQ,FCEC,2005-05-27,0.13
NASDAQ,FCEC,2005-02-25,0.13
NASDAQ,FCEC,2004-11-29,0.13
NASDAQ,FCEC,2004-08-30,0.12545
NASDAQ,FCEC,2004-05-27,0.12545
NASDAQ,FCEC,2004-02-26,0.12545
NASDAQ,FCEC,2003-11-26,0.12545
NASDAQ,FCEC,2003-08-27,0.12273
NASDAQ,FCEC,2003-05-28,0.12273
NASDAQ,FCEC,2003-02-27,0.12273
NASDAQ,FCEC,2002-11-27,0.12273
NASDAQ,FCEC,2002-08-28,0.11818
NASDAQ,FCEC,2002-05-29,0.11818
NASDAQ,FCEC,2002-02-27,0.11818
NASDAQ,FCEC,2001-11-28,0.11818
NASDAQ,FCEC,2001-08-29,0.11818
NASDAQ,FCEC,2001-05-30,0.11818
NASDAQ,FCEC,2001-02-27,0.11818
NASDAQ,FIZZ,2007-07-18,0.8
NASDAQ,FIZZ,2007-05-31,0.0
NASDAQ,FIZZ,2006-01-03,0.83333
NASDAQ,FIZZ,2004-03-24,0.83333
NASDAQ,FFFD,2009-12-16,0.01
NASDAQ,FFFD,2009-09-16,0.01
NASDAQ,FFFD,2009-06-10,0.01
NASDAQ,FFFD,2009-03-11,0.01
NASDAQ,FFFD,2008-12-11,0.01
NASDAQ,FFFD,2008-09-11,0.01
NASDAQ,FFFD,2008-06-11,0.35
NASDAQ,FFFD,2008-03-12,0.35
NASDAQ,FFFD,2007-12-12,0.35
NASDAQ,FFFD,2007-09-12,0.35
NASDAQ,FFFD,2007-06-13,0.35
NASDAQ,FFFD,2007-03-13,0.35
NASDAQ,FFFD,2006-12-13,0.33
NASDAQ,FFFD,2006-09-13,0.33
NASDAQ,FFFD,2006-06-14,0.33
NASDAQ,FFFD,2006-03-15,0.33
NASDAQ,FFFD,2005-12-13,0.29
NASDAQ,FFFD,2005-09-14,0.29
NASDAQ,FFFD,2005-06-13,0.29
NASDAQ,FFFD,2005-03-14,0.29
NASDAQ,FFFD,2004-12-13,0.25
NASDAQ,FFFD,2004-09-13,0.25
NASDAQ,FFFD,2004-06-14,0.25
NASDAQ,FFFD,2004-03-12,0.25
NASDAQ,FFFD,2003-12-11,0.21
NASDAQ,FFFD,2003-09-12,0.21
NASDAQ,FFFD,2003-06-12,0.21
NASDAQ,FFFD,2003-03-13,0.21
NASDAQ,FFFD,2002-12-12,0.18
NASDAQ,FFFD,2002-09-12,0.18
NASDAQ,FFFD,2002-06-13,0.18
NASDAQ,FFFD,2002-03-13,0.18
NASDAQ,FFFD,2001-12-13,0.15
NASDAQ,FFFD,2001-06-13,0.15
NASDAQ,FFFD,2001-03-13,0.15
NASDAQ,FFFD,2000-12-13,0.125
NASDAQ,FFFD,2000-09-13,0.125
NASDAQ,FFFD,2000-06-14,0.125
NASDAQ,FFFD,2000-03-14,0.125
NASDAQ,FFFD,1999-12-16,0.1
NASDAQ,FFFD,1999-09-14,0.1
NASDAQ,FFFD,1999-06-14,0.1
NASDAQ,FFFD,1999-03-12,0.1
NASDAQ,FFFD,1998-12-14,0.08
NASDAQ,FFFD,1998-09-11,0.08
NASDAQ,FFFD,1998-06-12,0.08
NASDAQ,FFFD,1998-03-12,0.08
NASDAQ,FFFD,1997-12-11,0.062
NASDAQ,FFFD,1997-09-11,0.062
NASDAQ,FFFD,1997-06-11,0.062
NASDAQ,FFFD,1997-03-12,0.062
NASDAQ,FFFD,1996-12-10,0.062
NASDAQ,FFFD,1996-09-10,0.062
NASDAQ,FFFD,1996-06-12,0.1
NASDAQ,FFFD,1996-02-14,0.1
NASDAQ,FFFD,1995-11-29,0.1
NASDAQ,FFFD,1995-09-06,0.1
NASDAQ,FFFD,1995-06-12,0.1
NASDAQ,FCBC,2010-02-03,0.1
NASDAQ,FCBC,2009-10-14,0.1
NASDAQ,FCBC,2009-07-09,0.1
NASDAQ,FCBC,2009-04-07,0.1
NASDAQ,FCBC,2008-11-26,0.28
NASDAQ,FCBC,2008-09-11,0.28
NASDAQ,FCBC,2008-06-12,0.28
NASDAQ,FCBC,2008-03-13,0.28
NASDAQ,FCBC,2007-11-28,0.27
NASDAQ,FCBC,2007-09-12,0.27
NASDAQ,FCBC,2007-06-13,0.27
NASDAQ,FCBC,2007-03-13,0.27
NASDAQ,FCBC,2006-11-29,0.26
NASDAQ,FCBC,2006-09-13,0.26
NASDAQ,FCBC,2006-06-13,0.26
NASDAQ,FCBC,2006-03-13,0.26
NASDAQ,FCBC,2005-11-29,0.255
NASDAQ,FCBC,2005-09-13,0.255
NASDAQ,FCBC,2005-06-13,0.255
NASDAQ,FCBC,2005-03-11,0.255
NASDAQ,FCBC,2004-11-29,0.25
NASDAQ,FCBC,2004-09-13,0.25
NASDAQ,FCBC,2004-06-14,0.25
NASDAQ,FCBC,2004-03-11,0.25
NASDAQ,FCBC,2003-11-26,0.25
NASDAQ,FCBC,2003-09-17,0.25
NASDAQ,FCBC,2003-06-16,0.23636
NASDAQ,FCBC,2003-03-12,0.23636
NASDAQ,FCBC,2002-11-26,0.22727
NASDAQ,FCBC,2002-09-11,0.22727
NASDAQ,FCBC,2002-06-12,0.22727
NASDAQ,FCBC,2002-03-13,0.22727
NASDAQ,FCBC,2001-12-12,0.23967
NASDAQ,FCBC,2001-06-13,0.19008
NASDAQ,FCBC,2001-03-13,0.19008
NASDAQ,FCBC,2000-12-13,0.22314
NASDAQ,FMFC,2009-12-16,0.01
NASDAQ,FMFC,2009-09-15,0.01
NASDAQ,FMFC,2009-06-15,0.01
NASDAQ,FMFC,2009-03-16,0.13
NASDAQ,FMFC,2008-12-16,0.13
NASDAQ,FMFC,2008-09-15,0.13
NASDAQ,FMFC,2008-06-13,0.13
NASDAQ,FMFC,2008-03-14,0.13
NASDAQ,FMFC,2007-12-14,0.13
NASDAQ,FMFC,2007-09-13,0.13
NASDAQ,FMFC,2007-06-14,0.13
NASDAQ,FMFC,2007-03-15,0.13
NASDAQ,FMFC,2006-12-14,0.13
NASDAQ,FMFC,2006-09-19,0.13
NASDAQ,FMFC,2006-06-15,0.13
NASDAQ,FMFC,2006-03-16,0.13
NASDAQ,FMFC,2005-12-15,0.13
NASDAQ,FMFC,2005-09-15,0.13
NASDAQ,FMFC,2005-06-15,0.13
NASDAQ,FMFC,2005-03-16,0.125
NASDAQ,FMFC,2004-12-15,0.125
NASDAQ,FMFC,2004-09-15,0.125
NASDAQ,FMFC,2004-06-15,0.125
NASDAQ,FMFC,2004-03-16,0.125
NASDAQ,FMFC,2003-12-16,0.125
NASDAQ,FMFC,2003-09-15,0.125
NASDAQ,FMFC,2003-06-13,0.125
NASDAQ,FMFC,2003-03-14,0.125
NASDAQ,FMFC,2002-12-13,0.125
NASDAQ,FMFC,2002-09-13,0.125
NASDAQ,FMFC,2002-06-13,0.125
NASDAQ,FMFC,2002-03-14,0.125
NASDAQ,FMFC,2001-12-18,0.125
NASDAQ,FMFC,2001-09-18,0.125
NASDAQ,FMFC,2001-06-18,0.125
NASDAQ,FMFC,2001-03-19,0.125
NASDAQ,FMFC,2000-12-18,0.125
NASDAQ,FMFC,2000-09-18,0.125
NASDAQ,FMFC,2000-06-19,0.125
NASDAQ,FMFC,2000-03-17,0.125
NASDAQ,FMFC,1999-12-17,0.125
NASDAQ,FMFC,1999-09-20,0.125
NASDAQ,FMFC,1999-06-17,0.125
NASDAQ,FMFC,1999-03-18,0.125
NASDAQ,FMFC,1998-12-17,0.12
NASDAQ,FMFC,1998-09-17,0.12
NASDAQ,FMFC,1998-06-18,0.12
NASDAQ,FMFC,1998-03-19,0.12
NASDAQ,FMFC,1997-12-18,0.12
NASDAQ,FMFC,1997-09-18,0.11
NASDAQ,FMFC,1997-06-23,0.11
NASDAQ,FULT,2009-12-23,0.03
NASDAQ,FULT,2009-09-24,0.03
NASDAQ,FULT,2009-06-24,0.03
NASDAQ,FULT,2009-03-25,0.03
NASDAQ,FULT,2008-12-16,0.15
NASDAQ,FULT,2008-09-17,0.15
NASDAQ,FULT,2008-06-18,0.15
NASDAQ,FULT,2008-03-18,0.15
NASDAQ,FULT,2007-12-19,0.15
NASDAQ,FULT,2007-09-19,0.15
NASDAQ,FULT,2007-06-18,0.15
NASDAQ,FULT,2007-03-20,0.148
NASDAQ,FULT,2006-12-19,0.148
NASDAQ,FULT,2006-09-19,0.148
NASDAQ,FULT,2006-06-15,0.148
NASDAQ,FULT,2006-03-20,0.1381
NASDAQ,FULT,2005-12-19,0.1381
NASDAQ,FULT,2005-09-19,0.1381
NASDAQ,FULT,2005-06-15,0.1381
NASDAQ,FULT,2005-03-18,0.12571
NASDAQ,FULT,2004-12-17,0.12571
NASDAQ,FULT,2004-09-20,0.12571
NASDAQ,FULT,2004-06-21,0.12571
NASDAQ,FULT,2004-03-18,0.1161
NASDAQ,FULT,2003-12-19,0.1161
NASDAQ,FULT,2003-09-18,0.1161
NASDAQ,FULT,2003-06-19,0.1161
NASDAQ,FULT,2003-04-28,0.0
NASDAQ,FULT,2003-03-19,0.10367
NASDAQ,FULT,2002-12-19,0.10367
NASDAQ,FULT,2002-09-18,0.10367
NASDAQ,FULT,2002-06-12,0.11748
NASDAQ,FULT,2002-03-13,0.09398
NASDAQ,FULT,2001-12-19,0.09398
NASDAQ,FULT,2001-09-19,0.09398
NASDAQ,FULT,2001-06-13,0.09398
NASDAQ,FULT,2001-03-14,0.08846
NASDAQ,FULT,2000-12-20,0.08846
NASDAQ,FULT,2000-09-19,0.08846
NASDAQ,FULT,2000-06-14,0.08846
NASDAQ,FULT,2000-03-15,0.07899
NASDAQ,FULT,1999-12-21,0.07899
NASDAQ,FULT,1999-09-17,0.07899
NASDAQ,FULT,1999-06-16,0.07899
NASDAQ,FULT,1999-05-06,0.07899
NASDAQ,FULT,1999-03-17,0.0718
NASDAQ,FULT,1998-12-21,0.0718
NASDAQ,FULT,1998-09-18,0.0718
NASDAQ,FULT,1998-06-17,0.0718
NASDAQ,FULT,1998-03-18,0.0651
NASDAQ,FULT,1997-12-30,0.0651
NASDAQ,FULT,1997-09-18,0.0651
NASDAQ,FULT,1997-06-18,0.0651
NASDAQ,FULT,1997-05-21,0.0651
NASDAQ,FULT,1997-03-19,0.05918
NASDAQ,FULT,1996-12-19,0.05918
NASDAQ,FULT,1996-09-19,0.05918
NASDAQ,FULT,1996-06-19,0.05918
NASDAQ,FULT,1996-04-30,0.05396
NASDAQ,FULT,1995-12-20,0.05918
NASDAQ,FULT,1995-09-20,0.05918
NASDAQ,FULT,1995-06-21,0.05918
NASDAQ,FULT,1995-05-09,0.05396
NASDAQ,FULT,1995-03-17,0.05918
NASDAQ,FULT,1994-12-19,0.05048
NASDAQ,FULT,1994-09-19,0.05048
NASDAQ,FULT,1994-06-17,0.05048
NASDAQ,FULT,1993-12-17,0.06335
NASDAQ,FULT,1993-09-20,0.06335
NASDAQ,FULT,1993-06-17,0.06335
NASDAQ,FULT,1993-05-06,0.06335
NASDAQ,FULT,1993-03-23,0.06962
NASDAQ,FULT,1992-12-18,0.06962
NASDAQ,FULT,1992-09-21,0.06962
NASDAQ,FULT,1992-06-17,0.06962
NASDAQ,FULT,1992-03-16,0.06962
NASDAQ,FULT,1991-12-16,0.06335
NASDAQ,FULT,1991-09-16,0.06962
NASDAQ,FULT,1991-06-17,0.06962
NASDAQ,FULT,1991-03-18,0.06962
NASDAQ,FULT,1990-12-17,0.06962
NASDAQ,FULT,1990-09-17,0.06962
NASDAQ,FULT,1990-06-18,0.06962
NASDAQ,FITBP,2009-12-22,2.125
NASDAQ,FITBP,2009-09-23,2.125
NASDAQ,FITBP,2009-06-24,2.125
NASDAQ,FITBP,2009-03-25,2.125
NASDAQ,FITBP,2008-12-23,2.125
NASDAQ,FITBP,2008-09-24,2.243
NASDAQ,FFSX,2008-02-13,0.105
NASDAQ,FFSX,2007-11-14,0.105
NASDAQ,FFSX,2007-08-15,0.105
NASDAQ,FFSX,2007-05-15,0.105
NASDAQ,FFSX,2007-02-12,0.105
NASDAQ,FFSX,2006-11-14,0.105
NASDAQ,FFSX,2006-08-15,0.1
NASDAQ,FFSX,2006-05-15,0.1
NASDAQ,FFSX,2006-02-10,0.1
NASDAQ,FFSX,2005-11-14,0.1
NASDAQ,FFSX,2005-08-15,0.1
NASDAQ,FFSX,2005-05-13,0.1
NASDAQ,FFSX,2005-02-10,0.1
NASDAQ,FFSX,2004-11-12,0.1
NASDAQ,FFSX,2004-08-13,0.1
NASDAQ,FFSX,2004-05-12,0.09
NASDAQ,FFSX,2004-02-11,0.09
NASDAQ,FFSX,2003-11-12,0.09
NASDAQ,FFSX,2003-08-13,0.08
NASDAQ,FFSX,2003-05-14,0.08
NASDAQ,FFSX,2003-02-12,0.08
NASDAQ,FFSX,2002-11-13,0.08
NASDAQ,FFSX,2002-08-14,0.08
NASDAQ,FFSX,2002-05-15,0.08
NASDAQ,FFSX,2002-02-12,0.08
NASDAQ,FFSX,2001-11-14,0.08
NASDAQ,FFSX,2001-08-15,0.08
NASDAQ,FFSX,2001-05-15,0.08
NASDAQ,FFSX,2001-02-12,0.08
NASDAQ,FFSX,2000-11-14,0.08
NASDAQ,FFSX,2000-08-15,0.08
NASDAQ,FFSX,2000-05-15,0.075
NASDAQ,FFSX,2000-02-11,0.075
NASDAQ,FFSX,1999-11-10,0.075
NASDAQ,FFSX,1999-03-25,0.12
NASDAQ,FFSX,1999-02-10,0.12
NASDAQ,FFSX,1998-11-10,0.12
NASDAQ,FFSX,1998-08-12,0.12
NASDAQ,FFSX,1998-05-13,0.12
NASDAQ,FFSX,1998-02-11,0.12
NASDAQ,FFSX,1997-11-12,0.12
NASDAQ,FFSX,1997-08-13,0.12
NASDAQ,FFSX,1997-05-15,0.12
NASDAQ,FFSX,1997-02-12,0.12
NASDAQ,FFSX,1996-11-15,0.108
NASDAQ,FFSX,1996-08-13,0.12
NASDAQ,FFSX,1996-05-13,0.12
NASDAQ,FFSX,1996-02-13,0.12
NASDAQ,FFSX,1995-11-13,0.12
NASDAQ,FLXS,2009-12-16,0.05
NASDAQ,FLXS,2009-09-17,0.05
NASDAQ,FLXS,2009-06-17,0.05
NASDAQ,FLXS,2009-03-18,0.05
NASDAQ,FLXS,2008-12-18,0.13
NASDAQ,FLXS,2008-09-17,0.13
NASDAQ,FLXS,2008-06-12,0.13
NASDAQ,FLXS,2008-03-18,0.13
NASDAQ,FLXS,2007-12-17,0.13
NASDAQ,FLXS,2007-09-19,0.13
NASDAQ,FLXS,2007-06-13,0.13
NASDAQ,FLXS,2007-03-21,0.13
NASDAQ,FLXS,2006-12-19,0.13
NASDAQ,FLXS,2006-09-19,0.13
NASDAQ,FLXS,2006-06-14,0.13
NASDAQ,FLXS,2006-03-15,0.13
NASDAQ,FLXS,2005-12-20,0.13
NASDAQ,FLXS,2005-09-20,0.13
NASDAQ,FLXS,2005-06-29,0.13
NASDAQ,FLXS,2005-03-16,0.13
NASDAQ,FLXS,2004-12-21,0.13
NASDAQ,FLXS,2004-09-20,0.13
NASDAQ,FLXS,2004-06-17,0.13
NASDAQ,FLXS,2004-03-18,0.13
NASDAQ,FLXS,2003-12-18,0.13
NASDAQ,FLXS,2003-09-18,0.13
NASDAQ,FLXS,2003-06-18,0.13
NASDAQ,FLXS,2003-03-19,0.13
NASDAQ,FLXS,2002-12-17,0.13
NASDAQ,FLXS,2002-09-24,0.13
NASDAQ,FLXS,2002-06-18,0.13
NASDAQ,FLXS,2002-03-19,0.13
NASDAQ,FLXS,2001-12-18,0.13
NASDAQ,FLXS,2001-09-18,0.13
NASDAQ,FLXS,2001-06-19,0.13
NASDAQ,FLXS,2001-03-20,0.13
NASDAQ,FLXS,2000-12-19,0.13
NASDAQ,FLXS,2000-09-19,0.13
NASDAQ,FLXS,2000-06-20,0.13
NASDAQ,FLXS,2000-03-21,0.13
NASDAQ,FLXS,1999-12-17,0.13
NASDAQ,FLXS,1999-09-17,0.13
NASDAQ,FLXS,1999-06-22,0.12
NASDAQ,FLXS,1999-03-23,0.12
NASDAQ,FLXS,1998-12-21,0.12
NASDAQ,FLXS,1998-09-22,0.12
NASDAQ,FLXS,1998-06-23,0.12
NASDAQ,FLXS,1998-03-20,0.12
NASDAQ,FLXS,1997-12-19,0.12
NASDAQ,FLXS,1997-09-19,0.12
NASDAQ,FLXS,1997-06-20,0.12
NASDAQ,FLXS,1997-03-21,0.12
NASDAQ,FLXS,1996-12-20,0.12
NASDAQ,FLXS,1996-09-20,0.12
NASDAQ,FLXS,1996-06-14,0.12
NASDAQ,FLXS,1996-03-15,0.12
NASDAQ,FLXS,1995-12-21,0.12
NASDAQ,FLXS,1995-09-22,0.12
NASDAQ,FLXS,1995-06-15,0.12
NASDAQ,FLXS,1995-03-23,0.12
NASDAQ,FLXS,1994-12-20,0.12
NASDAQ,FLXS,1994-09-29,0.12
NASDAQ,FLXS,1994-06-20,0.12
NASDAQ,FLXS,1994-03-21,0.12
NASDAQ,FLXS,1993-12-22,0.12
NASDAQ,FLXS,1993-09-16,0.12
NASDAQ,FLXS,1993-06-17,0.12
NASDAQ,FLXS,1993-03-18,0.12
NASDAQ,FLXS,1992-12-17,0.12
NASDAQ,FLXS,1992-09-17,0.12
NASDAQ,FLXS,1992-06-18,0.12
NASDAQ,FLXS,1992-03-19,0.12
NASDAQ,FCCO,2010-01-28,0.04
NASDAQ,FCCO,2009-10-29,0.04
NASDAQ,FCCO,2009-08-06,0.04
NASDAQ,FCCO,2009-04-30,0.08
NASDAQ,FCCO,2009-01-29,0.08
NASDAQ,FCCO,2008-10-29,0.08
NASDAQ,FCCO,2008-08-07,0.08
NASDAQ,FCCO,2008-04-28,0.08
NASDAQ,FCCO,2008-01-29,0.08
NASDAQ,FCCO,2007-10-29,0.07
NASDAQ,FCCO,2007-07-27,0.07
NASDAQ,FCCO,2007-04-26,0.07
NASDAQ,FCCO,2007-01-29,0.06
NASDAQ,FCCO,2006-10-27,0.06
NASDAQ,FCCO,2006-07-27,0.06
NASDAQ,FCCO,2006-04-27,0.06
NASDAQ,FCCO,2006-01-26,0.05
NASDAQ,FCCO,2005-10-27,0.05
NASDAQ,FCCO,2005-07-28,0.05
NASDAQ,FCCO,2005-04-28,0.05
NASDAQ,FCCO,2005-01-27,0.05
NASDAQ,FCCO,2004-10-28,0.05
NASDAQ,FCCO,2004-07-29,0.05
NASDAQ,FCCO,2004-04-29,0.05
NASDAQ,FCCO,2004-01-29,0.05
NASDAQ,FCCO,2003-10-29,0.05
NASDAQ,FCCO,2003-07-29,0.05
NASDAQ,FCCO,2003-04-28,0.05
NASDAQ,FCCO,2003-01-29,0.04
NASDAQ,FCCO,2002-10-29,0.04
NASDAQ,FCCO,2002-07-29,0.04
NASDAQ,FCCO,2002-05-02,0.04
NASDAQ,FFDF,2010-01-28,0.17
NASDAQ,FFDF,2009-10-28,0.17
NASDAQ,FFDF,2009-07-29,0.17
NASDAQ,FFDF,2009-04-28,0.17
NASDAQ,FFDF,2009-01-28,0.17
NASDAQ,FFDF,2008-10-29,0.17
NASDAQ,FFDF,2008-07-29,0.165
NASDAQ,FFDF,2008-04-28,0.165
NASDAQ,FFDF,2008-01-29,0.165
NASDAQ,FFDF,2007-10-29,0.165
NASDAQ,FFDF,2007-07-30,0.14
NASDAQ,FFDF,2007-04-26,0.14
NASDAQ,FFDF,2007-01-29,0.14
NASDAQ,FFDF,2006-10-27,0.14
NASDAQ,FFDF,2006-07-27,0.12
NASDAQ,FFDF,2006-04-27,0.12
NASDAQ,FFDF,2006-01-27,0.12
NASDAQ,FFDF,2005-10-27,0.12
NASDAQ,FFDF,2005-07-27,0.11
NASDAQ,FFDF,2005-04-27,0.11
NASDAQ,FFDF,2005-01-27,0.11
NASDAQ,FFDF,2004-10-28,0.11
NASDAQ,FFDF,2004-07-28,0.105
NASDAQ,FFDF,2004-04-28,0.105
NASDAQ,FFDF,2004-01-28,0.105
NASDAQ,FFDF,2003-10-29,0.105
NASDAQ,FFDF,2003-07-29,0.1
NASDAQ,FFDF,2003-04-28,0.1
NASDAQ,FFDF,2003-01-29,0.1
NASDAQ,FFDF,2002-10-29,0.1
NASDAQ,FFDF,2002-07-29,0.095
NASDAQ,FFDF,2002-04-26,0.095
NASDAQ,FFDF,2002-01-29,0.095
NASDAQ,FFDF,2001-10-29,0.095
NASDAQ,FFDF,2001-07-27,0.09
NASDAQ,FFDF,2001-04-26,0.09
NASDAQ,FFDF,2001-01-29,0.09
NASDAQ,FFDF,2000-10-27,0.09
NASDAQ,FFDF,2000-07-27,0.085
NASDAQ,FFDF,2000-04-26,0.085
NASDAQ,FFDF,2000-01-27,0.085
NASDAQ,FFDF,1999-10-27,0.085
NASDAQ,FFDF,1999-07-28,0.085
NASDAQ,FFDF,1999-05-03,0.075
NASDAQ,FFDF,1999-01-27,0.075
NASDAQ,FFDF,1998-10-28,0.075
NASDAQ,FFDF,1998-07-29,0.075
NASDAQ,FFDF,1998-06-18,0.075
NASDAQ,FFDF,1998-04-28,0.075
NASDAQ,FFDF,1998-01-28,0.075
NASDAQ,FFDF,1997-10-29,0.075
NASDAQ,FFDF,1997-07-29,0.075
NASDAQ,FFDF,1997-04-28,0.075
NASDAQ,FFDF,1997-01-29,0.05
NASDAQ,FFDF,1996-10-30,0.05
NASDAQ,FFDF,1996-07-29,0.012
NASDAQ,FWRD,2009-11-18,0.07
NASDAQ,FWRD,2009-08-25,0.07
NASDAQ,FWRD,2009-05-20,0.07
NASDAQ,FWRD,2009-03-09,0.07
NASDAQ,FWRD,2008-11-19,0.07
NASDAQ,FWRD,2008-08-20,0.07
NASDAQ,FWRD,2008-05-21,0.07
NASDAQ,FWRD,2008-03-10,0.07
NASDAQ,FWRD,2007-11-28,0.07
NASDAQ,FWRD,2007-08-28,0.07
NASDAQ,FWRD,2007-05-23,0.07
NASDAQ,FWRD,2007-03-13,0.07
NASDAQ,FWRD,2006-11-21,0.07
NASDAQ,FWRD,2006-08-23,0.07
NASDAQ,FWRD,2006-05-24,0.07
NASDAQ,FWRD,2006-03-15,0.07
NASDAQ,FWRD,2005-11-30,0.06
NASDAQ,FWRD,2005-08-17,0.06
NASDAQ,FWRD,2005-05-18,0.06
NASDAQ,FWRD,2005-03-31,0.04
NASDAQ,FWRD,1998-09-24,1.61111
NASDAQ,FRBK,2005-02-01,1.65289
NASDAQ,FCZA,2009-10-16,0.02
NASDAQ,FCZA,2009-07-17,0.01
NASDAQ,FCZA,2009-04-17,0.07
NASDAQ,FCZA,2009-01-15,0.15
NASDAQ,FCZA,2008-10-17,0.15
NASDAQ,FCZA,2008-07-11,0.2
NASDAQ,FCZA,2008-04-11,0.28
NASDAQ,FCZA,2008-01-11,0.28
NASDAQ,FCZA,2007-10-12,0.27
NASDAQ,FCZA,2007-07-13,0.27
NASDAQ,FCZA,2007-04-13,0.29
NASDAQ,FCZA,2007-01-11,0.29
NASDAQ,FCZA,2006-10-13,0.28
NASDAQ,FCZA,2006-07-14,0.28
NASDAQ,FCZA,2006-04-13,0.28
NASDAQ,FCZA,2006-01-12,0.28
NASDAQ,FCZA,2005-10-14,0.28
NASDAQ,FCZA,2005-07-15,0.28
NASDAQ,FCZA,2005-04-15,0.28
NASDAQ,FCZA,2005-01-13,0.28
NASDAQ,FCZA,2004-10-15,0.27
NASDAQ,FCZA,2004-07-16,0.27
NASDAQ,FCZA,2004-04-16,0.27
NASDAQ,FCZA,2004-01-15,0.27
NASDAQ,FCZA,2003-10-20,0.26
NASDAQ,FCZA,2003-10-17,0.26
NASDAQ,FCZA,2003-07-11,0.26
NASDAQ,FCZA,2003-04-11,0.26
NASDAQ,FCZA,2003-01-16,0.26
NASDAQ,FCZA,2002-10-11,0.61
NASDAQ,FCZA,2002-07-12,0.25
NASDAQ,FCZA,2002-04-12,0.25
NASDAQ,FCZA,2002-01-11,0.19
NASDAQ,FCZA,2001-10-12,0.51
NASDAQ,FCZA,2001-10-11,0.19
NASDAQ,FCZA,2001-07-13,0.18
NASDAQ,FCZA,2001-04-12,0.18
NASDAQ,FORTY,2009-01-08,2.27
NASDAQ,FORTY,2008-04-07,0.749
NASDAQ,FORTY,2006-12-18,1.432
NASDAQ,FORTY,2005-05-16,4.02
NASDAQ,FORTY,2001-08-27,0.555
NASDAQ,FFEX,2009-03-11,0.03
NASDAQ,FFEX,2008-11-26,0.03
NASDAQ,FFEX,2008-09-04,0.03
NASDAQ,FFEX,2008-05-21,0.03
NASDAQ,FFEX,2008-03-05,0.03
NASDAQ,FFEX,2007-11-26,0.03
NASDAQ,FFEX,2007-08-21,0.03
NASDAQ,FFEX,2007-05-22,0.03
NASDAQ,FFEX,2007-02-26,0.03
NASDAQ,FFEX,2006-11-20,0.03
NASDAQ,FFEX,1999-08-23,0.03
NASDAQ,FFEX,1999-05-20,0.03
NASDAQ,FFEX,1999-02-23,0.03
NASDAQ,FFEX,1998-11-23,0.03
NASDAQ,FFEX,1998-08-17,0.03
NASDAQ,FFEX,1998-05-19,0.03
NASDAQ,FFEX,1998-02-24,0.03
NASDAQ,FFEX,1997-11-24,0.03
NASDAQ,FFEX,1997-08-25,0.03
NASDAQ,FFEX,1997-05-20,0.03
NASDAQ,FFEX,1997-02-25,0.03
NASDAQ,FFEX,1996-11-25,0.03
NASDAQ,FFEX,1996-08-26,0.03
NASDAQ,FFEX,1996-05-21,0.03
NASDAQ,FFEX,1996-02-27,0.03
NASDAQ,FFEX,1995-11-20,0.03
NASDAQ,FFEX,1995-08-21,0.03
NASDAQ,FFEX,1995-05-18,0.03
NASDAQ,FFEX,1995-02-16,0.0285
NASDAQ,FFEX,1994-11-17,0.0225
NASDAQ,FFEX,1994-08-18,0.0225
NASDAQ,FFEX,1994-05-19,0.0225
NASDAQ,FFEX,1994-02-17,0.0225
NASDAQ,FFEX,1993-08-19,0.0225
NASDAQ,FFEX,1993-05-21,0.0225
NASDAQ,FFEX,1993-02-22,0.0225
NASDAQ,FFEX,1992-11-19,0.0225
NASDAQ,FFEX,1992-08-20,0.0225
NASDAQ,FFEX,1992-05-14,0.0225
NASDAQ,FPFC,2009-07-28,0.01
NASDAQ,FPFC,2009-04-28,0.01
NASDAQ,FPFC,2009-01-28,0.01
NASDAQ,FPFC,2008-10-28,0.085
NASDAQ,FPFC,2008-07-29,0.085
NASDAQ,FPFC,2008-04-24,0.17
NASDAQ,FPFC,2008-01-29,0.17
NASDAQ,FPFC,2007-10-23,0.17
NASDAQ,FPFC,2007-07-24,0.155
NASDAQ,FPFC,2007-04-24,0.155
NASDAQ,FPFC,2007-01-23,0.155
NASDAQ,FPFC,2006-10-24,0.155
NASDAQ,FPFC,2006-07-25,0.14
NASDAQ,FPFC,2006-04-25,0.14
NASDAQ,FPFC,2006-01-24,0.14
NASDAQ,FPFC,2005-10-25,0.14
NASDAQ,FPFC,2005-07-26,0.14
NASDAQ,FPFC,2005-04-26,0.14
NASDAQ,FPFC,2005-01-28,0.14
NASDAQ,FPFC,2004-10-26,0.14
NASDAQ,FPFC,2004-08-03,0.14
NASDAQ,FPFC,2004-04-27,0.14
NASDAQ,FPFC,2004-01-27,0.14
NASDAQ,FPFC,2003-10-28,0.14
NASDAQ,FPFC,2003-07-29,0.14
NASDAQ,FPFC,2003-04-22,0.125
NASDAQ,FPFC,2003-01-28,0.125
NASDAQ,FPFC,2002-10-22,0.125
NASDAQ,FPFC,2002-07-23,0.125
NASDAQ,FPFC,2002-04-23,0.125
NASDAQ,FPFC,2002-01-22,0.125
NASDAQ,FPFC,2001-10-23,0.125
NASDAQ,FPFC,2001-07-24,0.125
NASDAQ,FPFC,2001-04-24,0.125
NASDAQ,FPFC,2001-01-29,0.125
NASDAQ,FPFC,2000-10-04,0.1
NASDAQ,FPFC,2000-07-05,0.1
NASDAQ,FPFC,2000-04-05,0.075
NASDAQ,FPFC,2000-01-05,0.075
NASDAQ,FPFC,1999-12-17,0.075
NASDAQ,FPFC,1999-10-06,0.075
NASDAQ,FFIC,2009-12-07,0.13
NASDAQ,FFIC,2009-09-04,0.13
NASDAQ,FFIC,2009-06-05,0.13
NASDAQ,FFIC,2009-03-06,0.13
NASDAQ,FFIC,2008-12-05,0.13
NASDAQ,FFIC,2008-09-05,0.13
NASDAQ,FFIC,2008-06-05,0.13
NASDAQ,FFIC,2008-03-06,0.13
NASDAQ,FFIC,2007-12-05,0.12
NASDAQ,FFIC,2007-09-05,0.12
NASDAQ,FFIC,2007-06-06,0.12
NASDAQ,FFIC,2007-03-07,0.12
NASDAQ,FFIC,2006-12-06,0.11
NASDAQ,FFIC,2006-09-06,0.11
NASDAQ,FFIC,2006-06-07,0.11
NASDAQ,FFIC,2006-03-08,0.11
NASDAQ,FFIC,2005-12-07,0.1
NASDAQ,FFIC,2005-09-07,0.1
NASDAQ,FFIC,2005-06-08,0.1
NASDAQ,FFIC,2005-03-08,0.1
NASDAQ,FFIC,2004-12-08,0.09
NASDAQ,FFIC,2004-09-08,0.09
NASDAQ,FFIC,2004-06-08,0.09
NASDAQ,FFIC,2004-03-08,0.08
NASDAQ,FFIC,2003-11-26,0.07333
NASDAQ,FFIC,2003-09-05,0.07333
NASDAQ,FFIC,2003-06-06,0.06667
NASDAQ,FFIC,2003-03-06,0.06667
NASDAQ,FFIC,2002-12-06,0.06
NASDAQ,FFIC,2002-09-06,0.06
NASDAQ,FFIC,2002-06-06,0.06
NASDAQ,FFIC,2002-03-07,0.06
NASDAQ,FFIC,2001-12-06,0.05333
NASDAQ,FFIC,2001-09-06,0.05333
NASDAQ,FFIC,2001-06-07,0.04889
NASDAQ,FFIC,2001-03-07,0.04889
NASDAQ,FFIC,2000-12-07,0.04445
NASDAQ,FFIC,2000-09-07,0.04445
NASDAQ,FFIC,2000-06-08,0.04445
NASDAQ,FFIC,2000-03-08,0.04445
NASDAQ,FFIC,1999-12-08,0.02667
NASDAQ,FFIC,1999-09-08,0.02667
NASDAQ,FFIC,1999-06-08,0.02667
NASDAQ,FFIC,1999-03-08,0.02667
NASDAQ,FFIC,1998-12-08,0.02667
NASDAQ,FFIC,1998-09-08,0.02667
NASDAQ,FFIC,1998-06-05,0.0237
NASDAQ,FFIC,1998-03-06,0.0237
NASDAQ,FFIC,1997-12-08,0.01778
NASDAQ,FFIC,1997-09-05,0.01778
NASDAQ,FFIC,1997-06-04,0.01778
NASDAQ,FFIC,1997-03-06,0.01185
NASDAQ,FNBN,2009-06-30,0.025
NASDAQ,FNBN,2009-03-24,0.025
NASDAQ,FNBN,2008-12-23,0.1
NASDAQ,FNBN,2008-09-24,0.1
NASDAQ,FNBN,2008-06-24,0.1
NASDAQ,FNBN,2008-03-25,0.15
NASDAQ,FNBN,2007-12-31,0.15
NASDAQ,FNBN,2007-10-02,0.15
NASDAQ,FNBN,2007-07-02,0.15
NASDAQ,FNBN,2007-04-03,0.15
NASDAQ,FNBN,2006-12-29,0.15
NASDAQ,FNBN,2006-12-28,0.17
NASDAQ,FNBN,2006-09-28,0.15
NASDAQ,FNBN,2006-06-28,0.15
NASDAQ,FNBN,2006-03-28,0.15
NASDAQ,FNBN,2005-12-29,0.17
NASDAQ,FNBN,2005-09-29,0.15
NASDAQ,FNBN,2005-06-30,0.15
NASDAQ,FNBN,2005-03-28,0.15
NASDAQ,FNBN,2004-12-28,0.15
NASDAQ,FNBN,2004-09-28,0.15
NASDAQ,FNBN,2004-07-01,0.15
NASDAQ,FNBN,2004-03-26,0.15
NASDAQ,FNBN,2003-12-26,0.17
NASDAQ,FNBN,2003-09-26,0.14
NASDAQ,FNBN,2003-06-26,0.14
NASDAQ,FNBN,2003-03-26,0.14
NASDAQ,FNBN,2002-12-26,0.16
NASDAQ,FNBN,2002-09-26,0.14
NASDAQ,FNBN,2002-06-26,0.14
NASDAQ,FNBN,2002-03-26,0.14
NASDAQ,FNBN,2001-12-27,0.17
NASDAQ,FNBN,2001-09-26,0.12
NASDAQ,FNBN,2001-06-27,0.12
NASDAQ,FNBN,2001-03-28,0.12
NASDAQ,FNBN,2000-12-27,0.15
NASDAQ,FNBN,2000-09-27,0.12
NASDAQ,FNBN,2000-06-28,0.12
NASDAQ,FNBN,2000-04-07,0.12
NASDAQ,FNBN,1999-12-28,0.15
NASDAQ,FNBN,1999-09-28,0.12
NASDAQ,FNBN,1999-09-24,0.12
NASDAQ,FNBN,1999-06-28,0.12
NASDAQ,FNBN,1999-03-29,0.12
NASDAQ,FNBN,1998-12-28,0.12
NASDAQ,FNBN,1998-09-28,0.1
NASDAQ,FNBN,1998-06-26,0.1
NASDAQ,FNBN,1998-03-26,0.1
NASDAQ,FNBN,1998-02-26,0.09
NASDAQ,FNBN,1997-12-26,0.09
NASDAQ,FNBN,1997-09-26,0.09
NASDAQ,FNBN,1997-06-26,0.09
NASDAQ,FNBN,1997-03-26,0.09
NASDAQ,FNBN,1996-12-26,0.09
NASDAQ,FCHI,2009-12-21,0.131
NASDAQ,FCHI,2009-06-22,0.42
NASDAQ,FFKY,2009-09-11,0.05
NASDAQ,FFKY,2009-06-11,0.19
NASDAQ,FFKY,2009-03-12,0.19
NASDAQ,FFKY,2008-12-11,0.19
NASDAQ,FFKY,2008-09-11,0.19
NASDAQ,FFKY,2008-06-11,0.19
NASDAQ,FFKY,2008-03-12,0.19
NASDAQ,FFKY,2007-12-12,0.19
NASDAQ,FFKY,2007-09-19,0.19
NASDAQ,FFKY,2007-06-19,0.17273
NASDAQ,FFKY,2007-03-13,0.17273
NASDAQ,FFKY,2006-12-13,0.17273
NASDAQ,FFKY,2006-09-19,0.17273
NASDAQ,FFKY,2006-06-13,0.15703
NASDAQ,FFKY,2006-03-13,0.15703
NASDAQ,FFKY,2005-12-13,0.15703
NASDAQ,FFKY,2005-09-13,0.14275
NASDAQ,FFKY,2005-06-13,0.14275
NASDAQ,FFKY,2005-03-11,0.14275
NASDAQ,FFKY,2004-12-13,0.14275
NASDAQ,FFKY,2004-09-13,0.14275
NASDAQ,FFKY,2004-06-14,0.13524
NASDAQ,FFKY,2004-03-17,0.13524
NASDAQ,FFKY,2003-12-11,0.13524
NASDAQ,FFKY,2003-09-11,0.13524
NASDAQ,FFKY,2003-06-11,0.13524
NASDAQ,FFKY,2003-04-24,0.12246
NASDAQ,FFKY,2003-03-12,0.12295
NASDAQ,FFKY,2002-12-11,0.12295
NASDAQ,FFKY,2002-09-11,0.12295
NASDAQ,FFKY,2002-06-12,0.12295
NASDAQ,FFKY,2002-03-13,0.12295
NASDAQ,FFKY,2001-12-12,0.12295
NASDAQ,FFKY,2001-06-13,0.12295
NASDAQ,FFKY,2001-03-13,0.12295
NASDAQ,FFKY,2000-12-13,0.12295
NASDAQ,FFKY,2000-09-13,0.12295
NASDAQ,FFKY,2000-06-13,0.12295
NASDAQ,FFKY,2000-03-13,0.12295
NASDAQ,FFKY,1999-12-13,0.12295
NASDAQ,FFKY,1999-09-13,0.12295
NASDAQ,FFKY,1999-06-11,0.12295
NASDAQ,FFKY,1999-03-11,0.10245
NASDAQ,FFKY,1998-12-29,0.10245
NASDAQ,FFKY,1998-12-11,0.10245
NASDAQ,FFKY,1998-09-11,0.10245
NASDAQ,FFKY,1998-06-11,0.09562
NASDAQ,FFKY,1998-03-11,0.09562
NASDAQ,FFKY,1997-12-11,0.09562
NASDAQ,FFKY,1997-09-11,0.09562
NASDAQ,FFKY,1997-06-11,0.08879
NASDAQ,FFKY,1997-03-12,0.08879
NASDAQ,FFKY,1996-12-12,0.08195
NASDAQ,FFKY,1996-09-11,0.08195
NASDAQ,FFKY,1996-06-12,0.08195
NASDAQ,FFKY,1996-03-13,0.08195
NASDAQ,FFKY,1995-12-13,0.07514
NASDAQ,FFKY,1995-09-13,0.07514
NASDAQ,FDEF,2009-10-07,0.04
NASDAQ,FDEF,2009-07-08,0.085
NASDAQ,FDEF,2009-04-07,0.17
NASDAQ,FDEF,2009-01-07,0.17
NASDAQ,FDEF,2008-10-08,0.26
NASDAQ,FDEF,2008-07-09,0.26
NASDAQ,FDEF,2008-04-09,0.26
NASDAQ,FDEF,2008-01-09,0.26
NASDAQ,FDEF,2007-10-10,0.25
NASDAQ,FDEF,2007-07-11,0.25
NASDAQ,FDEF,2007-04-11,0.25
NASDAQ,FDEF,2007-01-10,0.25
NASDAQ,FDEF,2006-10-11,0.24
NASDAQ,FDEF,2006-07-12,0.24
NASDAQ,FDEF,2006-04-11,0.24
NASDAQ,FDEF,2006-01-11,0.24
NASDAQ,FDEF,2005-10-12,0.22
NASDAQ,FDEF,2005-07-06,0.22
NASDAQ,FDEF,2005-04-06,0.22
NASDAQ,FDEF,2005-01-12,0.22
NASDAQ,FDEF,2004-10-06,0.2
NASDAQ,FDEF,2004-07-07,0.2
NASDAQ,FDEF,2004-04-06,0.2
NASDAQ,FDEF,2004-01-07,0.2
NASDAQ,FDEF,2003-10-08,0.15
NASDAQ,FDEF,2003-07-09,0.15
NASDAQ,FDEF,2003-04-09,0.15
NASDAQ,FDEF,2003-01-08,0.15
NASDAQ,FDEF,2002-10-09,0.13
NASDAQ,FDEF,2002-07-10,0.13
NASDAQ,FDEF,2002-04-10,0.13
NASDAQ,FDEF,2002-01-09,0.13
NASDAQ,FDEF,2001-10-10,0.12
NASDAQ,FDEF,2001-07-11,0.12
NASDAQ,FDEF,2001-04-10,0.12
NASDAQ,FDEF,2001-01-10,0.12
NASDAQ,FDEF,2000-10-11,0.11
NASDAQ,FDEF,2000-07-12,0.11
NASDAQ,FDEF,2000-04-12,0.11
NASDAQ,FDEF,2000-01-12,0.11
NASDAQ,FDEF,1999-10-06,0.1
NASDAQ,FDEF,1999-07-07,0.1
NASDAQ,FDEF,1999-04-07,0.1
NASDAQ,FDEF,1999-01-06,0.1
NASDAQ,FDEF,1998-10-07,0.09
NASDAQ,FDEF,1998-07-07,0.09
NASDAQ,FDEF,1998-04-07,0.09
NASDAQ,FDEF,1998-01-07,0.09
NASDAQ,FDEF,1997-10-08,0.08
NASDAQ,FDEF,1997-07-08,0.08
NASDAQ,FDEF,1997-04-08,0.08
NASDAQ,FDEF,1997-01-08,0.08
NASDAQ,FDEF,1996-10-09,0.07
NASDAQ,FDEF,1996-07-10,0.07
NASDAQ,FDEF,1996-04-10,0.07
NASDAQ,FDEF,1996-01-09,0.15
NASDAQ,FDEF,1995-08-31,0.15
NASDAQ,FDEF,1995-07-10,0.15
NASDAQ,FDEF,1995-04-06,0.15
NASDAQ,FDEF,1995-01-06,0.15
NASDAQ,FDEF,1994-10-05,0.15
NASDAQ,FDEF,1994-07-06,0.15
NASDAQ,FDEF,1994-04-06,0.15
NASDAQ,FDEF,1994-01-06,0.15
NASDAQ,FDEF,1993-10-05,0.125
NASDAQ,FNFG,2010-02-05,0.14
NASDAQ,FNFG,2009-11-06,0.14
NASDAQ,FNFG,2009-07-31,0.14
NASDAQ,FNFG,2009-05-08,0.14
NASDAQ,FNFG,2009-02-06,0.14
NASDAQ,FNFG,2008-10-31,0.14
NASDAQ,FNFG,2008-08-01,0.14
NASDAQ,FNFG,2008-05-09,0.14
NASDAQ,FNFG,2008-02-08,0.14
NASDAQ,FNFG,2007-10-26,0.14
NASDAQ,FNFG,2007-08-03,0.14
NASDAQ,FNFG,2007-05-07,0.13
NASDAQ,FNFG,2007-02-02,0.13
NASDAQ,FNFG,2006-10-27,0.12
NASDAQ,FNFG,2006-08-04,0.12
NASDAQ,FNFG,2006-05-08,0.11
NASDAQ,FNFG,2006-02-03,0.11
NASDAQ,FNFG,2005-10-28,0.1
NASDAQ,FNFG,2005-08-05,0.1
NASDAQ,FNFG,2005-05-06,0.09
NASDAQ,FNFG,2005-02-04,0.09
NASDAQ,FNFG,2004-10-29,0.08
NASDAQ,FNFG,2004-07-30,0.08
NASDAQ,FNFG,2004-05-07,0.07
NASDAQ,FNFG,2004-02-06,0.07
NASDAQ,FNFG,2003-10-31,0.06
NASDAQ,FNFG,2003-07-25,0.06
NASDAQ,FNFG,2003-04-25,0.05
NASDAQ,FNFG,2003-02-07,0.05
NASDAQ,FNFG,2002-10-25,0.04252
NASDAQ,FNFG,2002-07-26,0.04252
NASDAQ,FNFG,2002-04-26,0.04252
NASDAQ,FNFG,2002-02-01,0.03866
NASDAQ,FNFG,2001-10-26,0.03866
NASDAQ,FNFG,2001-07-27,0.03479
NASDAQ,FNFG,2001-05-04,0.03479
NASDAQ,FNFG,2001-02-02,0.03093
NASDAQ,FNFG,2000-10-27,0.03093
NASDAQ,FNFG,2000-07-28,0.02706
NASDAQ,FNFG,2000-05-02,0.02706
NASDAQ,FNFG,2000-02-07,0.02319
NASDAQ,FNFG,1999-10-29,0.02319
NASDAQ,FNFG,1999-06-25,0.01546
NASDAQ,FNFG,1999-03-26,0.01546
NASDAQ,FNFG,1998-12-24,0.0116
NASDAQ,FNFG,1998-09-25,0.0116
NASDAQ,FMBI,2009-12-16,0.01
NASDAQ,FMBI,2009-09-23,0.01
NASDAQ,FMBI,2009-06-24,0.01
NASDAQ,FMBI,2009-03-25,0.01
NASDAQ,FMBI,2009-03-04,0.0
NASDAQ,FMBI,2008-12-17,0.225
NASDAQ,FMBI,2008-09-24,0.31
NASDAQ,FMBI,2008-06-25,0.31
NASDAQ,FMBI,2008-03-26,0.31
NASDAQ,FMBI,2007-12-19,0.31
NASDAQ,FMBI,2007-09-26,0.295
NASDAQ,FMBI,2007-06-27,0.295
NASDAQ,FMBI,2007-03-28,0.295
NASDAQ,FMBI,2006-12-20,0.295
NASDAQ,FMBI,2006-09-27,0.275
NASDAQ,FMBI,2006-06-28,0.275
NASDAQ,FMBI,2006-03-22,0.275
NASDAQ,FMBI,2005-12-21,0.275
NASDAQ,FMBI,2005-09-28,0.25
NASDAQ,FMBI,2005-06-22,0.25
NASDAQ,FMBI,2005-03-22,0.24
NASDAQ,FMBI,2004-12-21,0.24
NASDAQ,FMBI,2004-09-22,0.22
NASDAQ,FMBI,2004-06-23,0.22
NASDAQ,FMBI,2004-03-24,0.22
NASDAQ,FMBI,2003-12-23,0.22
NASDAQ,FMBI,2003-09-24,0.19
NASDAQ,FMBI,2003-06-25,0.19
NASDAQ,FMBI,2003-03-26,0.19
NASDAQ,FMBI,2002-12-24,0.19
NASDAQ,FMBI,2002-09-25,0.17
NASDAQ,FMBI,2002-06-26,0.17
NASDAQ,FMBI,2002-03-26,0.17
NASDAQ,FMBI,2001-12-26,0.17
NASDAQ,FMBI,2001-09-26,0.16
NASDAQ,FMBI,2001-06-27,0.16
NASDAQ,FMBI,2001-03-28,0.16
NASDAQ,FMBI,2000-12-27,0.16
NASDAQ,FMBI,2000-09-27,0.144
NASDAQ,FMBI,2000-06-28,0.144
NASDAQ,FMBI,2000-03-29,0.144
NASDAQ,FMBI,1999-12-29,0.144
NASDAQ,FMBI,1999-09-22,0.128
NASDAQ,FMBI,1999-06-23,0.128
NASDAQ,FMBI,1999-03-24,0.128
NASDAQ,FMBI,1998-12-22,0.128
NASDAQ,FMBI,1998-09-23,0.12
NASDAQ,FMBI,1998-07-06,0.12
NASDAQ,FMBI,1998-03-25,0.12
NASDAQ,FMBI,1997-12-23,0.12
NASDAQ,FMBI,1997-09-26,0.10666
NASDAQ,FMBI,1997-06-25,0.10666
NASDAQ,FMBI,1997-03-25,0.10666
NASDAQ,FMBI,1996-12-24,0.10666
NASDAQ,FMBI,1996-09-10,0.0896
NASDAQ,FMBI,1996-06-10,0.0896
NASDAQ,FMBI,1996-03-11,0.0896
NASDAQ,FMBI,1995-12-08,0.08106
NASDAQ,FMBI,1995-09-11,0.08106
NASDAQ,FMBI,1995-06-12,0.08106
NASDAQ,FMBI,1995-03-09,0.08106
NASDAQ,FMBI,1994-12-19,0.07254
NASDAQ,FMBI,1994-09-20,0.07254
NASDAQ,FMBI,1994-06-20,0.07254
NASDAQ,FMBI,1994-03-21,0.07254
NASDAQ,FMBI,1993-12-20,0.064
NASDAQ,FMBI,1993-09-20,0.064
NASDAQ,FMBI,1993-06-18,0.064
NASDAQ,FMBI,1993-03-19,0.064
NASDAQ,FMBI,1992-12-18,0.05546
NASDAQ,FMBI,1992-09-18,0.05546
NASDAQ,FMBI,1992-06-18,0.05546
NASDAQ,FMBI,1992-03-19,0.05546
NASDAQ,FMBI,1991-12-18,0.05546
NASDAQ,FMBI,1991-09-18,0.05546
NASDAQ,FMBI,1991-06-18,0.05546
NASDAQ,FMBI,1991-03-19,0.05546
NASDAQ,FMBI,1990-12-19,0.05546
NASDAQ,FMBI,1990-09-20,0.05546
NASDAQ,FMBI,1990-06-21,0.05546
NASDAQ,FISI,2009-12-11,0.1
NASDAQ,FISI,2009-09-14,0.1
NASDAQ,FISI,2009-06-11,0.1
NASDAQ,FISI,2009-03-12,0.1
NASDAQ,FISI,2008-12-11,0.1
NASDAQ,FISI,2008-09-11,0.15
NASDAQ,FISI,2008-06-12,0.15
NASDAQ,FISI,2008-03-13,0.14
NASDAQ,FISI,2007-12-13,0.13
NASDAQ,FISI,2007-09-12,0.12
NASDAQ,FISI,2007-06-13,0.11
NASDAQ,FISI,2007-03-14,0.1
NASDAQ,FISI,2006-12-13,0.09
NASDAQ,FISI,2006-09-13,0.09
NASDAQ,FISI,2006-06-13,0.08
NASDAQ,FISI,2006-03-13,0.08
NASDAQ,FISI,2005-12-15,0.08
NASDAQ,FISI,2005-09-15,0.08
NASDAQ,FISI,2005-06-16,0.08
NASDAQ,FISI,2005-03-16,0.16
NASDAQ,FISI,2004-12-16,0.16
NASDAQ,FISI,2004-09-23,0.16
NASDAQ,FISI,2004-06-17,0.16
NASDAQ,FISI,2004-03-18,0.16
NASDAQ,FISI,2003-12-15,0.16
NASDAQ,FISI,2003-09-15,0.16
NASDAQ,FISI,2003-06-13,0.16
NASDAQ,FISI,2003-03-10,0.16
NASDAQ,FISI,2002-12-16,0.16
NASDAQ,FISI,2002-09-12,0.15
NASDAQ,FISI,2002-06-17,0.14
NASDAQ,FISI,2002-03-14,0.13
NASDAQ,FISI,2001-12-12,0.13
NASDAQ,FISI,2001-06-13,0.12
NASDAQ,FISI,2001-03-14,0.11
NASDAQ,FISI,2000-12-13,0.11
NASDAQ,FISI,2000-09-13,0.11
NASDAQ,FISI,2000-06-14,0.1
NASDAQ,FISI,2000-03-15,0.1
NASDAQ,FISI,1999-12-15,0.08
NASDAQ,FISI,1999-09-15,0.08
NASDAQ,FBIZ,2009-12-29,0.07
NASDAQ,FBIZ,2009-09-29,0.07
NASDAQ,FBIZ,2009-06-29,0.07
NASDAQ,FBIZ,2009-03-30,0.07
NASDAQ,FBIZ,2008-12-29,0.07
NASDAQ,FBIZ,2008-09-29,0.07
NASDAQ,FBIZ,2008-06-27,0.07
NASDAQ,FBIZ,2008-03-28,0.07
NASDAQ,FBIZ,2007-12-27,0.065
NASDAQ,FBIZ,2007-09-27,0.065
NASDAQ,FBIZ,2007-06-27,0.065
NASDAQ,FBIZ,2007-03-28,0.065
NASDAQ,FBIZ,2006-12-27,0.06
NASDAQ,FBIZ,2006-09-27,0.06
NASDAQ,FBIZ,2006-06-28,0.06
NASDAQ,FBIZ,2006-03-29,0.06
NASDAQ,FBIZ,2005-12-28,0.06
NASDAQ,FFBC,2009-12-02,0.1
NASDAQ,FFBC,2009-09-02,0.1
NASDAQ,FFBC,2009-06-03,0.1
NASDAQ,FFBC,2009-03-04,0.1
NASDAQ,FFBC,2008-12-03,0.17
NASDAQ,FFBC,2008-09-03,0.17
NASDAQ,FFBC,2008-05-30,0.17
NASDAQ,FFBC,2008-03-05,0.17
NASDAQ,FFBC,2007-12-05,0.17
NASDAQ,FFBC,2007-09-05,0.16
NASDAQ,FFBC,2007-05-30,0.16
NASDAQ,FFBC,2007-03-07,0.16
NASDAQ,FFBC,2006-12-06,0.16
NASDAQ,FFBC,2006-08-30,0.16
NASDAQ,FFBC,2006-06-08,0.16
NASDAQ,FFBC,2006-03-08,0.16
NASDAQ,FFBC,2005-11-29,0.16
NASDAQ,FFBC,2005-08-31,0.16
NASDAQ,FFBC,2005-06-01,0.16
NASDAQ,FFBC,2005-03-02,0.16
NASDAQ,FFBC,2004-12-01,0.15
NASDAQ,FFBC,2004-09-01,0.15
NASDAQ,FFBC,2004-06-02,0.15
NASDAQ,FFBC,2004-03-03,0.15
NASDAQ,FFBC,2003-12-03,0.15
NASDAQ,FFBC,2003-09-03,0.15
NASDAQ,FFBC,2003-06-04,0.15
NASDAQ,FFBC,2003-03-05,0.15
NASDAQ,FFBC,2002-12-04,0.15
NASDAQ,FFBC,2002-09-04,0.15
NASDAQ,FFBC,2002-06-05,0.15
NASDAQ,FFBC,2002-03-06,0.15
NASDAQ,FFBC,2001-12-05,0.15
NASDAQ,FFBC,2001-09-05,0.15
NASDAQ,FFBC,2001-05-30,0.15
NASDAQ,FFBC,2001-03-07,0.15
NASDAQ,FFBC,2000-12-06,0.14286
NASDAQ,FFBC,2000-08-30,0.14286
NASDAQ,FFBC,2000-05-31,0.14286
NASDAQ,FFBC,2000-03-01,0.14286
NASDAQ,FFBC,1999-12-01,0.14286
NASDAQ,FFBC,1999-09-01,0.12987
NASDAQ,FFBC,1999-06-02,0.12987
NASDAQ,FFBC,1999-03-03,0.12987
NASDAQ,FFBC,1998-12-02,0.12987
NASDAQ,FFBC,1998-09-02,0.11806
NASDAQ,FFBC,1998-06-03,0.11806
NASDAQ,FFBC,1997-12-03,0.11806
NASDAQ,FFBC,1997-09-03,0.0913
NASDAQ,FFBC,1997-06-04,0.10732
NASDAQ,FFBC,1997-03-05,0.10732
NASDAQ,FFBC,1996-12-04,0.10732
NASDAQ,FFBC,1996-10-02,0.0973
NASDAQ,FFBC,1996-10-01,0.09757
NASDAQ,FFBC,1996-09-04,0.09757
NASDAQ,FFBC,1996-06-05,0.09757
NASDAQ,FFBC,1996-03-06,0.09757
NASDAQ,FFBC,1995-12-06,0.09757
NASDAQ,FFBC,1995-09-06,0.08456
NASDAQ,FFBC,1995-08-11,0.07805
NASDAQ,FFBC,1995-06-06,0.07805
NASDAQ,FFBC,1995-04-24,0.07805
NASDAQ,FFBC,1995-03-06,0.06766
NASDAQ,FFBC,1994-12-05,0.06766
NASDAQ,FFBC,1994-09-02,0.07026
NASDAQ,FFBC,1994-07-26,0.07026
NASDAQ,FFBC,1994-06-06,0.07026
NASDAQ,FFBC,1994-02-23,0.07026
NASDAQ,FFBC,1993-12-06,0.0644
NASDAQ,FFBC,1993-09-01,0.0644
NASDAQ,FFBC,1993-05-28,0.0644
NASDAQ,FFBC,1993-03-01,0.0644
NASDAQ,FFBC,1992-12-03,0.05854
NASDAQ,FFBC,1992-11-09,0.0644
NASDAQ,FFBC,1992-09-03,0.0644
NASDAQ,FFBC,1992-06-04,0.0644
NASDAQ,FFBC,1992-03-02,0.05854
NASDAQ,FFBC,1991-12-03,0.05854
NASDAQ,FFBC,1991-09-03,0.0644
NASDAQ,FFBC,1991-06-03,0.0644
NASDAQ,FFBC,1991-03-04,0.0644
NASDAQ,FFBC,1990-12-03,0.05854
NASDAQ,FFBC,1990-08-31,0.05854
NASDAQ,FRCCO,2009-12-16,0.453
NASDAQ,FRCCO,2009-09-16,0.453
NASDAQ,FRCCO,2009-06-17,0.453
NASDAQ,FRCCO,2009-03-18,0.453
NASDAQ,FRCCO,2008-12-17,0.453
NASDAQ,FRCCO,2008-09-17,0.453
NASDAQ,FRCCO,2008-06-18,0.453
NASDAQ,FRCCO,2008-03-14,0.453
NASDAQ,FRCCO,2007-12-14,0.453
NASDAQ,FRCCO,2007-09-14,0.453
NASDAQ,FRCCO,2007-06-15,0.453
NASDAQ,FRCCO,2007-03-16,0.453
NASDAQ,FRCCO,2006-12-15,0.453
NASDAQ,FRCCO,2006-09-15,0.453
NASDAQ,FRCCO,2006-06-16,0.453
NASDAQ,FRCCO,2006-03-16,0.453
NASDAQ,FRCCO,2005-12-16,0.453
NASDAQ,FRCCO,2005-09-16,0.453
NASDAQ,FRCCO,2005-06-16,0.453
NASDAQ,FRCCO,2005-03-16,0.453
NASDAQ,FRCCO,2004-12-16,0.453
NASDAQ,FRCCO,2004-09-16,0.453
NASDAQ,FRCCO,2004-06-16,0.453
NASDAQ,FRCCO,2004-03-17,0.453
NASDAQ,FRCCO,2003-12-17,0.453
NASDAQ,FCAP,2009-12-14,0.18
NASDAQ,FCAP,2009-09-14,0.18
NASDAQ,FCAP,2009-06-12,0.18
NASDAQ,FCAP,2009-03-13,0.18
NASDAQ,FCAP,2008-12-12,0.18
NASDAQ,FCAP,2008-09-12,0.18
NASDAQ,FCAP,2008-06-12,0.18
NASDAQ,FCAP,2008-03-13,0.17
NASDAQ,FCAP,2007-12-13,0.17
NASDAQ,FCAP,2007-09-12,0.17
NASDAQ,FCAP,2007-06-13,0.17
NASDAQ,FCAP,2007-03-14,0.17
NASDAQ,FCAP,2006-12-13,0.17
NASDAQ,FCAP,2006-09-13,0.17
NASDAQ,FCAP,2006-06-14,0.15455
NASDAQ,FCAP,2006-03-14,0.15455
NASDAQ,FCAP,2005-12-14,0.14545
NASDAQ,FCAP,2005-09-14,0.14545
NASDAQ,FCAP,2005-06-14,0.13636
NASDAQ,FCAP,2005-03-14,0.13636
NASDAQ,FCAP,2004-12-14,0.13636
NASDAQ,FCAP,2004-09-14,0.13636
NASDAQ,FCAP,2004-06-14,0.13636
NASDAQ,FCAP,2004-03-15,0.13636
NASDAQ,FCAP,2003-12-12,0.13636
NASDAQ,FCAP,2003-09-12,0.12727
NASDAQ,FCAP,2003-06-12,0.12727
NASDAQ,FCAP,2003-03-13,0.11818
NASDAQ,FCAP,2002-12-12,0.11818
NASDAQ,FCAP,2002-09-12,0.11818
NASDAQ,FCAP,2002-06-12,0.11818
NASDAQ,FCAP,2002-03-13,0.11818
NASDAQ,FCAP,2001-12-12,0.11818
NASDAQ,FCAP,2001-06-13,0.10909
NASDAQ,FCAP,2001-03-14,0.1
NASDAQ,FCAP,2000-12-13,0.1
NASDAQ,FCAP,2000-09-13,0.09091
NASDAQ,FCAP,2000-06-14,0.09091
NASDAQ,FCAP,2000-03-15,0.09091
NASDAQ,FCAP,1999-12-15,0.09091
NASDAQ,FCAP,1999-09-15,0.09091
NASDAQ,FCAP,1999-06-15,0.16
NASDAQ,FCAP,1999-03-16,0.15909
NASDAQ,FSCI,2008-08-13,3.5
NASDAQ,FSCI,2002-05-22,0.26
NASDAQ,FSCI,2002-02-20,0.26
NASDAQ,FSCI,2001-11-20,0.26
NASDAQ,FSCI,2001-10-19,0.26
NASDAQ,FSCI,2001-08-22,0.26
NASDAQ,FSCI,2001-05-16,0.26
NASDAQ,FMAR,2000-02-10,0.02
NASDAQ,FMAR,1999-11-12,0.02
NASDAQ,FREE,2008-11-20,0.075
NASDAQ,FREE,2008-08-18,0.2
NASDAQ,FREE,2008-05-16,0.175
NASDAQ,FREE,2008-02-13,0.175
NASDAQ,FELE,2009-11-09,0.125
NASDAQ,FELE,2009-08-11,0.125
NASDAQ,FELE,2009-05-12,0.125
NASDAQ,FELE,2009-02-10,0.125
NASDAQ,FELE,2008-11-04,0.125
NASDAQ,FELE,2008-08-05,0.125
NASDAQ,FELE,2008-05-06,0.125
NASDAQ,FELE,2008-02-05,0.12
NASDAQ,FELE,2007-10-30,0.12
NASDAQ,FELE,2007-07-31,0.12
NASDAQ,FELE,2007-05-08,0.12
NASDAQ,FELE,2007-02-06,0.11
NASDAQ,FELE,2006-10-31,0.11
NASDAQ,FELE,2006-08-01,0.11
NASDAQ,FELE,2006-05-09,0.11
NASDAQ,FELE,2006-02-07,0.1
NASDAQ,FELE,2005-11-01,0.1
NASDAQ,FELE,2005-08-02,0.1
NASDAQ,FELE,2005-05-10,0.1
NASDAQ,FELE,2005-02-08,0.08
NASDAQ,FELE,2004-11-02,0.08
NASDAQ,FELE,2004-08-03,0.08
NASDAQ,FELE,2004-05-13,0.08
NASDAQ,FELE,2004-02-10,0.07
NASDAQ,FELE,2003-11-04,0.07
NASDAQ,FELE,2003-08-05,0.07
NASDAQ,FELE,2003-05-06,0.07
NASDAQ,FELE,2003-02-11,0.065
NASDAQ,FELE,2002-11-05,0.065
NASDAQ,FELE,2002-08-06,0.065
NASDAQ,FELE,2002-05-07,0.065
NASDAQ,FELE,2002-02-12,0.06
NASDAQ,FELE,2001-11-07,0.06
NASDAQ,FELE,2001-08-08,0.06
NASDAQ,FELE,2001-05-09,0.06
NASDAQ,FELE,2001-02-07,0.055
NASDAQ,FELE,2000-11-08,0.055
NASDAQ,FELE,2000-08-02,0.055
NASDAQ,FELE,2000-05-03,0.055
NASDAQ,FELE,2000-02-09,0.05
NASDAQ,FELE,1999-11-03,0.05
NASDAQ,FELE,1999-08-04,0.05
NASDAQ,FELE,1999-05-05,0.05
NASDAQ,FELE,1999-02-10,0.0425
NASDAQ,FELE,1998-11-04,0.0425
NASDAQ,FELE,1998-08-05,0.0425
NASDAQ,FELE,1998-05-06,0.0425
NASDAQ,FELE,1998-02-11,0.0375
NASDAQ,FELE,1997-11-05,0.0375
NASDAQ,FELE,1997-08-06,0.0375
NASDAQ,FELE,1997-05-07,0.0375
NASDAQ,FELE,1997-02-12,0.03
NASDAQ,FELE,1996-11-06,0.03
NASDAQ,FELE,1996-08-07,0.03
NASDAQ,FELE,1996-05-08,0.03
NASDAQ,FELE,1996-02-07,0.025
NASDAQ,FELE,1995-11-08,0.025
NASDAQ,FELE,1995-08-09,0.025
NASDAQ,FELE,1995-05-08,0.025
NASDAQ,FELE,1995-02-06,0.02
NASDAQ,FELE,1994-11-04,0.02
NASDAQ,FELE,1994-08-08,0.02
NASDAQ,FELE,1994-05-09,0.02
NASDAQ,FELE,1994-02-07,0.0125
NASDAQ,FELE,1993-11-05,0.0125
NASDAQ,FELE,1993-08-09,0.0125
NASDAQ,FELE,1993-05-10,0.003
NASDAQ,FCNCA,2009-12-17,0.3
NASDAQ,FCNCA,2009-09-17,0.3
NASDAQ,FCNCA,2009-06-11,0.3
NASDAQ,FCNCA,2009-03-12,0.3
NASDAQ,FCNCA,2008-12-11,0.275
NASDAQ,FCNCA,2008-09-11,0.275
NASDAQ,FCNCA,2008-06-12,0.275
NASDAQ,FCNCA,2008-03-13,0.275
NASDAQ,FCNCA,2007-12-13,0.275
NASDAQ,FCNCA,2007-09-13,0.275
NASDAQ,FCNCA,2007-06-14,0.275
NASDAQ,FCNCA,2007-03-15,0.275
NASDAQ,FCNCA,2006-12-14,0.275
NASDAQ,FCNCA,2006-09-14,0.275
NASDAQ,FCNCA,2006-06-15,0.275
NASDAQ,FCNCA,2006-03-16,0.275
NASDAQ,FCNCA,2005-12-15,0.275
NASDAQ,FCNCA,2005-09-15,0.275
NASDAQ,FCNCA,2005-06-16,0.275
NASDAQ,FCNCA,2005-03-17,0.275
NASDAQ,FCNCA,2004-12-16,0.275
NASDAQ,FCNCA,2004-09-16,0.275
NASDAQ,FCNCA,2004-06-17,0.275
NASDAQ,FCNCA,2004-03-11,0.275
NASDAQ,FCNCA,2003-12-11,0.275
NASDAQ,FCNCA,2003-09-11,0.275
NASDAQ,FCNCA,2003-06-12,0.275
NASDAQ,FCNCA,2003-03-13,0.275
NASDAQ,FCNCA,2002-12-12,0.25
NASDAQ,FCNCA,2002-09-12,0.25
NASDAQ,FCNCA,2002-06-13,0.25
NASDAQ,FCNCA,2002-03-14,0.25
NASDAQ,FCNCA,2001-12-13,0.25
NASDAQ,FCNCA,2001-09-18,0.25
NASDAQ,FCNCA,2001-06-14,0.25
NASDAQ,FCNCA,2001-03-15,0.25
NASDAQ,FCNCA,2000-12-14,0.25
NASDAQ,FCNCA,2000-09-14,0.25
NASDAQ,FCNCA,2000-06-15,0.25
NASDAQ,FCNCA,2000-03-16,0.25
NASDAQ,FCNCA,1999-12-16,0.25
NASDAQ,FCNCA,1999-09-16,0.25
NASDAQ,FCNCA,1999-06-17,0.25
NASDAQ,FCNCA,1999-03-11,0.25
NASDAQ,FCNCA,1998-12-17,0.25
NASDAQ,FCNCA,1998-09-17,0.25
NASDAQ,FCNCA,1998-06-11,0.25
NASDAQ,FCNCA,1998-03-12,0.25
NASDAQ,FCNCA,1997-12-11,0.25
NASDAQ,FCNCA,1997-09-11,0.25
NASDAQ,FCNCA,1997-06-12,0.25
NASDAQ,FCNCA,1997-03-13,0.25
NASDAQ,FCNCA,1996-12-12,0.25
NASDAQ,FCNCA,1996-09-12,0.225
NASDAQ,FCNCA,1996-06-13,0.225
NASDAQ,FCNCA,1996-03-14,0.225
NASDAQ,FCNCA,1995-12-14,0.225
NASDAQ,FCNCA,1995-09-14,0.2
NASDAQ,FCNCA,1995-06-15,0.2
NASDAQ,FCNCA,1995-03-14,0.2
NASDAQ,FCNCA,1994-12-09,0.2
NASDAQ,FCNCA,1994-09-13,0.175
NASDAQ,FCNCA,1994-06-14,0.175
NASDAQ,FCNCA,1994-03-15,0.175
NASDAQ,FCNCA,1993-12-14,0.175
NASDAQ,FCNCA,1993-09-14,0.15
NASDAQ,FCNCA,1993-06-15,0.15
NASDAQ,FCNCA,1993-03-09,0.15
NASDAQ,FCNCA,1992-12-15,0.15
NASDAQ,FCNCA,1992-09-15,0.125
NASDAQ,FCNCA,1992-06-09,0.125
NASDAQ,FCNCA,1992-03-10,0.125
NASDAQ,FFNW,2010-02-01,0.085
NASDAQ,FFNW,2009-11-02,0.085
NASDAQ,FFNW,2009-07-27,0.085
NASDAQ,FFNW,2009-04-27,0.085
NASDAQ,FFNW,2009-02-02,0.085
NASDAQ,FFNW,2008-10-17,0.085
NASDAQ,FFNW,2008-07-17,0.08
NASDAQ,FFNW,2008-04-17,0.075
NASDAQ,FBMS,2008-07-30,0.075
NASDAQ,FBMS,2008-05-01,0.075
NASDAQ,FBMS,2008-01-30,0.075
NASDAQ,FBMS,2007-11-06,0.075
NASDAQ,FBMS,2007-08-06,0.075
NASDAQ,FBMS,2007-04-27,0.075
NASDAQ,FBMS,2007-02-01,0.3
NASDAQ,FBMS,2006-01-26,0.16
NASDAQ,FBMS,2005-03-09,0.05
NASDAQ,FFBH,2009-09-03,0.01
NASDAQ,FFBH,2009-06-04,0.01
NASDAQ,FFBH,2009-03-19,0.01
NASDAQ,FFBH,2008-11-28,0.16
NASDAQ,FFBH,2008-09-05,0.16
NASDAQ,FFBH,2008-06-03,0.16
NASDAQ,FFBH,2008-03-05,0.16
NASDAQ,FFBH,2007-12-05,0.16
NASDAQ,FFBH,2007-09-05,0.16
NASDAQ,FFBH,2007-06-06,0.16
NASDAQ,FFBH,2007-03-08,0.16
NASDAQ,FFBH,2006-12-06,0.15
NASDAQ,FFBH,2006-08-31,0.15
NASDAQ,FFBH,2006-06-02,0.14
NASDAQ,FFBH,2006-03-09,0.14
NASDAQ,FFBH,2005-12-07,0.13
NASDAQ,FFBH,2005-09-06,0.13
NASDAQ,FFBH,2005-06-06,0.12
NASDAQ,FFBH,2005-03-10,0.12
NASDAQ,FFBH,2004-12-08,0.11
NASDAQ,FFBH,2004-09-07,0.11
NASDAQ,FFBH,2004-06-08,0.1
NASDAQ,FFBH,2004-03-09,0.1
NASDAQ,FFBH,2003-12-03,0.09
NASDAQ,FFBH,2003-09-05,0.09
NASDAQ,FFBH,2003-06-06,0.08
NASDAQ,FFBH,2003-03-06,0.08
NASDAQ,FFBH,2002-11-29,0.07
NASDAQ,FFBH,2002-09-06,0.07
NASDAQ,FFBH,2002-06-04,0.06
NASDAQ,FFBH,2002-03-07,0.06
NASDAQ,FFBH,2001-11-30,0.055
NASDAQ,FFBH,2001-09-07,0.055
NASDAQ,FFBH,2001-06-05,0.055
NASDAQ,FFBH,2001-03-07,0.055
NASDAQ,FFBH,2000-12-07,0.05
NASDAQ,FFBH,2000-09-07,0.05
NASDAQ,FFBH,2000-06-07,0.05
NASDAQ,FFBH,2000-03-08,0.05
NASDAQ,FFBH,1999-12-03,0.035
NASDAQ,FFBH,1999-09-07,0.035
NASDAQ,FFBH,1999-06-08,0.035
NASDAQ,FFBH,1999-03-08,0.035
NASDAQ,FFBH,1998-12-03,0.035
NASDAQ,FFBH,1998-09-08,0.035
NASDAQ,FFBH,1998-06-08,0.035
NASDAQ,FFBH,1998-03-10,0.035
NASDAQ,FFBH,1997-12-02,0.03
NASDAQ,FFBH,1997-09-10,0.03
NASDAQ,FFBH,1997-06-09,0.025
NASDAQ,FNLC,2010-01-05,0.195
NASDAQ,FNLC,2009-10-01,0.195
NASDAQ,FNLC,2009-07-01,0.195
NASDAQ,FNLC,2009-04-02,0.195
NASDAQ,FNLC,2008-12-31,0.195
NASDAQ,FNLC,2008-10-02,0.195
NASDAQ,FNLC,2008-07-02,0.19
NASDAQ,FNLC,2008-04-03,0.185
NASDAQ,FNLC,2008-01-03,0.18
NASDAQ,FNLC,2007-10-04,0.175
NASDAQ,FNLC,2007-07-05,0.17
NASDAQ,FNLC,2007-04-04,0.165
NASDAQ,FNLC,2007-01-04,0.16
NASDAQ,FNLC,2006-10-04,0.155
NASDAQ,FNLC,2006-07-05,0.15
NASDAQ,FNLC,2006-04-05,0.145
NASDAQ,FNLC,2006-01-05,0.14
NASDAQ,FNLC,2005-10-05,0.135
NASDAQ,FNLC,2005-07-06,0.13
NASDAQ,FNLC,2005-04-06,0.125
NASDAQ,FNLC,2005-01-05,0.12
NASDAQ,FNLC,2004-10-06,0.115
NASDAQ,FNLC,2004-07-07,0.11
NASDAQ,FNLC,2004-04-06,0.10333
NASDAQ,FNLC,2004-01-07,0.1
NASDAQ,FNLC,2003-10-07,0.09667
NASDAQ,FNLC,2003-07-03,0.09333
NASDAQ,FNLC,2003-04-03,0.09
NASDAQ,FNLC,2003-01-02,0.08667
NASDAQ,FNLC,2002-10-03,0.08333
NASDAQ,FNLC,2002-07-02,0.08
NASDAQ,FNLC,2002-04-10,0.07667
NASDAQ,FNLC,2002-01-03,0.07333
NASDAQ,FNLC,2001-10-03,0.07
NASDAQ,FNLC,2001-07-03,0.06667
NASDAQ,FNLC,2001-03-29,0.06333
NASDAQ,FNLC,2000-12-28,0.06
NASDAQ,FNLC,2000-10-03,0.05667
NASDAQ,FNLC,2000-06-28,0.05333
NASDAQ,FNLC,2000-04-03,0.05
NASDAQ,FNLC,1999-12-29,0.04667
NASDAQ,FNLC,1999-09-28,0.04333
NASDAQ,FFHS,2009-01-07,0.045
NASDAQ,FFHS,2008-10-08,0.045
NASDAQ,FFHS,2008-07-01,0.09
NASDAQ,FFHS,2008-04-02,0.09
NASDAQ,FFHS,2008-01-02,0.09
NASDAQ,FFHS,2007-10-03,0.09
NASDAQ,FFHS,2007-07-03,0.09
NASDAQ,FFHS,2007-04-03,0.09
NASDAQ,FFHS,2007-01-03,0.09
NASDAQ,FFHS,2006-10-04,0.09
NASDAQ,FFHS,2006-07-05,0.09
NASDAQ,FFHS,2006-04-03,0.09
NASDAQ,FFHS,2005-12-30,0.09
NASDAQ,FFHS,2005-10-03,0.08
NASDAQ,FFHS,2005-07-01,0.08
NASDAQ,FFHS,2005-04-04,0.08
NASDAQ,FFHS,2005-01-03,0.08
NASDAQ,FFHS,2004-10-01,0.08
NASDAQ,FFHS,2004-07-01,0.08
NASDAQ,FFHS,2004-03-31,0.08
NASDAQ,FFHS,2003-12-30,0.08
NASDAQ,FFHS,2003-10-01,0.08
NASDAQ,FFHS,2003-07-01,0.075
NASDAQ,FFHS,2003-04-02,0.075
NASDAQ,FFHS,2002-12-31,0.075
NASDAQ,FFHS,2002-10-02,0.075
NASDAQ,FFHS,2002-07-02,0.075
NASDAQ,FFHS,2002-04-03,0.075
NASDAQ,FFHS,2002-01-02,0.075
NASDAQ,FFHS,2001-10-03,0.075
NASDAQ,FFHS,2001-07-03,0.075
NASDAQ,FFHS,2001-04-04,0.075
NASDAQ,FFHS,2001-01-03,0.075
NASDAQ,FFHS,2000-10-04,0.075
NASDAQ,FFHS,2000-07-03,0.075
NASDAQ,FFHS,2000-03-29,0.075
NASDAQ,FFHS,1999-12-29,0.075
NASDAQ,FFHS,1999-09-29,0.075
NASDAQ,FFHS,1999-06-30,0.076
NASDAQ,FFHS,1999-03-30,0.075
NASDAQ,FFHS,1998-12-30,0.075
NASDAQ,FFHS,1998-09-30,0.075
NASDAQ,FFHS,1998-06-30,0.075
NASDAQ,FFHS,1998-04-01,0.06667
NASDAQ,FFHS,1997-12-30,0.06667
NASDAQ,FFHS,1997-10-01,0.06667
NASDAQ,FFHS,1997-07-01,0.05333
NASDAQ,FFHS,1997-04-02,0.05333
NASDAQ,FFHS,1996-12-31,0.05333
NASDAQ,FFHS,1996-10-02,0.05333
NASDAQ,FFHS,1996-07-02,0.05333
NASDAQ,FFHS,1996-04-02,0.04667
NASDAQ,FFHS,1996-01-03,0.04667
NASDAQ,FFHS,1995-10-04,0.04667
NASDAQ,FFHS,1995-07-05,0.04667
NASDAQ,FFHS,1995-04-03,0.04667
NASDAQ,FFHS,1995-01-03,0.04167
NASDAQ,FFHS,1994-10-03,0.04167
NASDAQ,FFHS,1994-07-01,0.04167
NASDAQ,FFHS,1994-04-05,0.04167
NASDAQ,FFHS,1994-01-03,0.04167
NASDAQ,FFHS,1993-10-07,0.04167
NASDAQ,FFHS,1993-07-02,0.04167
NASDAQ,FFHS,1993-04-02,0.04167
NASDAQ,FBNC,2009-12-29,0.08
NASDAQ,FBNC,2009-09-28,0.08
NASDAQ,FBNC,2009-06-26,0.08
NASDAQ,FBNC,2009-03-27,0.08
NASDAQ,FBNC,2008-12-29,0.19
NASDAQ,FBNC,2008-09-26,0.19
NASDAQ,FBNC,2008-06-26,0.19
NASDAQ,FBNC,2008-03-27,0.19
NASDAQ,FBNC,2007-12-27,0.19
NASDAQ,FBNC,2007-09-26,0.19
NASDAQ,FBNC,2007-06-27,0.19
NASDAQ,FBNC,2007-03-28,0.19
NASDAQ,FBNC,2006-12-27,0.19
NASDAQ,FBNC,2006-09-27,0.19
NASDAQ,FBNC,2006-06-28,0.18
NASDAQ,FBNC,2006-03-29,0.18
NASDAQ,FBNC,2005-12-28,0.18
NASDAQ,FBNC,2005-09-28,0.18
NASDAQ,FBNC,2005-06-28,0.17
NASDAQ,FBNC,2005-03-29,0.17
NASDAQ,FBNC,2004-12-29,0.17
NASDAQ,FBNC,2004-09-28,0.16667
NASDAQ,FBNC,2004-06-28,0.16
NASDAQ,FBNC,2004-03-29,0.16
NASDAQ,FBNC,2003-12-29,0.16
NASDAQ,FBNC,2003-09-26,0.16
NASDAQ,FBNC,2003-06-26,0.15333
NASDAQ,FBNC,2003-03-27,0.15333
NASDAQ,FBNC,2002-12-27,0.15333
NASDAQ,FBNC,2002-10-02,0.15333
NASDAQ,FBNC,2002-07-02,0.14667
NASDAQ,FBNC,2002-03-26,0.14667
NASDAQ,FBNC,2001-12-27,0.14667
NASDAQ,FBNC,2001-09-26,0.14667
NASDAQ,FBNC,2001-06-27,0.14667
NASDAQ,FBNC,2001-03-28,0.14667
NASDAQ,FBNC,2000-12-27,0.14667
NASDAQ,FBNC,2000-10-11,0.14667
NASDAQ,FBNC,2000-06-28,0.08667
NASDAQ,FBNC,2000-03-29,0.08667
NASDAQ,FBNC,1999-12-29,0.07533
NASDAQ,FBNC,1999-09-28,0.07533
NASDAQ,FBNC,1999-06-28,0.07555
NASDAQ,FBNC,1999-03-29,0.07555
NASDAQ,FBNC,1998-12-29,0.06667
NASDAQ,FBNC,1998-09-28,0.06667
NASDAQ,FBNC,1998-06-26,0.06667
NASDAQ,FBNC,1998-03-27,0.06667
NASDAQ,FBNC,1997-12-29,0.05778
NASDAQ,FBNC,1997-09-26,0.05778
NASDAQ,FBNC,1997-06-26,0.05778
NASDAQ,FBNC,1997-03-26,0.05778
NASDAQ,FBNC,1996-12-27,0.04889
NASDAQ,FBNC,1996-09-26,0.04889
NASDAQ,FBNC,1996-06-27,0.04889
NASDAQ,FBNC,1996-03-27,0.00267
NASDAQ,FBNC,1995-12-27,0.04
NASDAQ,FBNC,1995-09-27,0.04
NASDAQ,FBNC,1995-06-28,0.03778
NASDAQ,FBNC,1995-03-27,0.03778
NASDAQ,FBNC,1994-12-23,0.03778
NASDAQ,FBNC,1994-09-26,0.03555
NASDAQ,FBNC,1994-06-24,0.03333
NASDAQ,FBNC,1994-03-25,0.03333
NASDAQ,FBNC,1993-12-28,0.03333
NASDAQ,FBNC,1993-09-24,0.03333
NASDAQ,FBNC,1993-06-24,0.03111
NASDAQ,FBNC,1993-03-25,0.03111
NASDAQ,FBNC,1992-12-24,0.01778
NASDAQ,FNBP,2010-01-08,0.95
NASDAQ,FHCO,2010-01-27,0.05
NASDAQ,FSGI,2009-11-27,0.01
NASDAQ,FSGI,2009-08-28,0.01
NASDAQ,FSGI,2009-05-28,0.01
NASDAQ,FSGI,2009-02-26,0.05
NASDAQ,FSGI,2008-11-26,0.05
NASDAQ,FSGI,2008-08-27,0.05
NASDAQ,FSGI,2008-05-29,0.05
NASDAQ,FSGI,2008-02-28,0.05
NASDAQ,FSGI,2007-11-29,0.05
NASDAQ,FSGI,2007-08-29,0.05
NASDAQ,FSGI,2007-05-30,0.05
NASDAQ,FSGI,2007-02-27,0.05
NASDAQ,FSGI,2006-11-29,0.05
NASDAQ,FSGI,2006-08-30,0.025
NASDAQ,FSGI,2006-05-30,0.025
NASDAQ,FSGI,2006-02-27,0.025
NASDAQ,FSGI,2005-11-29,0.025
NASDAQ,FSFG,2009-12-30,0.08
NASDAQ,FTBK,2008-10-03,0.6
NASDAQ,FTBK,2008-07-03,0.6
NASDAQ,FTBK,2008-04-03,1.8
NASDAQ,FTBK,2008-01-03,1.75
NASDAQ,FTBK,2007-10-04,1.7
NASDAQ,FTBK,2007-07-06,1.65
NASDAQ,FTBK,2007-04-09,1.6
NASDAQ,FTBK,2007-04-05,0.0
NASDAQ,FTBK,2007-01-05,1.55
NASDAQ,FTBK,2006-10-05,1.5
NASDAQ,FTBK,2006-07-06,1.2
NASDAQ,FTBK,2006-04-07,1.1667
NASDAQ,FTBK,2006-01-05,1.1333
NASDAQ,FTBK,2005-10-06,1.1
NASDAQ,FTBK,2005-07-07,1.0667
NASDAQ,FTBK,2005-04-07,0.9333
NASDAQ,FTBK,2005-01-06,0.9111
NASDAQ,FTBK,2004-10-07,0.8889
NASDAQ,FTBK,2004-07-08,0.8667
NASDAQ,FTBK,2004-04-07,0.8445
NASDAQ,FTBK,2004-01-05,0.8222
NASDAQ,FTBK,2003-10-02,0.8
NASDAQ,FTBK,2003-07-02,0.7778
NASDAQ,FTBK,2003-04-10,0.7555
NASDAQ,FTBK,2003-01-02,0.7333
NASDAQ,FTBK,2002-10-03,0.7111
NASDAQ,FTBK,2002-07-03,0.6889
NASDAQ,FTBK,2002-04-11,0.6667
NASDAQ,FTBK,2002-01-03,0.6445
NASDAQ,FTBK,2001-10-11,0.6222
NASDAQ,FTBK,2001-07-05,0.6
NASDAQ,FTBK,2001-04-11,0.5778
NASDAQ,FTBK,2001-01-04,0.5555
NASDAQ,FTBK,2000-09-28,0.5333
NASDAQ,FTBK,2000-07-27,0.4889
NASDAQ,FTBK,2000-04-27,0.4445
NASDAQ,FTBK,2000-01-26,0.4
NASDAQ,FTBK,1999-02-25,0.2778
NASDAQ,FARM,2010-01-20,0.115
NASDAQ,FARM,2009-10-21,0.115
NASDAQ,FARM,2009-07-22,0.115
NASDAQ,FARM,2009-04-22,0.115
NASDAQ,FARM,2009-01-21,0.115
NASDAQ,FARM,2008-10-22,0.115
NASDAQ,FARM,2008-07-23,0.115
NASDAQ,FARM,2008-04-23,0.115
NASDAQ,FARM,2008-01-23,0.115
NASDAQ,FARM,2007-10-24,0.115
NASDAQ,FARM,2007-07-25,0.11
NASDAQ,FARM,2007-04-25,0.11
NASDAQ,FARM,2007-01-24,0.11
NASDAQ,FARM,2006-10-25,0.11
NASDAQ,FARM,2006-07-26,0.105
NASDAQ,FARM,2006-04-19,0.105
NASDAQ,FARM,2006-01-25,0.105
NASDAQ,FARM,2005-10-26,0.105
NASDAQ,FARM,2005-07-20,0.1
NASDAQ,FARM,2005-04-20,0.1
NASDAQ,FARM,2005-01-26,0.1
NASDAQ,FARM,2004-10-20,0.1
NASDAQ,FARM,2004-07-21,0.095
NASDAQ,FARM,2004-04-21,0.095
NASDAQ,FARM,2004-01-21,0.095
NASDAQ,FARM,2003-10-22,0.095
NASDAQ,FARM,2003-07-23,0.09
NASDAQ,FARM,2003-04-23,0.09
NASDAQ,FARM,2003-01-22,0.09
NASDAQ,FARM,2002-10-23,0.09
NASDAQ,FARM,2002-07-24,0.085
NASDAQ,FARM,2002-04-24,0.085
NASDAQ,FARM,2002-01-23,0.085
NASDAQ,FARM,2001-10-24,0.085
NASDAQ,FARM,2001-07-25,0.08
NASDAQ,FARM,2001-04-25,0.08
NASDAQ,FARM,2001-01-24,0.08
NASDAQ,FARM,2000-10-18,0.08
NASDAQ,FARM,2000-07-19,0.075
NASDAQ,FARM,2000-04-12,0.075
NASDAQ,FARM,2000-01-19,0.075
NASDAQ,FARM,1999-10-13,0.075
NASDAQ,FARM,1999-07-14,0.07
NASDAQ,FARM,1999-04-14,0.07
NASDAQ,FARM,1999-01-13,0.07
NASDAQ,FARM,1998-10-14,0.07
NASDAQ,FARM,1998-07-15,0.065
NASDAQ,FARM,1998-04-15,0.065
NASDAQ,FARM,1998-01-14,0.065
NASDAQ,FARM,1997-10-15,0.06
NASDAQ,FARM,1997-07-16,0.06
NASDAQ,FARM,1997-04-16,0.06
NASDAQ,FARM,1997-01-15,0.06
NASDAQ,FARM,1996-10-16,0.06
NASDAQ,FARM,1996-07-17,0.055
NASDAQ,FARM,1996-04-17,0.055
NASDAQ,FARM,1996-01-17,0.055
NASDAQ,FARM,1995-10-18,0.05
NASDAQ,FARM,1995-07-19,0.05
NASDAQ,FARM,1995-04-07,0.05
NASDAQ,FARM,1995-01-13,0.05
NASDAQ,FARM,1994-10-17,0.05
NASDAQ,FARM,1994-07-11,0.05
NASDAQ,FARM,1994-04-11,0.05
NASDAQ,FARM,1993-10-08,0.05
NASDAQ,FARM,1993-07-12,0.045
NASDAQ,FARM,1993-04-12,0.045
NASDAQ,FARM,1993-01-11,0.045
NASDAQ,FARM,1992-10-09,0.045
NASDAQ,FARM,1992-07-13,0.04
NASDAQ,FARM,1992-04-10,0.04
NASDAQ,FARM,1992-01-13,0.04
NASDAQ,FARM,1991-10-11,0.04
NASDAQ,FARM,1991-07-15,0.035
NASDAQ,FARM,1991-04-15,0.035
NASDAQ,FARM,1991-01-14,0.035
NASDAQ,FARM,1990-10-15,0.035
NASDAQ,FARM,1990-07-16,0.035
NASDAQ,FSBK,2010-01-04,0.2
NASDAQ,FSBK,2009-10-05,0.2
NASDAQ,FSBK,2009-07-06,0.2
NASDAQ,FSBK,2009-04-06,0.2
NASDAQ,FSBK,2009-01-07,0.2
NASDAQ,FSBK,2008-10-08,0.2
NASDAQ,FSBK,2008-07-08,0.2
NASDAQ,FSBK,2008-04-08,0.2
NASDAQ,FSBK,2008-01-08,0.19
NASDAQ,FSBK,2007-10-05,0.19
NASDAQ,FSBK,2007-07-06,0.19
NASDAQ,FSBK,2007-04-05,0.19
NASDAQ,FSBK,2007-01-08,0.17
NASDAQ,FSBK,2006-10-05,0.17
NASDAQ,FSBK,2006-07-03,0.17
NASDAQ,FSBK,2006-03-31,0.16667
NASDAQ,FSBK,2006-01-03,0.13333
NASDAQ,FSBK,2005-09-30,0.13333
NASDAQ,FSBK,2005-07-01,0.13333
NASDAQ,FSBK,2005-03-31,0.13333
NASDAQ,FSBK,2005-01-04,0.11333
NASDAQ,FSBK,2004-09-30,0.11333
NASDAQ,FSBK,2004-06-30,0.11333
NASDAQ,FSBK,2004-03-31,0.07555
NASDAQ,FSBK,2003-12-30,0.08889
NASDAQ,FSBK,2003-10-01,0.08889
NASDAQ,FSBK,2003-07-01,0.08889
NASDAQ,FSBK,2003-04-03,0.08889
NASDAQ,FSBK,2002-12-31,0.07555
NASDAQ,FSBK,2002-09-30,0.07555
NASDAQ,FSBK,2002-07-01,0.07555
NASDAQ,FSBK,2002-04-04,0.05037
NASDAQ,FSBK,2001-12-31,0.05333
NASDAQ,FSBK,2001-10-01,0.05333
NASDAQ,FSBK,2001-07-02,0.05333
NASDAQ,FSBK,2001-03-30,0.05333
NASDAQ,FSBK,2001-01-02,0.03852
NASDAQ,FSBK,2000-10-02,0.03852
NASDAQ,FSBK,2000-06-30,0.03852
NASDAQ,FSBK,2000-03-31,0.02963
NASDAQ,FSBK,1999-12-31,0.02963
NASDAQ,FSBK,1999-09-30,0.02963
NASDAQ,FSBK,1999-06-30,0.02074
NASDAQ,FSBK,1999-03-30,0.02074
NASDAQ,FSBK,1998-12-30,0.02074
NASDAQ,FSBK,1998-09-30,0.02074
NASDAQ,FSBK,1998-06-30,0.01975
NASDAQ,FSBK,1998-03-31,0.01975
NASDAQ,FSBK,1997-12-30,0.01975
NASDAQ,FSBK,1997-09-30,0.01975
NASDAQ,FNET,2009-05-05,2.5
NASDAQ,FFNM,2008-09-26,0.05
NASDAQ,FFNM,2008-06-26,0.05
NASDAQ,FFNM,2008-03-27,0.05
NASDAQ,FFNM,2007-12-27,0.05
NASDAQ,FFNM,2007-09-26,0.05
NASDAQ,FFNM,2007-06-27,0.05
NASDAQ,FFNM,2007-03-28,0.05
NASDAQ,FFNM,2006-12-27,0.05
NASDAQ,FFNM,2006-09-27,0.05
NASDAQ,FFNM,2006-06-28,0.05
NASDAQ,FFNM,2006-03-29,0.05
NASDAQ,FFNM,2005-12-29,0.05
NASDAQ,FFNM,2005-12-28,0.0
NASDAQ,FFNM,2005-09-28,0.05
NASDAQ,FFNM,2005-06-28,0.05
NASDAQ,FFKT,2009-11-27,0.1
NASDAQ,FFKT,2009-08-28,0.25
NASDAQ,FFKT,2009-05-28,0.25
NASDAQ,FFKT,2009-02-25,0.25
NASDAQ,FFKT,2008-11-26,0.33
NASDAQ,FFKT,2008-08-27,0.33
NASDAQ,FFKT,2008-05-28,0.33
NASDAQ,FFKT,2008-02-27,0.33
NASDAQ,FFKT,2007-11-28,0.33
NASDAQ,FFKT,2007-08-29,0.33
NASDAQ,FFKT,2007-05-30,0.33
NASDAQ,FFKT,2007-02-27,0.33
NASDAQ,FFKT,2006-11-29,0.44
NASDAQ,FFKT,2006-08-30,0.33
NASDAQ,FFKT,2006-05-30,0.33
NASDAQ,FFKT,2006-02-27,0.33
NASDAQ,FFKT,2005-11-29,0.33
NASDAQ,FFKT,2005-08-30,0.33
NASDAQ,FFKT,2005-05-27,0.33
NASDAQ,FFKT,2005-02-25,0.33
NASDAQ,FFKT,2004-11-29,0.33
NASDAQ,FFKT,2004-08-30,0.33
NASDAQ,FFKT,2004-05-27,0.33
NASDAQ,FFKT,2004-02-26,0.33
NASDAQ,FFKT,2003-11-26,0.33
NASDAQ,FFKT,2003-08-27,0.32
NASDAQ,FFKT,2003-05-28,0.32
NASDAQ,FFKT,2003-02-26,0.32
NASDAQ,FFKT,2002-11-26,0.32
NASDAQ,FFKT,2002-08-28,0.31
NASDAQ,FFKT,2002-05-29,0.31
NASDAQ,FFKT,2002-02-27,0.31
NASDAQ,FFKT,2001-11-28,0.31
NASDAQ,FFKT,2001-08-29,0.3
NASDAQ,FFKT,2001-05-30,0.3
NASDAQ,FFKT,2001-02-27,0.3
NASDAQ,FFKT,2000-11-29,0.3
NASDAQ,FFKT,2000-08-30,0.29
NASDAQ,FFKT,2000-05-30,0.29
NASDAQ,FFKT,2000-02-28,0.29
NASDAQ,FFKT,1999-11-29,0.29
NASDAQ,FFKT,1999-08-30,0.28
NASDAQ,FFKT,1999-05-27,0.28
NASDAQ,FFKT,1999-02-25,0.28
NASDAQ,FFKT,1998-11-27,0.28
NASDAQ,FFKT,1998-08-28,0.24
NASDAQ,FFKT,1998-05-28,0.24
NASDAQ,FFKT,1998-02-25,0.24
NASDAQ,FFKT,1997-11-26,0.24
NASDAQ,FFKT,1997-08-27,0.205
NASDAQ,FFKT,1997-05-28,0.205
NASDAQ,FFKT,1997-02-26,0.205
NASDAQ,FFKT,1996-11-26,0.205
NASDAQ,FFKT,1996-08-28,0.18
NASDAQ,FFKT,1996-05-29,0.18
NASDAQ,FFKT,1996-02-28,0.18
NASDAQ,FFKT,1995-11-29,0.18
NASDAQ,FFKT,1995-08-30,0.165
NASDAQ,FFKT,1995-05-25,0.15
NASDAQ,FFKT,1995-02-23,0.15
NASDAQ,FFKT,1994-11-25,0.15
NASDAQ,FFKT,1994-08-26,0.15
NASDAQ,FFKT,1994-05-25,0.15
NASDAQ,FFKT,1994-02-23,0.135
NASDAQ,FFKT,1993-08-26,0.135
NASDAQ,FFKT,1993-05-25,0.135
NASDAQ,FRED,2009-11-27,0.03
NASDAQ,FRED,2009-08-28,0.03
NASDAQ,FRED,2009-05-28,0.03
NASDAQ,FRED,2009-03-03,0.02
NASDAQ,FRED,2008-11-28,0.02
NASDAQ,FRED,2008-09-02,0.02
NASDAQ,FRED,2008-05-29,0.02
NASDAQ,FRED,2008-02-27,0.02
NASDAQ,FRED,2007-11-28,0.02
NASDAQ,FRED,2007-08-29,0.02
NASDAQ,FRED,2007-05-30,0.02
NASDAQ,FRED,2007-02-27,0.02
NASDAQ,FRED,2006-11-29,0.02
NASDAQ,FRED,2006-08-30,0.02
NASDAQ,FRED,2006-05-30,0.02
NASDAQ,FRED,2006-02-27,0.02
NASDAQ,FRED,2005-11-29,0.02
NASDAQ,FRED,2005-08-31,0.02
NASDAQ,FRED,2005-06-01,0.02
NASDAQ,FRED,2005-02-25,0.02
NASDAQ,FRED,2004-11-30,0.02
NASDAQ,FRED,2004-09-01,0.02
NASDAQ,FRED,2004-05-27,0.02
NASDAQ,FRED,2004-02-26,0.02
NASDAQ,FRED,2003-11-26,0.02
NASDAQ,FRED,2003-08-28,0.02
NASDAQ,FRED,2003-05-29,0.02
NASDAQ,FRED,2003-02-27,0.02
NASDAQ,FRED,2002-11-27,0.02
NASDAQ,FRED,2002-08-29,0.02
NASDAQ,FRED,2002-05-30,0.02
NASDAQ,FRED,2002-02-27,0.02
NASDAQ,FRED,2001-12-05,0.01778
NASDAQ,FRED,2001-09-05,0.01778
NASDAQ,FRED,2001-05-31,0.01778
NASDAQ,FRED,2001-02-27,0.01778
NASDAQ,FRED,2000-11-29,0.01778
NASDAQ,FRED,2000-08-30,0.01778
NASDAQ,FRED,2000-05-30,0.01778
NASDAQ,FRED,2000-02-28,0.01778
NASDAQ,FRED,1999-12-01,0.01778
NASDAQ,FRED,1999-09-01,0.01778
NASDAQ,FRED,1999-05-27,0.01778
NASDAQ,FRED,1999-03-04,0.01778
NASDAQ,FRED,1998-11-27,0.01778
NASDAQ,FRED,1998-08-28,0.01778
NASDAQ,FRED,1998-05-28,0.01778
NASDAQ,FRED,1998-02-26,0.01778
NASDAQ,FRED,1997-12-03,0.01763
NASDAQ,FRED,1997-08-27,0.01422
NASDAQ,FRED,1997-05-29,0.01422
NASDAQ,FRED,1997-02-27,0.01422
NASDAQ,FRED,1996-11-27,0.01422
NASDAQ,FRED,1996-08-29,0.01422
NASDAQ,FRED,1996-05-30,0.01422
NASDAQ,FRED,1996-02-28,0.01422
NASDAQ,FRED,1995-11-29,0.01422
NASDAQ,FRED,1995-08-30,0.01422
NASDAQ,FRED,1995-05-25,0.01422
NASDAQ,FRED,1995-02-23,0.01422
NASDAQ,FRED,1994-11-25,0.01422
NASDAQ,FRED,1994-08-26,0.01422
NASDAQ,FRED,1994-05-25,0.01422
NASDAQ,FRED,1994-03-01,0.01422
NASDAQ,FRED,1993-11-24,0.01138
NASDAQ,FRED,1993-08-26,0.00285
NASDAQ,FRED,1993-05-25,0.00285
NASDAQ,FCLF,2009-11-10,0.06
NASDAQ,FCLF,2009-08-12,0.06
NASDAQ,FCLF,2009-05-13,0.06
NASDAQ,FCLF,2009-02-11,0.06
NASDAQ,FCLF,2008-11-12,0.06
NASDAQ,FCLF,2008-08-13,0.06
NASDAQ,FCLF,2008-05-14,0.06
NASDAQ,FCLF,2008-02-13,0.06
NASDAQ,FCLF,2007-11-14,0.06
NASDAQ,FCLF,2007-08-15,0.06
NASDAQ,FCLF,2007-05-16,0.06
NASDAQ,FCLF,2007-02-14,0.06
NASDAQ,FCLF,2006-11-15,0.06
NASDAQ,FCLF,2006-08-16,0.06
NASDAQ,FCLF,2006-05-02,0.13
NASDAQ,FCLF,2006-02-01,0.11
NASDAQ,FCLF,2005-11-02,0.11
NASDAQ,FCLF,2005-08-02,0.1
NASDAQ,FCLF,2005-05-02,0.09
NASDAQ,FCLF,2005-02-02,0.07
NASDAQ,FCLF,2004-11-02,0.07
NASDAQ,FITB,2009-12-29,0.01
NASDAQ,FITB,2009-09-28,0.01
NASDAQ,FITB,2009-06-26,0.01
NASDAQ,FITB,2009-03-27,0.01
NASDAQ,FITB,2008-12-29,0.01
NASDAQ,FITB,2008-09-26,0.15
NASDAQ,FITB,2008-06-26,0.15
NASDAQ,FITB,2008-03-27,0.44
NASDAQ,FITB,2007-12-27,0.44
NASDAQ,FITB,2007-09-26,0.42
NASDAQ,FITB,2007-06-27,0.42
NASDAQ,FITB,2007-03-28,0.42
NASDAQ,FITB,2006-12-27,0.4
NASDAQ,FITB,2006-09-27,0.4
NASDAQ,FITB,2006-06-28,0.4
NASDAQ,FITB,2006-03-30,0.38
NASDAQ,FITB,2005-12-29,0.38
NASDAQ,FITB,2005-12-28,0.0
NASDAQ,FITB,2005-09-28,0.38
NASDAQ,FITB,2005-06-28,0.35
NASDAQ,FITB,2005-03-29,0.35
NASDAQ,FITB,2004-12-30,0.35
NASDAQ,FITB,2004-09-28,0.32
NASDAQ,FITB,2004-06-28,0.32
NASDAQ,FITB,2004-03-29,0.32
NASDAQ,FITB,2003-12-29,0.29
NASDAQ,FITB,2003-09-26,0.29
NASDAQ,FITB,2003-06-26,0.29
NASDAQ,FITB,2003-03-27,0.26
NASDAQ,FITB,2002-12-27,0.26
NASDAQ,FITB,2002-09-26,0.26
NASDAQ,FITB,2002-06-26,0.23
NASDAQ,FITB,2002-03-26,0.23
NASDAQ,FITB,2001-12-27,0.23
NASDAQ,FITB,2001-09-26,0.2
NASDAQ,FITB,2001-06-27,0.2
NASDAQ,FITB,2001-03-28,0.2
NASDAQ,FITB,2000-12-27,0.18
NASDAQ,FITB,2000-09-27,0.18
NASDAQ,FITB,2000-06-28,0.18
NASDAQ,FITB,2000-03-29,0.13333
NASDAQ,FITB,1999-12-29,0.16
NASDAQ,FITB,1999-09-28,0.13333
NASDAQ,FITB,1999-06-28,0.13333
NASDAQ,FITB,1999-03-29,0.13333
NASDAQ,FITB,1998-12-29,0.13333
NASDAQ,FITB,1998-09-28,0.11333
NASDAQ,FITB,1998-06-26,0.11333
NASDAQ,FITB,1998-03-27,0.11333
NASDAQ,FITB,1997-12-29,0.09778
NASDAQ,FITB,1997-09-26,0.09778
NASDAQ,FITB,1997-06-26,0.09778
NASDAQ,FITB,1997-03-26,0.08593
NASDAQ,FITB,1996-12-27,0.08593
NASDAQ,FITB,1996-09-26,0.08593
NASDAQ,FITB,1996-06-26,0.07703
NASDAQ,FITB,1996-03-27,0.07703
NASDAQ,FITB,1995-12-27,0.07703
NASDAQ,FITB,1995-09-27,0.06913
NASDAQ,FITB,1995-06-28,0.06913
NASDAQ,FITB,1995-03-27,0.06913
NASDAQ,FITB,1994-12-23,0.06123
NASDAQ,FITB,1994-09-26,0.06123
NASDAQ,FITB,1994-06-24,0.06123
NASDAQ,FITB,1994-03-25,0.05333
NASDAQ,FITB,1993-12-27,0.05333
NASDAQ,FITB,1993-09-24,0.05333
NASDAQ,FITB,1993-06-24,0.04741
NASDAQ,FITB,1993-03-25,0.04741
NASDAQ,FITB,1992-12-24,0.04741
NASDAQ,FITB,1992-09-24,0.04346
NASDAQ,FITB,1992-06-24,0.04346
NASDAQ,FITB,1992-03-25,0.04346
NASDAQ,FITB,1991-12-24,0.03951
NASDAQ,FITB,1991-09-24,0.03951
NASDAQ,FITB,1991-06-24,0.03951
NASDAQ,FITB,1990-12-24,0.03555
NASDAQ,FITB,1990-09-24,0.03555
NASDAQ,FITB,1990-06-25,0.03161
NASDAQ,FITB,1990-03-26,0.03161
NASDAQ,FPTB,2009-12-09,0.05
NASDAQ,FPTB,2009-09-09,0.05
NASDAQ,FPTB,2009-06-10,0.05
NASDAQ,FPTB,2009-03-11,0.1
NASDAQ,FPTB,2008-12-10,0.185
NASDAQ,FPTB,2008-09-10,0.185
NASDAQ,FPTB,2008-06-11,0.185
NASDAQ,FPTB,2008-03-12,0.185
NASDAQ,FPTB,2007-12-12,0.185
NASDAQ,FPTB,2007-09-12,0.185
NASDAQ,FPTB,2007-06-13,0.185
NASDAQ,FPTB,2007-03-13,0.18
NASDAQ,FPTB,2006-12-13,0.17
NASDAQ,FPTB,2006-09-06,0.16
NASDAQ,FPTB,2006-06-07,0.155
NASDAQ,FPTB,2006-03-14,0.145
NASDAQ,FPTB,2005-12-01,0.14
NASDAQ,FPTB,2005-09-07,0.135
NASDAQ,FPTB,2005-06-08,0.13
NASDAQ,FPTB,2005-03-09,0.125
NASDAQ,FPTB,2004-12-01,0.12
NASDAQ,FPTB,2004-09-08,0.11
NASDAQ,FPTB,2004-06-02,0.075
NASDAQ,FPTB,2004-03-10,0.09
NASDAQ,FPTB,2003-12-03,0.08
NASDAQ,FPTB,2003-09-10,0.07
NASDAQ,FPTB,2003-06-04,0.06
NASDAQ,FPTB,2003-03-12,0.05
NASDAQ,FMER,2009-11-25,0.16
NASDAQ,FMER,2009-08-27,0.159
NASDAQ,FMER,2009-05-28,0.159
NASDAQ,FMER,2009-02-26,0.28807
NASDAQ,FMER,2008-11-26,0.28807
NASDAQ,FMER,2008-08-28,0.28807
NASDAQ,FMER,2008-05-29,0.28807
NASDAQ,FMER,2008-02-28,0.28807
NASDAQ,FMER,2007-11-21,0.28807
NASDAQ,FMER,2007-08-23,0.28807
NASDAQ,FMER,2007-05-29,0.28807
NASDAQ,FMER,2007-02-22,0.28807
NASDAQ,FMER,2006-11-22,0.28807
NASDAQ,FMER,2006-08-24,0.28807
NASDAQ,FMER,2006-05-25,0.27814
NASDAQ,FMER,2006-02-23,0.27814
NASDAQ,FMER,2005-11-23,0.27814
NASDAQ,FMER,2005-08-25,0.27814
NASDAQ,FMER,2005-05-26,0.2682
NASDAQ,FMER,2005-02-24,0.2682
NASDAQ,FMER,2004-11-24,0.2682
NASDAQ,FMER,2004-08-26,0.2682
NASDAQ,FMER,2004-05-27,0.25827
NASDAQ,FMER,2004-02-26,0.25827
NASDAQ,FMER,2003-11-26,0.25827
NASDAQ,FMER,2003-08-28,0.25827
NASDAQ,FMER,2003-05-22,0.24834
NASDAQ,FMER,2003-02-27,0.24834
NASDAQ,FMER,2002-11-27,0.24834
NASDAQ,FMER,2002-08-22,0.24834
NASDAQ,FMER,2002-05-23,0.2384
NASDAQ,FMER,2002-02-28,0.2384
NASDAQ,FMER,2001-11-21,0.2384
NASDAQ,FMER,2001-08-23,0.22847
NASDAQ,FMER,2001-05-24,0.22847
NASDAQ,FMER,2001-02-22,0.22847
NASDAQ,FMER,2000-11-22,0.21854
NASDAQ,FMER,2000-08-24,0.21854
NASDAQ,FMER,2000-05-25,0.21854
NASDAQ,FMER,2000-02-24,0.19867
NASDAQ,FMER,1999-11-24,0.19867
NASDAQ,FMER,1999-08-26,0.19867
NASDAQ,FMER,1999-07-22,0.1788
NASDAQ,FMER,1999-05-27,0.1788
NASDAQ,FMER,1999-02-25,0.1788
NASDAQ,FMER,1998-11-25,0.1788
NASDAQ,FMER,1998-08-27,0.15894
NASDAQ,FMER,1998-05-28,0.15894
NASDAQ,FMER,1998-02-26,0.15894
NASDAQ,FMER,1997-11-26,0.15894
NASDAQ,FMER,1997-08-28,0.15894
NASDAQ,FMER,1997-05-22,0.14403
NASDAQ,FMER,1997-02-27,0.14403
NASDAQ,FMER,1996-11-27,0.14403
NASDAQ,FMER,1996-08-29,0.1341
NASDAQ,FMER,1996-05-23,0.1341
NASDAQ,FMER,1996-02-22,0.1341
NASDAQ,FMER,1995-11-22,0.1341
NASDAQ,FMER,1995-08-24,0.12417
NASDAQ,FMER,1995-05-23,0.12417
NASDAQ,FMER,1995-02-21,0.12417
NASDAQ,FMER,1994-11-21,0.12417
NASDAQ,FMER,1994-08-23,0.12417
NASDAQ,FMER,1994-05-24,0.12417
NASDAQ,FMER,1994-02-22,0.11672
NASDAQ,FMER,1993-11-22,0.11672
NASDAQ,FMER,1993-08-24,0.10678
NASDAQ,FMER,1993-05-18,0.10678
NASDAQ,FMER,1993-02-16,0.10678
NASDAQ,FMER,1992-11-17,0.10678
NASDAQ,FMER,1992-08-18,0.10058
NASDAQ,FMER,1992-05-19,0.10058
NASDAQ,FMER,1992-02-18,0.10058
NASDAQ,FMER,1991-11-19,0.10058
NASDAQ,FMER,1991-08-14,0.09933
NASDAQ,FMER,1991-05-14,0.09933
NASDAQ,FMER,1991-02-19,0.09933
NASDAQ,FMER,1990-11-13,0.09933
NASDAQ,FMER,1990-05-15,0.09313
NASDAQ,FMER,1990-02-13,0.09313
NASDAQ,FMER,1989-11-14,0.09313
NASDAQ,FMER,1989-08-15,0.0899
NASDAQ,FMER,1989-05-16,0.0899
NASDAQ,FSNM,2008-05-05,0.09
NASDAQ,FSNM,2008-02-04,0.09
NASDAQ,FSNM,2007-11-05,0.09
NASDAQ,FSNM,2007-08-06,0.09
NASDAQ,FSNM,2007-05-07,0.09
NASDAQ,FSNM,2007-02-05,0.08
NASDAQ,FSNM,2006-11-06,0.08
NASDAQ,FSNM,2006-08-07,0.08
NASDAQ,FSNM,2006-05-08,0.08
NASDAQ,FSNM,2006-02-06,0.08
NASDAQ,FSNM,2005-11-07,0.07
NASDAQ,FSNM,2005-08-08,0.07
NASDAQ,FSNM,2005-05-09,0.07
NASDAQ,FSNM,2005-02-07,0.035
NASDAQ,FSNM,2004-11-08,0.06
NASDAQ,FSNM,2004-08-09,0.06
NASDAQ,FSNM,2004-05-10,0.06
NASDAQ,FSNM,2004-02-09,0.055
NASDAQ,FSNM,2003-11-20,0.055
NASDAQ,FSNM,2003-08-11,0.055
NASDAQ,FSNM,2003-05-12,0.055
NASDAQ,FSNM,2003-02-10,0.05
NASDAQ,FSNM,2002-11-08,0.05
NASDAQ,FSNM,2002-07-29,0.05
NASDAQ,FSNM,2002-05-13,0.05
NASDAQ,FSNM,2002-02-11,0.045
NASDAQ,FSNM,2001-08-13,0.045
NASDAQ,FSNM,2001-05-14,0.045
NASDAQ,FSNM,2001-02-12,0.035
NASDAQ,FSNM,2000-11-13,0.035
NASDAQ,FSNM,2000-08-17,0.035
NASDAQ,FSNM,2000-05-15,0.035
NASDAQ,FSNM,2000-02-14,0.03
NASDAQ,FSNM,1999-11-22,0.02
NASDAQ,FSNM,1999-08-16,0.03
NASDAQ,FSNM,1999-05-17,0.03
NASDAQ,FSNM,1999-02-12,0.02334
NASDAQ,FSNM,1998-11-16,0.02334
NASDAQ,FSNM,1998-08-17,0.02
NASDAQ,FSNM,1998-05-18,0.02
NASDAQ,FSNM,1998-02-13,0.02
NASDAQ,FSNM,1997-11-17,0.02
NASDAQ,FSNM,1997-08-18,0.01666
NASDAQ,FSNM,1997-05-19,0.01666
NASDAQ,FSNM,1997-02-14,0.01666
NASDAQ,FSNM,1996-11-18,0.01666
NASDAQ,FSNM,1996-08-19,0.01666
NASDAQ,FSNM,1996-05-20,0.01666
NASDAQ,FSNM,1996-02-16,0.01666
NASDAQ,FSNM,1995-11-20,0.01654
NASDAQ,FSNM,1995-08-21,0.01333
NASDAQ,FSNM,1995-05-18,0.01066
NASDAQ,FSNM,1995-02-15,0.01066
NASDAQ,FSNM,1994-11-17,0.01066
NASDAQ,FSNM,1994-08-12,0.01066
NASDAQ,FFCH,2009-11-10,0.05
NASDAQ,FFCH,2009-08-05,0.05
NASDAQ,FFCH,2009-05-06,0.05
NASDAQ,FFCH,2009-02-11,0.05
NASDAQ,FFCH,2008-11-05,0.255
NASDAQ,FFCH,2008-08-06,0.255
NASDAQ,FFCH,2008-05-07,0.255
NASDAQ,FFCH,2008-02-13,0.255
NASDAQ,FFCH,2007-11-07,0.255
NASDAQ,FFCH,2007-08-08,0.25
NASDAQ,FFCH,2007-05-09,0.25
NASDAQ,FFCH,2007-02-07,0.25
NASDAQ,FFCH,2006-11-08,0.25
NASDAQ,FFCH,2006-08-09,0.24
NASDAQ,FFCH,2006-05-10,0.24
NASDAQ,FFCH,2006-02-08,0.24
NASDAQ,FFCH,2005-11-08,0.24
NASDAQ,FFCH,2005-08-10,0.23
NASDAQ,FFCH,2005-05-11,0.23
NASDAQ,FFCH,2005-02-09,0.23
NASDAQ,FFCH,2004-11-09,0.23
NASDAQ,FFCH,2004-08-04,0.22
NASDAQ,FFCH,2004-05-05,0.22
NASDAQ,FFCH,2004-02-11,0.22
NASDAQ,FFCH,2003-11-05,0.22
NASDAQ,FFCH,2003-08-06,0.19
NASDAQ,FFCH,2003-05-07,0.19
NASDAQ,FFCH,2003-02-05,0.19
NASDAQ,FFCH,2002-11-06,0.19
NASDAQ,FFCH,2002-08-07,0.17
NASDAQ,FFCH,2002-05-08,0.17
NASDAQ,FFCH,2002-02-06,0.17
NASDAQ,FFCH,2001-11-07,0.17
NASDAQ,FFCH,2001-08-08,0.155
NASDAQ,FFCH,2001-05-09,0.155
NASDAQ,FFCH,2001-02-07,0.155
NASDAQ,FFCH,2000-11-08,0.155
NASDAQ,FFCH,2000-08-09,0.14
NASDAQ,FFCH,2000-05-10,0.14
NASDAQ,FFCH,2000-02-09,0.14
NASDAQ,FFCH,1999-11-09,0.14
NASDAQ,FFCH,1999-08-04,0.12
NASDAQ,FFCH,1999-05-05,0.12
NASDAQ,FFCH,1999-02-10,0.12
NASDAQ,FFCH,1998-11-04,0.12
NASDAQ,FFCH,1998-08-05,0.105
NASDAQ,FFCH,1998-05-06,0.105
NASDAQ,FFCH,1998-02-04,0.105
NASDAQ,FFCH,1997-11-05,0.105
NASDAQ,FFCH,1997-08-06,0.09
NASDAQ,FFCH,1997-05-07,0.09
NASDAQ,FFCH,1997-02-05,0.09
NASDAQ,FFCH,1996-11-06,0.08
NASDAQ,FFCH,1996-08-07,0.08
NASDAQ,FFCH,1996-05-08,0.08
NASDAQ,FFCH,1996-02-07,0.08
NASDAQ,FFCH,1995-11-08,0.08
NASDAQ,FFCH,1995-08-09,0.07
NASDAQ,FFCH,1995-05-08,0.07
NASDAQ,FFCH,1995-02-06,0.07
NASDAQ,FFCH,1994-11-04,0.07
NASDAQ,FFCH,1994-08-08,0.06
NASDAQ,FFCH,1994-05-09,0.06
NASDAQ,FFCH,1994-02-07,0.06
NASDAQ,FFCH,1993-11-05,0.06
NASDAQ,FFCH,1993-08-02,0.045
NASDAQ,FFCH,1993-05-03,0.045
NASDAQ,FFCH,1993-02-08,0.045
NASDAQ,FFCH,1992-11-02,0.035
NASDAQ,FFCH,1992-08-03,0.035
NASDAQ,FFCH,1992-05-04,0.035
NASDAQ,FFCH,1992-02-03,0.035
NASDAQ,FFCH,1991-11-04,0.035
NASDAQ,FFCH,1991-08-05,0.035
NASDAQ,FFCH,1991-05-06,0.035
NASDAQ,FFCH,1991-02-04,0.035
NASDAQ,FFCH,1990-11-05,0.035
NASDAQ,FFCH,1990-05-07,0.03
NASDAQ,FLIC,2009-12-29,0.2
NASDAQ,FLIC,2009-09-30,0.2
NASDAQ,FLIC,2009-06-24,0.18
NASDAQ,FLIC,2009-03-26,0.18
NASDAQ,FLIC,2008-12-29,0.18
NASDAQ,FLIC,2008-09-26,0.18
NASDAQ,FLIC,2008-06-26,0.15
NASDAQ,FLIC,2008-03-27,0.15
NASDAQ,FLIC,2007-12-27,0.15
NASDAQ,FLIC,2007-09-28,0.15
NASDAQ,FLIC,2007-06-29,0.14
NASDAQ,FLIC,2007-04-03,0.14
NASDAQ,FLIC,2007-01-05,0.275
NASDAQ,FLIC,2006-06-30,0.225
NASDAQ,FLIC,2006-01-06,0.225
NASDAQ,FLIC,2005-06-30,0.21
NASDAQ,FLIC,2004-12-30,0.21
NASDAQ,FLIC,2004-07-01,0.18
NASDAQ,FLIC,2003-12-30,0.18
NASDAQ,FLIC,2003-07-02,0.17
NASDAQ,FLIC,2002-12-31,0.17
NASDAQ,FLIC,2002-07-03,0.14333
NASDAQ,FLIC,2002-01-02,0.14333
NASDAQ,FLIC,2001-07-05,0.12666
NASDAQ,FLIC,2001-01-03,0.12666
NASDAQ,FLIC,2000-07-05,0.11334
NASDAQ,FLIC,2000-01-05,0.11334
NASDAQ,FLIC,1999-07-07,0.05
NASDAQ,FLIC,1998-12-30,0.05
NASDAQ,FLIC,1998-07-02,0.045
NASDAQ,FLIC,1998-06-29,0.045
NASDAQ,FLIC,1997-12-30,0.04444
NASDAQ,FLIC,1997-07-07,0.03778
NASDAQ,FLIC,1996-12-30,0.03778
NASDAQ,FLIC,1996-07-03,0.03333
NASDAQ,FLIC,1995-12-28,0.03259
NASDAQ,FKFS,2005-12-14,0.11
NASDAQ,FKFS,2005-09-14,0.11
NASDAQ,FKFS,2005-06-09,0.11
NASDAQ,FKFS,2005-03-10,0.11
NASDAQ,FKFS,2004-12-14,0.11
NASDAQ,FKFS,2004-09-14,0.11
NASDAQ,FKFS,2004-06-10,0.11
NASDAQ,FKFS,2004-03-11,0.11
NASDAQ,FKFS,2003-12-12,0.11
NASDAQ,FKFS,2003-09-12,0.1
NASDAQ,FKFS,2003-06-11,0.1
NASDAQ,FKFS,2003-03-12,0.1
NASDAQ,FKFS,2002-12-12,0.1
NASDAQ,FKFS,2002-09-12,0.09
NASDAQ,FKFS,2002-06-11,0.09
NASDAQ,FKFS,2002-03-12,0.09
NASDAQ,FKFS,2001-12-12,0.09
NASDAQ,FKFS,2001-06-11,0.08
NASDAQ,FKFS,2001-03-12,0.08
NASDAQ,FKFS,2000-12-12,0.08
NASDAQ,FKFS,2000-09-13,0.07
NASDAQ,FKFS,2000-06-09,0.07
NASDAQ,FKFS,2000-03-10,0.07
NASDAQ,FKFS,1999-12-14,0.07
NASDAQ,FKFS,1999-09-14,0.06
NASDAQ,FKFS,1999-06-10,0.06
NASDAQ,FKFS,1999-03-11,0.06
NASDAQ,FKFS,1998-12-14,0.06
NASDAQ,FKFS,1998-09-14,0.05
NASDAQ,FKFS,1998-06-10,0.05
NASDAQ,FKFS,1998-03-11,0.05
NASDAQ,FKFS,1997-12-12,0.05
NASDAQ,FRME,2009-12-02,0.08
NASDAQ,FRME,2009-09-02,0.08
NASDAQ,FRME,2009-06-03,0.08
NASDAQ,FRME,2009-03-04,0.23
NASDAQ,FRME,2008-12-03,0.23
NASDAQ,FRME,2008-09-03,0.23
NASDAQ,FRME,2008-06-04,0.23
NASDAQ,FRME,2008-03-04,0.23
NASDAQ,FRME,2007-12-04,0.23
NASDAQ,FRME,2007-09-04,0.23
NASDAQ,FRME,2007-06-04,0.23
NASDAQ,FRME,2007-03-02,0.23
NASDAQ,FRME,2006-12-04,0.23
NASDAQ,FRME,2006-09-01,0.23
NASDAQ,FRME,2006-06-01,0.23
NASDAQ,FRME,2006-03-02,0.23
NASDAQ,FRME,2005-12-02,0.23
NASDAQ,FRME,2005-09-01,0.23
NASDAQ,FRME,2005-06-02,0.23
NASDAQ,FRME,2005-03-03,0.23
NASDAQ,FRME,2004-12-02,0.23
NASDAQ,FRME,2004-09-01,0.23
NASDAQ,FRME,2004-06-02,0.23
NASDAQ,FRME,2004-03-03,0.23
NASDAQ,FRME,2003-12-03,0.23
NASDAQ,FRME,2003-09-03,0.23
NASDAQ,FRME,2003-06-04,0.21905
NASDAQ,FRME,2003-03-04,0.21905
NASDAQ,FRME,2002-12-04,0.21905
NASDAQ,FRME,2002-09-04,0.21905
NASDAQ,FRME,2002-06-06,0.20862
NASDAQ,FRME,2002-03-05,0.20862
NASDAQ,FRME,2001-12-04,0.20862
NASDAQ,FRME,2001-09-06,0.20862
NASDAQ,FRME,2001-06-04,0.19869
NASDAQ,FRME,2001-03-02,0.19869
NASDAQ,FRME,2000-12-04,0.19869
NASDAQ,FRME,2000-09-01,0.19869
NASDAQ,FRME,2000-06-06,0.19004
NASDAQ,FRME,2000-03-02,0.19004
NASDAQ,FRME,1999-12-02,0.19004
NASDAQ,FRME,1999-09-01,0.19004
NASDAQ,FRME,1999-06-02,0.17277
NASDAQ,FRME,1998-11-18,0.17277
NASDAQ,FRME,1998-09-02,0.17277
NASDAQ,FRME,1998-06-03,0.16125
NASDAQ,FRME,1998-03-04,0.16125
NASDAQ,FRME,1997-12-03,0.16125
NASDAQ,FRME,1997-09-03,0.16125
NASDAQ,FRME,1997-06-04,0.13821
NASDAQ,FRME,1997-03-04,0.13821
NASDAQ,FRME,1996-12-04,0.13821
NASDAQ,FRME,1996-09-04,0.13821
NASDAQ,FRME,1996-06-04,0.11517
NASDAQ,FRME,1996-03-04,0.11517
NASDAQ,FRME,1995-12-04,0.11517
NASDAQ,FRME,1995-09-01,0.11517
NASDAQ,FRME,1995-06-01,0.1075
NASDAQ,FRME,1995-03-01,0.1075
NASDAQ,FRME,1994-11-30,0.1075
NASDAQ,FRME,1994-08-30,0.1075
NASDAQ,FRME,1994-05-31,0.09598
NASDAQ,FRME,1994-03-01,0.09598
NASDAQ,FRME,1993-11-30,0.09598
NASDAQ,FRME,1993-08-30,0.09598
NASDAQ,FRME,1993-06-01,0.08447
NASDAQ,FRME,1993-03-01,0.08447
NASDAQ,FRME,1992-08-31,0.08447
NASDAQ,FRME,1992-06-01,0.07934
NASDAQ,FRME,1992-03-02,0.07934
NASDAQ,FBSS,2009-12-16,0.2
NASDAQ,FBSS,2009-09-16,0.2
NASDAQ,FBSS,2009-06-17,0.2
NASDAQ,FBSS,2009-03-18,0.2
NASDAQ,FBSS,2008-12-17,0.2
NASDAQ,FBSS,2008-09-17,0.2
NASDAQ,FBSS,2008-06-18,0.2
NASDAQ,FBSS,2008-03-18,0.2
NASDAQ,FBSS,2007-12-18,0.2
NASDAQ,FBSS,2007-09-18,0.2
NASDAQ,FBSS,2007-06-19,0.2
NASDAQ,FBSS,2007-03-21,0.19
NASDAQ,FBSS,2006-12-19,0.19
NASDAQ,FBSS,2006-09-19,0.19
NASDAQ,FBSS,2006-06-20,0.19
NASDAQ,FBSS,2006-03-15,0.175
NASDAQ,FBSS,2005-12-20,0.175
NASDAQ,FBSS,2005-09-20,0.16
NASDAQ,FBSS,2005-06-21,0.16
NASDAQ,FBSS,2005-03-22,0.15
NASDAQ,FBSS,2004-12-21,0.15
NASDAQ,FBSS,2004-09-21,0.14
NASDAQ,FBSS,2004-06-22,0.14
NASDAQ,FBSS,2004-03-23,0.13
NASDAQ,FBSS,2003-12-23,0.13
NASDAQ,FBSS,2003-09-23,0.12
NASDAQ,FBSS,2003-06-24,0.12
NASDAQ,FBSS,2003-03-25,0.11
NASDAQ,FBSS,2002-12-23,0.11
NASDAQ,FBSS,2002-09-24,0.1
NASDAQ,FBSS,2002-06-25,0.1
NASDAQ,FBSS,2002-03-26,0.1
NASDAQ,FBSS,2001-12-27,0.095
NASDAQ,FBSS,2001-09-27,0.095
NASDAQ,FBSS,2001-06-28,0.085
NASDAQ,FBSS,2001-03-20,0.085
NASDAQ,FBSS,2000-12-26,0.085
NASDAQ,FBSS,2000-06-29,0.08
NASDAQ,FBSS,2000-03-08,0.075
