exchange,stock_symbol,date,dividends
NASDAQ,KMGB,2009-12-17,0.02
NASDAQ,KMGB,2009-09-01,0.02
NASDAQ,KMGB,2009-06-08,0.02
NASDAQ,KMGB,2009-03-06,0.02
NASDAQ,KMGB,2008-12-12,0.02
NASDAQ,KMGB,2008-09-10,0.02
NASDAQ,KMGB,2008-06-11,0.02
NASDAQ,KMGB,2008-03-12,0.02
NASDAQ,KMGB,2007-11-30,0.02
NASDAQ,KMGB,2007-08-29,0.02
NASDAQ,KMGB,2007-02-27,0.038
NASDAQ,KMGB,2006-08-29,0.038
NASDAQ,KMGB,2006-02-27,0.038
NASDAQ,KMGB,2005-08-29,0.038
NASDAQ,KMGB,2005-02-24,0.035
NASDAQ,KMGB,2004-08-31,0.035
NASDAQ,KMGB,2004-03-11,0.03
NASDAQ,KMGB,2003-09-03,0.03
NASDAQ,KMGB,2003-03-12,0.03
NASDAQ,KMGB,2002-09-11,0.023
NASDAQ,KMGB,2002-03-13,0.023
NASDAQ,KMGB,2001-03-30,0.02
NASDAQ,KMGB,2000-09-13,0.01818
NASDAQ,KMGB,2000-03-08,0.01818
NASDAQ,KMGB,1999-09-13,0.00455
NASDAQ,KMGB,1999-03-02,0.00455
NASDAQ,KMGB,1998-08-12,0.00455
NASDAQ,KMGB,1997-09-11,0.00455
NASDAQ,KLAC,2009-11-12,0.15
NASDAQ,KLAC,2009-08-13,0.15
NASDAQ,KLAC,2009-05-13,0.15
NASDAQ,KLAC,2009-02-26,0.15
NASDAQ,KLAC,2008-11-20,0.15
NASDAQ,KLAC,2008-08-14,0.15
NASDAQ,KLAC,2008-05-15,0.15
NASDAQ,KLAC,2008-02-21,0.15
NASDAQ,KLAC,2007-11-15,0.15
NASDAQ,KLAC,2007-08-16,0.15
NASDAQ,KLAC,2007-05-11,0.12
NASDAQ,KLAC,2007-02-13,0.12
NASDAQ,KLAC,2006-11-13,0.12
NASDAQ,KLAC,2006-08-11,0.12
NASDAQ,KLAC,2006-05-11,0.12
NASDAQ,KLAC,2006-02-13,0.12
NASDAQ,KLAC,2005-11-10,0.12
NASDAQ,KLAC,2005-08-11,0.12
NASDAQ,KLAC,2005-04-28,0.12
NASDAQ,KOSS,2009-12-29,0.06
NASDAQ,KOSS,2009-09-28,0.065
NASDAQ,KOSS,2009-06-26,0.065
NASDAQ,KOSS,2009-03-27,0.065
NASDAQ,KOSS,2008-12-29,0.065
NASDAQ,KOSS,2008-09-26,0.065
NASDAQ,KOSS,2008-06-26,0.065
NASDAQ,KOSS,2008-03-27,0.065
NASDAQ,KOSS,2007-12-27,0.065
NASDAQ,KOSS,2007-11-14,0.5
NASDAQ,KOSS,2007-09-26,0.065
NASDAQ,KOSS,2007-06-27,0.065
NASDAQ,KOSS,2007-03-28,0.065
NASDAQ,KOSS,2006-12-27,0.065
NASDAQ,KOSS,2006-09-27,0.065
NASDAQ,KOSS,2006-06-28,0.565
NASDAQ,KOSS,2006-03-29,0.065
NASDAQ,KOSS,2005-12-28,0.065
NASDAQ,KOSS,2005-09-28,0.065
NASDAQ,KOSS,2005-06-28,0.065
NASDAQ,KOSS,2005-03-29,0.065
NASDAQ,KOSS,2004-12-29,0.065
NASDAQ,KOSS,2004-09-28,0.065
NASDAQ,KOSS,2004-07-15,0.065
NASDAQ,KOSS,2004-03-29,0.065
NASDAQ,KOSS,2003-12-29,0.065
NASDAQ,KOSS,2003-10-01,0.065
NASDAQ,KOSS,2003-07-16,0.065
NASDAQ,KOSS,2003-04-07,0.065
NASDAQ,KOSS,2002-12-27,0.065
NASDAQ,KOSS,2002-09-26,0.065
NASDAQ,KOSS,2002-06-26,0.06
NASDAQ,KOSS,2002-03-26,0.065
NASDAQ,KOSS,2001-12-27,0.06
NASDAQ,KOSS,2001-09-26,0.0625
NASDAQ,KEYN,2009-11-27,0.05
NASDAQ,KENT,2005-03-17,0.3
NASDAQ,KALU,2010-01-21,0.24
NASDAQ,KALU,2009-10-21,0.24
NASDAQ,KALU,2009-07-23,0.24
NASDAQ,KALU,2009-04-23,0.24
NASDAQ,KALU,2009-01-22,0.24
NASDAQ,KALU,2008-10-22,0.24
NASDAQ,KALU,2008-07-23,0.24
NASDAQ,KALU,2008-04-23,0.18
NASDAQ,KALU,2008-01-23,0.18
NASDAQ,KALU,2007-10-24,0.18
NASDAQ,KALU,2007-07-25,0.18
NASDAQ,KELYA,2008-11-25,0.135
NASDAQ,KELYA,2008-08-27,0.135
NASDAQ,KELYA,2008-05-21,0.135
NASDAQ,KELYA,2008-02-20,0.135
NASDAQ,KELYA,2007-11-28,0.135
NASDAQ,KELYA,2007-08-29,0.135
NASDAQ,KELYA,2007-05-23,0.125
NASDAQ,KELYA,2007-02-21,0.125
NASDAQ,KELYA,2006-11-17,0.125
NASDAQ,KELYA,2006-08-18,0.125
NASDAQ,KELYA,2006-05-19,0.1
NASDAQ,KELYA,2006-02-16,0.1
NASDAQ,KELYA,2005-11-10,0.1
NASDAQ,KELYA,2005-08-12,0.1
NASDAQ,KELYA,2005-05-13,0.1
NASDAQ,KELYA,2005-02-17,0.1
NASDAQ,KELYA,2004-11-10,0.1
NASDAQ,KELYA,2004-08-12,0.1
NASDAQ,KELYA,2004-05-13,0.1
NASDAQ,KELYA,2004-02-19,0.1
NASDAQ,KELYA,2003-11-13,0.1
NASDAQ,KELYA,2003-08-14,0.1
NASDAQ,KELYA,2003-05-08,0.1
NASDAQ,KELYA,2003-02-12,0.1
NASDAQ,KELYA,2002-11-21,0.1
NASDAQ,KELYA,2002-08-22,0.1
NASDAQ,KELYA,2002-05-22,0.1
NASDAQ,KELYA,2002-02-21,0.1
NASDAQ,KELYA,2001-12-06,0.1
NASDAQ,KELYA,2001-08-23,0.25
NASDAQ,KELYA,2001-05-24,0.25
NASDAQ,KELYA,2001-02-22,0.25
NASDAQ,KELYA,2000-11-22,0.25
NASDAQ,KELYA,2000-08-24,0.25
NASDAQ,KELYA,2000-05-25,0.25
NASDAQ,KELYA,2000-02-24,0.24
NASDAQ,KELYA,1999-11-24,0.24
NASDAQ,KELYA,1999-08-26,0.24
NASDAQ,KELYA,1999-05-27,0.24
NASDAQ,KELYA,1999-02-25,0.23
NASDAQ,KELYA,1998-11-25,0.23
NASDAQ,KELYA,1998-08-27,0.23
NASDAQ,KELYA,1998-05-28,0.23
NASDAQ,KELYA,1998-02-26,0.22
NASDAQ,KELYA,1997-11-26,0.22
NASDAQ,KELYA,1997-08-28,0.22
NASDAQ,KELYA,1997-05-29,0.22
NASDAQ,KELYA,1997-02-27,0.21
NASDAQ,KELYA,1996-11-27,0.21
NASDAQ,KELYA,1996-08-29,0.21
NASDAQ,KELYA,1996-05-30,0.21
NASDAQ,KELYA,1996-02-29,0.2
NASDAQ,KELYA,1995-11-22,0.2
NASDAQ,KELYA,1995-08-24,0.2
NASDAQ,KELYA,1995-05-23,0.2
NASDAQ,KELYA,1995-02-21,0.18
NASDAQ,KELYA,1994-11-21,0.18
NASDAQ,KELYA,1994-08-23,0.18
NASDAQ,KELYA,1994-05-24,0.18
NASDAQ,KELYA,1994-02-22,0.16
NASDAQ,KELYA,1993-11-19,0.16
NASDAQ,KELYA,1993-08-23,0.16
NASDAQ,KELYA,1993-05-24,0.16
NASDAQ,KELYA,1993-02-22,0.152
NASDAQ,KELYA,1992-11-20,0.152
NASDAQ,KELYA,1992-08-24,0.144
NASDAQ,KELYA,1992-05-22,0.144
NASDAQ,KELYA,1992-02-24,0.144
NASDAQ,KELYA,1991-11-22,0.144
NASDAQ,KELYA,1991-08-26,0.144
NASDAQ,KELYA,1991-05-24,0.144
NASDAQ,KELYA,1991-02-25,0.144
NASDAQ,KELYA,1990-11-26,0.132
NASDAQ,KELYA,1990-08-27,0.132
NASDAQ,KELYA,1990-05-21,0.132
NASDAQ,KSWS,2008-12-29,0.05
NASDAQ,KSWS,2008-12-08,2.0
NASDAQ,KSWS,2008-09-26,0.05
NASDAQ,KSWS,2008-06-26,0.05
NASDAQ,KSWS,2008-03-27,0.05
NASDAQ,KSWS,2007-12-27,0.05
NASDAQ,KSWS,2007-09-26,0.05
NASDAQ,KSWS,2007-06-27,0.05
NASDAQ,KSWS,2007-03-28,0.05
NASDAQ,KSWS,2006-12-27,0.05
NASDAQ,KSWS,2006-09-27,0.05
NASDAQ,KSWS,2006-06-28,0.05
NASDAQ,KSWS,2006-03-29,0.05
NASDAQ,KSWS,2005-12-28,0.05
NASDAQ,KSWS,2005-09-28,0.05
NASDAQ,KSWS,2005-06-28,0.05
NASDAQ,KSWS,2005-03-29,0.025
NASDAQ,KSWS,2004-12-29,0.025
NASDAQ,KSWS,2004-09-28,0.025
NASDAQ,KSWS,2004-06-28,0.025
NASDAQ,KSWS,2004-03-29,0.025
NASDAQ,KSWS,2003-12-29,0.02
NASDAQ,KSWS,2003-09-26,0.01
NASDAQ,KSWS,2003-06-26,0.005
NASDAQ,KSWS,2003-03-27,0.005
NASDAQ,KSWS,2002-12-27,0.005
NASDAQ,KSWS,2002-09-26,0.005
NASDAQ,KSWS,2002-06-26,0.005
NASDAQ,KSWS,2002-03-27,0.00375
NASDAQ,KSWS,2001-12-27,0.00375
NASDAQ,KSWS,2001-09-26,0.00375
NASDAQ,KSWS,2001-06-27,0.00375
NASDAQ,KSWS,2001-03-28,0.00375
NASDAQ,KSWS,2000-12-27,0.00375
NASDAQ,KSWS,2000-09-27,0.00375
NASDAQ,KSWS,2000-06-28,0.00375
NASDAQ,KSWS,2000-03-29,0.00375
NASDAQ,KSWS,1999-12-29,0.00375
NASDAQ,KSWS,1999-09-28,0.00375
NASDAQ,KSWS,1999-06-28,0.004
NASDAQ,KSWS,1999-03-29,0.00375
NASDAQ,KSWS,1998-12-29,0.0025
NASDAQ,KSWS,1998-09-28,0.0025
NASDAQ,KSWS,1998-06-26,0.0025
NASDAQ,KSWS,1998-03-27,0.0025
NASDAQ,KSWS,1997-12-29,0.0025
NASDAQ,KSWS,1997-09-26,0.0025
NASDAQ,KSWS,1997-06-26,0.0025
NASDAQ,KSWS,1997-03-26,0.0025
NASDAQ,KSWS,1996-12-27,0.0025
NASDAQ,KSWS,1996-09-26,0.0025
NASDAQ,KSWS,1996-06-26,0.0025
NASDAQ,KSWS,1996-03-27,0.0025
NASDAQ,KSWS,1995-12-27,0.0025
NASDAQ,KSWS,1995-09-27,0.0025
NASDAQ,KSWS,1995-06-28,0.0025
NASDAQ,KSWS,1995-03-27,0.0025
NASDAQ,KSWS,1994-12-23,0.0025
NASDAQ,KSWS,1994-09-26,0.0025
NASDAQ,KSWS,1994-06-24,0.0025
NASDAQ,KSWS,1994-03-25,0.0025
NASDAQ,KSW,2009-06-25,0.1
NASDAQ,KSW,2008-05-21,0.2
NASDAQ,KSW,2007-05-22,0.0
NASDAQ,KSW,2006-05-22,0.05714
NASDAQ,KFED,2010-02-08,0.11
NASDAQ,KFED,2009-11-05,0.11
NASDAQ,KFED,2009-09-04,0.11
NASDAQ,KFED,2009-05-13,0.11
NASDAQ,KFED,2009-02-11,0.11
NASDAQ,KFED,2008-11-07,0.11
NASDAQ,KFED,2008-09-02,0.11
NASDAQ,KFED,2008-05-13,0.11
NASDAQ,KFED,2008-02-12,0.11
NASDAQ,KFED,2007-11-28,0.1
NASDAQ,KFED,2007-09-04,0.1
NASDAQ,KFED,2007-05-30,0.1
NASDAQ,KFED,2007-03-09,0.1
NASDAQ,KFED,2006-11-22,0.1
NASDAQ,KFED,2006-08-30,0.09
NASDAQ,KFED,2006-05-31,0.08
NASDAQ,KFED,2006-03-08,0.07
NASDAQ,KFED,2005-11-30,0.07
NASDAQ,KFED,2005-09-07,0.06
NASDAQ,KFED,2005-06-14,0.06
NASDAQ,KFED,2005-03-08,0.05
NASDAQ,KFED,2004-11-05,0.05
NASDAQ,KRNY,2009-12-30,0.05
NASDAQ,KRNY,2009-09-30,0.05
NASDAQ,KRNY,2009-06-30,0.05
NASDAQ,KRNY,2009-04-01,0.05
NASDAQ,KRNY,2008-12-30,0.05
NASDAQ,KRNY,2008-10-01,0.05
NASDAQ,KRNY,2008-07-01,0.05
NASDAQ,KRNY,2008-04-02,0.05
NASDAQ,KRNY,2008-01-02,0.05
NASDAQ,KRNY,2007-10-03,0.05
NASDAQ,KRNY,2007-07-03,0.05
NASDAQ,KRNY,2007-04-03,0.05
NASDAQ,KRNY,2007-01-03,0.05
NASDAQ,KRNY,2006-10-04,0.05
NASDAQ,KRNY,2006-07-05,0.05
NASDAQ,KRNY,2006-04-05,0.05
NASDAQ,KRNY,2006-01-04,0.05
NASDAQ,KRNY,2005-10-05,0.05
NASDAQ,KRNY,2005-07-14,0.04
NASDAQ,KBALB,2009-12-22,0.05
NASDAQ,KBALB,2009-09-23,0.05
NASDAQ,KBALB,2009-06-23,0.05
NASDAQ,KBALB,2009-03-23,0.05
NASDAQ,KBALB,2008-12-22,0.16
NASDAQ,KBALB,2008-09-23,0.16
NASDAQ,KBALB,2008-06-23,0.16
NASDAQ,KBALB,2008-03-20,0.16
NASDAQ,KBALB,2007-12-20,0.16
NASDAQ,KBALB,2007-09-21,0.16
NASDAQ,KBALB,2007-06-21,0.16
NASDAQ,KBALB,2007-03-21,0.16
NASDAQ,KBALB,2006-12-20,0.16
NASDAQ,KBALB,2006-09-21,0.16
NASDAQ,KBALB,2006-06-21,0.16
NASDAQ,KBALB,2006-03-22,0.16
NASDAQ,KBALB,2005-12-21,0.16
NASDAQ,KBALB,2005-09-21,0.16
NASDAQ,KBALB,2005-06-22,0.16
NASDAQ,KBALB,2005-03-22,0.16
NASDAQ,KBALB,2004-12-21,0.16
NASDAQ,KBALB,2004-09-22,0.16
NASDAQ,KBALB,2004-06-23,0.16
NASDAQ,KBALB,2004-03-23,0.16
NASDAQ,KBALB,2003-12-22,0.16
NASDAQ,KBALB,2003-09-23,0.16
NASDAQ,KBALB,2003-06-23,0.16
NASDAQ,KBALB,2003-03-21,0.16
NASDAQ,KBALB,2002-12-20,0.16
NASDAQ,KBALB,2002-09-23,0.16
NASDAQ,KBALB,2002-06-21,0.16
NASDAQ,KBALB,2002-03-21,0.16
NASDAQ,KBALB,2001-12-20,0.16
NASDAQ,KBALB,2001-09-21,0.16
NASDAQ,KBALB,2001-06-21,0.16
NASDAQ,KBALB,2001-03-21,0.16
NASDAQ,KBALB,2000-12-21,0.16
NASDAQ,KBALB,2000-09-21,0.16
NASDAQ,KBALB,2000-06-21,0.16
NASDAQ,KBALB,2000-03-22,0.16
NASDAQ,KBALB,1999-12-21,0.16
NASDAQ,KBALB,1999-09-22,0.16
NASDAQ,KBALB,1999-06-23,0.16
NASDAQ,KBALB,1999-03-23,0.16
NASDAQ,KBALB,1998-12-22,0.16
NASDAQ,KBALB,1998-09-23,0.16
NASDAQ,KBALB,1998-06-23,0.16
NASDAQ,KBALB,1998-03-23,0.15
NASDAQ,KBALB,1997-12-23,0.15
NASDAQ,KBALB,1997-09-23,0.145
NASDAQ,KBALB,1997-06-23,0.145
NASDAQ,KBALB,1997-03-21,0.13
NASDAQ,KBALB,1996-12-23,0.13
NASDAQ,KBALB,1996-09-23,0.13
NASDAQ,KBALB,1996-06-21,0.13
NASDAQ,KBALB,1996-03-21,0.115
NASDAQ,KBALB,1995-12-21,0.115
NASDAQ,KBALB,1995-09-21,0.115
NASDAQ,KBALB,1995-06-21,0.115
NASDAQ,KBALB,1995-03-20,0.105
NASDAQ,KBALB,1994-12-19,0.105
NASDAQ,KBALB,1994-09-19,0.105
NASDAQ,KBALB,1994-06-20,0.105
NASDAQ,KBALB,1994-03-21,0.105
NASDAQ,KBALB,1993-12-17,0.105
NASDAQ,KBALB,1993-09-20,0.105
NASDAQ,KBALB,1993-06-21,0.105
NASDAQ,KBALB,1993-03-19,0.095
NASDAQ,KBALB,1992-12-17,0.095
NASDAQ,KBALB,1992-09-21,0.095
NASDAQ,KBALB,1992-06-19,0.095
NASDAQ,KBALB,1992-03-19,0.085
NASDAQ,KBALB,1991-12-19,0.085
NASDAQ,KBALB,1991-09-19,0.085
NASDAQ,KBALB,1991-06-19,0.085
NASDAQ,KBALB,1991-03-19,0.085
NASDAQ,KBALB,1990-12-18,0.085
NASDAQ,KBALB,1990-09-19,0.075
NASDAQ,KBALB,1990-06-19,0.075
NASDAQ,KAMN,2009-12-17,0.14
NASDAQ,KAMN,2009-10-07,0.14
NASDAQ,KAMN,2009-06-18,0.14
NASDAQ,KAMN,2009-03-19,0.14
NASDAQ,KAMN,2008-12-18,0.14
NASDAQ,KAMN,2008-10-02,0.14
NASDAQ,KAMN,2008-06-19,0.14
NASDAQ,KAMN,2008-03-19,0.14
NASDAQ,KAMN,2007-12-20,0.14
NASDAQ,KAMN,2007-10-03,0.14
NASDAQ,KAMN,2007-06-21,0.125
NASDAQ,KAMN,2007-03-22,0.125
NASDAQ,KAMN,2006-12-21,0.125
NASDAQ,KAMN,2006-10-04,0.125
NASDAQ,KAMN,2006-06-22,0.125
NASDAQ,KAMN,2006-03-23,0.125
NASDAQ,KAMN,2005-12-21,0.125
NASDAQ,KAMN,2005-10-07,0.125
NASDAQ,KAMN,2005-06-23,0.125
NASDAQ,KAMN,2005-03-23,0.11
NASDAQ,KAMN,2004-12-22,0.11
NASDAQ,KAMN,2004-10-08,0.11
NASDAQ,KAMN,2004-06-24,0.11
NASDAQ,KAMN,2004-03-25,0.11
NASDAQ,KAMN,2003-12-24,0.11
NASDAQ,KAMN,2003-10-06,0.11
NASDAQ,KAMN,2003-06-26,0.11
NASDAQ,KAMN,2003-03-20,0.11
NASDAQ,KAMN,2002-12-26,0.11
NASDAQ,KAMN,2002-10-07,0.11
NASDAQ,KAMN,2002-06-27,0.11
NASDAQ,KAMN,2002-03-21,0.11
NASDAQ,KAMN,2001-12-27,0.11
NASDAQ,KAMN,2001-09-27,0.11
NASDAQ,KAMN,2001-06-25,0.11
NASDAQ,KAMN,2001-03-22,0.11
NASDAQ,KAMN,2000-12-14,0.11
NASDAQ,KAMN,2000-09-28,0.11
NASDAQ,KAMN,2000-07-03,0.11
NASDAQ,KAMN,2000-03-23,0.11
NASDAQ,KAMN,1999-12-22,0.11
NASDAQ,KAMN,1999-09-30,0.11
NASDAQ,KAMN,1999-06-24,0.11
NASDAQ,KAMN,1999-03-25,0.11
NASDAQ,KAMN,1998-12-23,0.11
NASDAQ,KAMN,1998-10-01,0.11
NASDAQ,KAMN,1998-06-25,0.11
NASDAQ,KAMN,1998-03-26,0.11
NASDAQ,KAMN,1997-12-24,0.11
NASDAQ,KAMN,1997-10-02,0.11
NASDAQ,KAMN,1997-06-26,0.11
NASDAQ,KAMN,1997-03-26,0.11
NASDAQ,KAMN,1996-12-26,0.11
NASDAQ,KAMN,1996-10-03,0.11
NASDAQ,KAMN,1996-06-27,0.11
NASDAQ,KAMN,1996-03-28,0.11
NASDAQ,KAMN,1995-12-28,0.11
NASDAQ,KAMN,1995-09-28,0.11
NASDAQ,KAMN,1995-06-29,0.11
NASDAQ,KAMN,1995-03-28,0.11
NASDAQ,KAMN,1994-12-23,0.11
NASDAQ,KAMN,1994-09-27,0.11
NASDAQ,KAMN,1994-07-05,0.11
NASDAQ,KAMN,1994-03-28,0.11
NASDAQ,KAMN,1993-12-28,0.11
NASDAQ,KAMN,1993-09-28,0.11
NASDAQ,KAMN,1993-07-06,0.11
NASDAQ,KAMN,1993-03-30,0.11
NASDAQ,KAMN,1992-12-28,0.11
NASDAQ,KAMN,1992-09-29,0.11
NASDAQ,KAMN,1992-06-29,0.11
NASDAQ,KAMN,1992-03-31,0.11
NASDAQ,KAMN,1991-12-30,0.11
NASDAQ,KAMN,1991-10-01,0.11
NASDAQ,KAMN,1991-07-01,0.11
NASDAQ,KAMN,1991-03-25,0.11
NASDAQ,KAMN,1990-12-31,0.11
NASDAQ,KAMN,1990-10-01,0.11
NASDAQ,KAMN,1990-07-02,0.11
NASDAQ,KAMN,1990-03-27,0.11
NASDAQ,KEQU,2009-12-02,0.1
NASDAQ,KEQU,2009-09-03,0.1
NASDAQ,KEQU,2009-06-04,0.08
NASDAQ,KEQU,2009-03-10,0.08
NASDAQ,KEQU,2008-12-03,0.08
NASDAQ,KEQU,2008-09-04,0.08
NASDAQ,KEQU,2008-06-05,0.08
NASDAQ,KEQU,2008-03-06,0.07
NASDAQ,KEQU,2007-11-28,0.07
NASDAQ,KEQU,2007-08-30,0.07
NASDAQ,KEQU,2007-06-07,0.07
NASDAQ,KEQU,2007-03-07,0.07
NASDAQ,KEQU,2006-12-07,0.07
NASDAQ,KEQU,2006-09-01,0.07
NASDAQ,KEQU,2006-06-07,0.07
NASDAQ,KEQU,2006-03-02,0.07
NASDAQ,KEQU,2005-12-01,0.07
NASDAQ,KEQU,2005-09-06,0.07
NASDAQ,KEQU,2005-06-01,0.07
NASDAQ,KEQU,2005-03-02,0.07
NASDAQ,KEQU,2004-12-01,0.07
NASDAQ,KEQU,2004-09-02,0.07
NASDAQ,KEQU,2004-06-02,0.07
NASDAQ,KEQU,2004-03-02,0.07
NASDAQ,KEQU,2003-12-02,0.07
NASDAQ,KEQU,2003-09-04,0.07
NASDAQ,KEQU,2003-05-29,0.07
NASDAQ,KEQU,2003-03-05,0.07
NASDAQ,KEQU,2002-11-27,0.07
NASDAQ,KEQU,2002-09-05,0.07
NASDAQ,KEQU,2002-05-30,0.07
NASDAQ,KEQU,2002-02-28,0.07
NASDAQ,KEQU,2001-11-29,0.07
NASDAQ,KEQU,2001-08-30,0.07
NASDAQ,KEQU,2001-05-30,0.07
NASDAQ,KEQU,2001-03-01,0.07
NASDAQ,KEQU,2000-12-07,0.07
NASDAQ,KEQU,2000-08-30,0.07
NASDAQ,KEQU,2000-06-02,0.07
NASDAQ,KEQU,2000-03-06,0.07
NASDAQ,KEQU,1999-11-29,0.07
NASDAQ,KEQU,1999-09-01,0.06
NASDAQ,KEQU,1999-06-03,0.06
NASDAQ,KEQU,1999-02-25,0.06
NASDAQ,KEQU,1998-11-27,0.06
NASDAQ,KEQU,1998-09-02,0.05
NASDAQ,KEQU,1998-06-03,0.05
NASDAQ,KEQU,1998-02-26,0.05
NASDAQ,KEQU,1997-11-26,0.05
NASDAQ,KEQU,1997-09-04,0.04
NASDAQ,KEQU,1997-06-05,0.04
NASDAQ,KEQU,1997-02-26,0.04
NASDAQ,KEQU,1996-11-27,0.04
NASDAQ,KEQU,1992-09-04,0.04
NASDAQ,KEQU,1992-06-01,0.04
NASDAQ,KEQU,1992-03-09,0.04
NASDAQ,KELYB,2008-11-25,0.135
NASDAQ,KELYB,2008-08-27,0.135
NASDAQ,KELYB,2008-05-21,0.135
NASDAQ,KELYB,2008-02-20,0.135
NASDAQ,KELYB,2007-11-28,0.135
NASDAQ,KELYB,2007-08-29,0.135
NASDAQ,KELYB,2007-05-23,0.125
NASDAQ,KELYB,2007-02-21,0.125
NASDAQ,KELYB,2006-11-17,0.125
NASDAQ,KELYB,2006-08-18,0.125
NASDAQ,KELYB,2006-05-19,0.1
NASDAQ,KELYB,2006-02-16,0.1
NASDAQ,KELYB,2005-11-10,0.1
NASDAQ,KELYB,2005-08-12,0.1
NASDAQ,KELYB,2005-05-13,0.1
NASDAQ,KELYB,2005-02-17,0.1
NASDAQ,KELYB,2004-11-10,0.1
NASDAQ,KELYB,2004-08-12,0.1
NASDAQ,KELYB,2004-05-13,0.1
NASDAQ,KELYB,2004-02-19,0.1
NASDAQ,KELYB,2003-11-13,0.1
NASDAQ,KELYB,2003-08-14,0.1
NASDAQ,KELYB,2003-05-08,0.1
NASDAQ,KELYB,2003-02-12,0.1
NASDAQ,KELYB,2002-11-21,0.1
NASDAQ,KELYB,2002-08-22,0.1
NASDAQ,KELYB,2002-05-22,0.1
NASDAQ,KELYB,2002-02-21,0.1
NASDAQ,KELYB,2001-12-06,0.1
NASDAQ,KELYB,2001-08-23,0.25
NASDAQ,KELYB,2001-05-24,0.25
NASDAQ,KELYB,2001-02-22,0.25
NASDAQ,KELYB,2000-11-22,0.25
NASDAQ,KELYB,2000-08-24,0.25
NASDAQ,KELYB,2000-05-25,0.25
NASDAQ,KELYB,2000-02-24,0.24
NASDAQ,KELYB,1999-11-24,0.24
NASDAQ,KELYB,1999-08-26,0.24
NASDAQ,KELYB,1999-05-27,0.24
NASDAQ,KELYB,1999-02-25,0.23
NASDAQ,KELYB,1998-11-25,0.23
NASDAQ,KELYB,1998-08-27,0.23
NASDAQ,KELYB,1998-05-28,0.23
NASDAQ,KELYB,1998-02-26,0.22
NASDAQ,KELYB,1997-11-26,0.22
NASDAQ,KELYB,1997-08-28,0.22
NASDAQ,KELYB,1997-05-29,0.22
NASDAQ,KELYB,1997-02-27,0.21
NASDAQ,KELYB,1996-11-27,0.21
NASDAQ,KELYB,1996-08-29,0.21
NASDAQ,KELYB,1996-05-30,0.21
NASDAQ,KELYB,1996-02-29,0.2
NASDAQ,KELYB,1995-11-22,0.2
NASDAQ,KELYB,1995-08-24,0.2
NASDAQ,KFFB,2010-01-27,0.1
NASDAQ,KFFB,2009-10-28,0.1
NASDAQ,KFFB,2009-07-29,0.1
NASDAQ,KFFB,2009-04-28,0.1
NASDAQ,KFFB,2009-01-28,0.1
NASDAQ,KFFB,2008-10-29,0.1
NASDAQ,KFFB,2008-07-29,0.1
NASDAQ,KFFB,2008-06-03,0.1
NASDAQ,KFFB,2008-01-29,0.1
NASDAQ,KFFB,2007-10-29,0.1
NASDAQ,KFFB,2007-07-27,0.1
NASDAQ,KFFB,2007-04-26,0.1
NASDAQ,KFFB,2007-01-29,0.1
NASDAQ,KFFB,2006-10-27,0.1
NASDAQ,KFFB,2006-07-26,0.1
NASDAQ,KFFB,2006-04-26,0.1
NASDAQ,KFFB,2006-01-27,0.1
NASDAQ,KFFB,2005-10-27,0.1
NASDAQ,KFFB,2005-07-27,0.1
NASDAQ,KFFB,2005-04-27,0.1
NASDAQ,KCLI,2010-02-02,0.27
NASDAQ,KCLI,2009-11-03,0.27
NASDAQ,KCLI,2009-08-04,0.27
NASDAQ,KCLI,2009-05-05,0.27
NASDAQ,KCLI,2009-02-03,0.27
NASDAQ,KCLI,2008-11-04,0.27
NASDAQ,KCLI,2008-08-05,0.27
NASDAQ,KCLI,2008-05-06,0.27
NASDAQ,KCLI,2008-02-05,0.27
NASDAQ,KCLI,2007-11-06,0.27
NASDAQ,KCLI,2007-08-07,0.27
NASDAQ,KCLI,2007-05-08,0.27
NASDAQ,KCLI,2007-02-06,2.27
NASDAQ,KCLI,2006-11-07,0.27
NASDAQ,KCLI,2006-08-08,0.27
NASDAQ,KCLI,2006-05-09,0.27
NASDAQ,KCLI,2006-02-07,0.27
NASDAQ,KCLI,2005-11-15,0.27
NASDAQ,KCLI,2005-08-16,0.27
NASDAQ,KCLI,2005-05-17,0.27
NASDAQ,KCLI,2005-02-03,0.27
NASDAQ,KCLI,2004-11-04,0.27
NASDAQ,KCLI,2004-08-05,0.27
NASDAQ,KCLI,2004-05-06,0.27
NASDAQ,KCLI,2004-02-05,0.27
NASDAQ,KCLI,2003-11-06,0.27
NASDAQ,KCLI,2003-08-07,0.27
NASDAQ,KCLI,2003-05-08,0.27
NASDAQ,KCLI,2003-04-22,0.0
NASDAQ,KCLI,2003-04-21,0.0
NASDAQ,KCLI,2003-02-06,0.27
NASDAQ,KCLI,2002-11-06,0.27
NASDAQ,KCLI,2002-08-23,0.003
NASDAQ,KCLI,2002-08-01,0.27
NASDAQ,KCLI,2002-05-02,0.27
NASDAQ,KCLI,2002-02-07,0.27
NASDAQ,KCLI,2001-11-01,0.27
NASDAQ,KCLI,2001-08-02,0.27
NASDAQ,KCLI,2001-05-03,0.27
NASDAQ,KCLI,2001-02-01,0.27
NASDAQ,KCLI,2000-11-02,0.25
NASDAQ,KCLI,2000-08-03,0.25
NASDAQ,KCLI,2000-05-04,0.25
NASDAQ,KCLI,2000-02-03,0.25
NASDAQ,KCLI,1999-11-04,0.24
NASDAQ,KCLI,1999-09-15,1.0
NASDAQ,KCLI,1999-08-05,0.24
NASDAQ,KCLI,1999-05-06,0.24
NASDAQ,KCLI,1999-02-04,0.24
NASDAQ,KCLI,1998-11-05,0.225
NASDAQ,KCLI,1998-08-06,0.225
NASDAQ,KCLI,1998-05-07,0.225
NASDAQ,KCLI,1998-02-05,0.225
NASDAQ,KCLI,1997-11-06,0.22
NASDAQ,KCLI,1997-08-07,0.22
NASDAQ,KCLI,1997-05-08,0.22
NASDAQ,KCLI,1997-02-06,0.22
NASDAQ,KCLI,1996-11-07,0.21
NASDAQ,KCLI,1996-08-01,0.21
NASDAQ,KCLI,1996-05-02,0.21
NASDAQ,KCLI,1996-02-01,0.21
NASDAQ,KCLI,1995-11-02,0.195
NASDAQ,KCAP,2009-12-23,0.2
NASDAQ,KCAP,2009-10-07,0.24
NASDAQ,KCAP,2009-07-07,0.24
NASDAQ,KCAP,2009-04-06,0.24
NASDAQ,KCAP,2008-12-29,0.27
NASDAQ,KCAP,2008-10-07,0.35
NASDAQ,KCAP,2008-07-07,0.41
NASDAQ,KCAP,2008-04-04,0.41
NASDAQ,KCAP,2008-04-01,0.015
NASDAQ,KCAP,2007-12-20,0.39
NASDAQ,KCAP,2007-10-05,0.37
NASDAQ,KCAP,2007-07-05,0.35
NASDAQ,KCAP,2007-04-03,0.29
