exchange,stock_symbol,date,dividends
NASDAQ,THRD,2010-02-05,0.2
NASDAQ,THRD,2009-11-05,0.2
NASDAQ,THRD,2009-08-05,0.2
NASDAQ,THRD,2009-05-07,0.2
NASDAQ,THRD,2009-02-06,0.2
NASDAQ,THRD,2008-11-05,0.2
NASDAQ,THRD,2008-08-06,0.2
NASDAQ,THRD,2008-05-06,0.2
NASDAQ,THRD,2008-02-06,0.2
NASDAQ,THRD,2007-11-06,0.2
NASDAQ,THRD,2007-08-06,0.2
NASDAQ,THRD,2007-05-04,0.2
NASDAQ,THRD,2007-02-06,0.2
NASDAQ,THRD,2006-11-06,0.19
NASDAQ,THRD,2006-08-04,0.19
NASDAQ,THRD,2006-05-04,0.19
NASDAQ,THRD,2006-02-06,0.19
NASDAQ,THRD,2005-11-03,0.18
NASDAQ,THRD,2005-08-04,0.18
NASDAQ,THRD,2005-05-05,0.18
NASDAQ,THRD,2005-02-03,0.18
NASDAQ,THRD,2004-11-03,0.17
NASDAQ,THRD,2004-08-04,0.17
NASDAQ,THRD,2004-05-06,0.17
NASDAQ,THRD,2004-02-05,0.15
NASDAQ,THRD,2003-11-03,0.15
NASDAQ,THRD,2003-07-31,0.15
NASDAQ,THRD,2003-05-01,0.15
NASDAQ,THRD,2003-01-30,0.15
NASDAQ,THRD,2002-11-01,0.15
NASDAQ,THRD,2002-08-06,0.15
NASDAQ,THRD,2002-05-02,0.15
NASDAQ,THRD,2002-02-01,0.15
NASDAQ,THRD,2001-11-01,0.15
NASDAQ,THRD,2001-07-30,0.15
NASDAQ,THRD,2001-04-27,0.14
NASDAQ,THRD,2001-02-02,0.14
NASDAQ,THRD,2000-11-02,0.13
NASDAQ,THRD,2000-08-03,0.13
NASDAQ,THRD,2000-04-27,0.13
NASDAQ,THRD,2000-01-27,0.13
NASDAQ,THRD,1999-10-28,0.13
NASDAQ,THRD,1999-08-04,0.12
NASDAQ,THRD,1999-04-28,0.12
NASDAQ,THRD,1999-01-27,0.12
NASDAQ,THRD,1998-10-28,0.12
NASDAQ,THRD,1998-07-29,0.12
NASDAQ,THRD,1998-04-29,0.12
NASDAQ,THRD,1998-02-06,0.12
NASDAQ,THRD,1997-11-06,0.1
NASDAQ,THRD,1997-07-29,0.1
NASDAQ,THRD,1997-04-28,0.1
NASDAQ,THRD,1997-01-29,0.1
NASDAQ,THRD,1996-08-08,0.08
NASDAQ,THRD,1996-05-08,0.08
NASDAQ,THRD,1996-04-29,0.08
NASDAQ,THRD,1996-02-08,0.07
NASDAQ,THRD,1995-11-14,0.07
NASDAQ,THRD,1995-08-14,0.07
NASDAQ,THRD,1995-05-11,0.05
NASDAQ,TECH,2009-11-05,0.26
NASDAQ,TECH,2009-08-13,0.25
NASDAQ,TECH,2009-05-06,0.25
NASDAQ,TECH,2009-02-11,0.25
NASDAQ,TECH,2008-10-30,0.25
NASDAQ,TAIT,2009-06-11,0.05
NASDAQ,TAIT,2008-04-11,0.05
NASDAQ,TAIT,2007-01-18,0.1
NASDAQ,TAMB,2009-02-11,0.06
NASDAQ,TAMB,2008-11-12,0.06
NASDAQ,TAMB,2008-08-13,0.055
NASDAQ,TAMB,2008-05-14,0.055
NASDAQ,TAMB,2008-02-13,0.05
NASDAQ,TAMB,2007-11-13,0.05
NASDAQ,TAMB,2007-08-13,0.045
NASDAQ,TAMB,2007-05-11,0.045
NASDAQ,TAMB,2006-12-27,0.03738
NASDAQ,TAMB,2006-10-24,0.03738
NASDAQ,TAMB,2006-07-06,0.03738
NASDAQ,TAMB,2006-03-29,0.03738
NASDAQ,TAMB,2005-12-28,0.02804
NASDAQ,TAMB,2005-12-12,0.02804
NASDAQ,TAMB,2005-09-28,0.02804
NASDAQ,TAMB,2005-06-27,0.02804
NASDAQ,TAMB,2005-03-29,0.02804
NASDAQ,TAMB,2004-12-29,0.02336
NASDAQ,TAMB,2004-09-28,0.02336
NASDAQ,TCBK,2009-12-17,0.13
NASDAQ,TCBK,2009-09-09,0.13
NASDAQ,TCBK,2009-06-03,0.13
NASDAQ,TCBK,2009-03-18,0.13
NASDAQ,TCBK,2008-12-10,0.13
NASDAQ,TCBK,2008-09-10,0.13
NASDAQ,TCBK,2008-06-04,0.13
NASDAQ,TCBK,2008-03-05,0.13
NASDAQ,TCBK,2007-12-05,0.13
NASDAQ,TCBK,2007-09-05,0.13
NASDAQ,TCBK,2007-06-06,0.13
NASDAQ,TCBK,2007-03-20,0.13
NASDAQ,TCBK,2006-12-06,0.12
NASDAQ,TCBK,2006-09-06,0.12
NASDAQ,TCBK,2006-06-07,0.12
NASDAQ,TCBK,2006-03-13,0.12
NASDAQ,TCBK,2005-12-07,0.12
NASDAQ,TCBK,2005-09-07,0.11
NASDAQ,TCBK,2005-06-08,0.11
NASDAQ,TCBK,2005-03-08,0.11
NASDAQ,TCBK,2004-12-08,0.11
NASDAQ,TCBK,2004-09-08,0.11
NASDAQ,TCBK,2004-06-09,0.11
NASDAQ,TCBK,2004-03-08,0.1
NASDAQ,TCBK,2003-12-08,0.1
NASDAQ,TCBK,2003-09-05,0.1
NASDAQ,TCBK,2003-06-06,0.1
NASDAQ,TCBK,2003-03-21,0.1
NASDAQ,TCBK,2002-12-06,0.1
NASDAQ,TCBK,2002-09-06,0.1
NASDAQ,TCBK,2002-06-06,0.1
NASDAQ,TCBK,2002-03-06,0.1
NASDAQ,TCBK,2001-12-06,0.1
NASDAQ,TCBK,2001-09-06,0.1
NASDAQ,TCBK,2001-06-06,0.1
NASDAQ,TCBK,2001-03-07,0.1
NASDAQ,TCBK,2000-12-06,0.1
NASDAQ,TCBK,2000-09-06,0.1
NASDAQ,TCBK,2000-06-07,0.1
NASDAQ,TCBK,2000-03-08,0.095
NASDAQ,TCBK,1999-12-08,0.095
NASDAQ,TCBK,1999-09-08,0.095
NASDAQ,TCBK,1999-06-08,0.08
NASDAQ,TCBK,1999-03-08,0.08
NASDAQ,TCBK,1998-12-08,0.08
NASDAQ,TCBK,1998-09-08,0.05334
NASDAQ,TCBK,1998-06-08,0.05334
NASDAQ,TCBK,1998-03-06,0.05334
NASDAQ,TCBK,1997-12-08,0.05334
NASDAQ,TCBK,1997-09-08,0.05334
NASDAQ,TCBK,1997-06-06,0.05334
NASDAQ,TCBK,1997-03-06,0.05334
NASDAQ,TCBK,1996-12-06,0.05334
NASDAQ,TCBK,1996-09-06,0.05334
NASDAQ,TCBK,1996-06-06,0.04333
NASDAQ,TCBK,1996-03-07,0.04333
NASDAQ,TCBK,1995-12-07,0.04333
NASDAQ,TCBK,1995-09-06,0.02667
NASDAQ,TCBK,1995-06-06,0.02667
NASDAQ,TCBK,1995-03-06,0.02667
NASDAQ,TCBK,1994-12-05,0.02667
NASDAQ,TCBK,1994-09-02,0.02667
NASDAQ,TCBK,1994-06-06,0.02667
NASDAQ,TCBK,1994-03-04,0.02667
NASDAQ,TCBK,1993-09-13,0.02667
NASDAQ,TCBK,1993-06-24,0.02667
NASDAQ,TCBK,1993-06-04,0.02667
NASDAQ,TRMS,2008-12-30,1.0
NASDAQ,TRMS,2008-05-20,1.5
NASDAQ,TRMK,2009-11-27,0.23
NASDAQ,TRMK,2009-08-28,0.23
NASDAQ,TRMK,2009-05-28,0.23
NASDAQ,TRMK,2009-02-25,0.23
NASDAQ,TRMK,2008-11-26,0.23
NASDAQ,TRMK,2008-08-27,0.23
NASDAQ,TRMK,2008-05-28,0.23
NASDAQ,TRMK,2008-02-27,0.23
NASDAQ,TRMK,2007-11-28,0.23
NASDAQ,TRMK,2007-08-29,0.22
NASDAQ,TRMK,2007-05-30,0.22
NASDAQ,TRMK,2007-02-27,0.22
NASDAQ,TRMK,2006-11-29,0.22
NASDAQ,TRMK,2006-08-30,0.21
NASDAQ,TRMK,2006-05-30,0.21
NASDAQ,TRMK,2006-02-27,0.21
NASDAQ,TRMK,2005-11-29,0.21
NASDAQ,TRMK,2005-08-30,0.2
NASDAQ,TRMK,2005-05-27,0.2
NASDAQ,TRMK,2005-02-25,0.2
NASDAQ,TRMK,2004-11-29,0.2
NASDAQ,TRMK,2004-08-30,0.19
NASDAQ,TRMK,2004-05-27,0.19
NASDAQ,TRMK,2004-02-26,0.19
NASDAQ,TRMK,2003-11-26,0.19
NASDAQ,TRMK,2003-08-27,0.165
NASDAQ,TRMK,2003-05-28,0.165
NASDAQ,TRMK,2003-03-04,0.165
NASDAQ,TRMK,2002-11-26,0.165
NASDAQ,TRMK,2002-08-28,0.15
NASDAQ,TRMK,2002-05-29,0.15
NASDAQ,TRMK,2002-02-27,0.15
NASDAQ,TRMK,2001-11-28,0.15
NASDAQ,TRMK,2001-08-29,0.135
NASDAQ,TRMK,2001-05-30,0.135
NASDAQ,TRMK,2001-02-27,0.135
NASDAQ,TRMK,2000-11-29,0.135
NASDAQ,TRMK,2000-08-30,0.125
NASDAQ,TRMK,2000-05-30,0.125
NASDAQ,TRMK,2000-02-28,0.125
NASDAQ,TRMK,1999-11-29,0.125
NASDAQ,TRMK,1999-08-30,0.105
NASDAQ,TRMK,1999-05-27,0.105
NASDAQ,TRMK,1999-02-25,0.105
NASDAQ,TRMK,1998-11-27,0.105
NASDAQ,TRMK,1998-08-28,0.082
NASDAQ,TRMK,1998-05-28,0.082
NASDAQ,TRMK,1998-02-26,0.0825
NASDAQ,TRMK,1997-11-26,0.0825
NASDAQ,TRMK,1997-08-28,0.07
NASDAQ,TRMK,1997-05-29,0.07
NASDAQ,TRMK,1997-02-27,0.07
NASDAQ,TRMK,1996-11-27,0.07
NASDAQ,TRMK,1996-08-28,0.06
NASDAQ,TRMK,1996-05-29,0.06
NASDAQ,TRMK,1996-02-28,0.06
NASDAQ,TRMK,1995-11-29,0.06
NASDAQ,TRMK,1995-08-30,0.054
NASDAQ,TRMK,1995-06-12,0.054
NASDAQ,TRMK,1995-02-23,0.054
NASDAQ,TRMK,1994-11-25,0.054
NASDAQ,TRMK,1994-08-26,0.05
NASDAQ,TRMK,1994-06-03,0.05
NASDAQ,TRMK,1993-11-24,0.05
NASDAQ,TRMK,1993-05-25,0.04666
NASDAQ,TRMK,1993-03-08,0.04666
NASDAQ,TRMK,1992-11-24,0.04666
NASDAQ,TRMK,1992-08-31,0.04417
NASDAQ,TRMK,1992-05-22,0.04417
NASDAQ,TFSL,2009-11-10,0.07
NASDAQ,TFSL,2009-08-12,0.07
NASDAQ,TFSL,2009-05-13,0.07
NASDAQ,TFSL,2009-02-11,0.07
NASDAQ,TFSL,2008-11-12,0.05
NASDAQ,TFSL,2008-08-13,0.05
NASDAQ,TFSL,2008-05-09,0.05
NASDAQ,TFSL,2008-02-21,0.05
NASDAQ,TINY,2002-07-01,0.126
NASDAQ,TINY,2000-10-11,0.02
NASDAQ,TRGL,2009-02-04,0.001
NASDAQ,TSCC,2009-06-03,2.15
NASDAQ,TSRI,2009-01-22,0.05
NASDAQ,TSRI,2008-10-22,0.05
NASDAQ,TSRI,2008-08-25,0.08
NASDAQ,TSRI,2008-04-16,0.08
NASDAQ,TSRI,2008-01-23,0.08
NASDAQ,TSRI,2007-10-25,0.08
NASDAQ,TSRI,2007-08-22,0.08
NASDAQ,TSRI,2007-04-12,0.08
NASDAQ,TSRI,2007-01-18,0.08
NASDAQ,TSRI,2006-10-16,0.08
NASDAQ,TSRI,2006-08-25,0.08
NASDAQ,TSRI,2006-04-24,0.08
NASDAQ,TSRI,2006-01-19,0.08
NASDAQ,TSRI,2005-10-12,0.08
NASDAQ,TSRI,2005-07-13,0.15
NASDAQ,TSRI,2005-04-18,0.15
NASDAQ,TSRI,2005-01-19,0.15
NASDAQ,TSRI,2004-10-13,0.15
NASDAQ,TSRI,2004-07-14,0.15
NASDAQ,TSRI,2004-04-14,0.15
NASDAQ,TSRI,2004-01-15,0.15
NASDAQ,TSRI,2003-10-14,0.15
NASDAQ,TSRI,2003-07-09,2.0
NASDAQ,TROW,2009-12-11,0.25
NASDAQ,TROW,2009-09-10,0.25
NASDAQ,TROW,2009-06-11,0.25
NASDAQ,TROW,2009-03-12,0.25
NASDAQ,TROW,2008-12-16,0.24
NASDAQ,TROW,2008-09-11,0.24
NASDAQ,TROW,2008-06-12,0.24
NASDAQ,TROW,2008-03-12,0.24
NASDAQ,TROW,2007-12-26,0.24
NASDAQ,TROW,2007-09-19,0.17
NASDAQ,TROW,2007-06-20,0.17
NASDAQ,TROW,2007-03-21,0.17
NASDAQ,TROW,2006-12-27,0.17
NASDAQ,TROW,2006-09-26,0.14
NASDAQ,TROW,2006-06-22,0.07
NASDAQ,TROW,2006-03-22,0.14
NASDAQ,TROW,2005-12-28,0.14
NASDAQ,TROW,2005-09-22,0.115
NASDAQ,TROW,2005-06-22,0.115
NASDAQ,TROW,2005-03-22,0.115
NASDAQ,TROW,2004-12-22,0.115
NASDAQ,TROW,2004-09-23,0.095
NASDAQ,TROW,2004-06-23,0.095
NASDAQ,TROW,2004-03-19,0.095
NASDAQ,TROW,2003-12-23,0.095
NASDAQ,TROW,2003-09-24,0.085
NASDAQ,TROW,2003-06-18,0.085
NASDAQ,TROW,2003-03-19,0.085
NASDAQ,TROW,2002-12-24,0.085
NASDAQ,TROW,2002-09-25,0.08
NASDAQ,TROW,2002-06-19,0.08
NASDAQ,TROW,2002-03-19,0.08
NASDAQ,TROW,2001-12-24,0.08
NASDAQ,TROW,2001-09-19,0.075
NASDAQ,TROW,2001-06-20,0.075
NASDAQ,TROW,2001-03-21,0.075
NASDAQ,TROW,2000-12-27,0.075
NASDAQ,TROW,2000-09-20,0.065
NASDAQ,TROW,2000-06-21,0.065
NASDAQ,TROW,2000-03-22,0.065
NASDAQ,TROW,1999-12-23,0.065
NASDAQ,TROW,1999-09-22,0.05
NASDAQ,TROW,1999-06-21,0.05
NASDAQ,TROW,1999-03-23,0.05
NASDAQ,TROW,1998-12-23,0.05
NASDAQ,TROW,1998-09-23,0.0425
NASDAQ,TROW,1998-06-18,0.0425
NASDAQ,TROW,1998-03-19,0.0425
NASDAQ,TROW,1997-12-24,0.0425
NASDAQ,TROW,1997-09-24,0.0325
NASDAQ,TROW,1997-06-19,0.0325
NASDAQ,TROW,1997-03-19,0.0325
NASDAQ,TROW,1996-12-26,0.0325
NASDAQ,TROW,1996-09-25,0.02625
NASDAQ,TROW,1996-06-20,0.02625
NASDAQ,TROW,1996-03-20,0.02625
NASDAQ,TROW,1995-12-26,0.02625
NASDAQ,TROW,1995-09-27,0.02
NASDAQ,TROW,1995-06-20,0.02
NASDAQ,TROW,1995-03-20,0.02
NASDAQ,TROW,1994-12-22,0.02
NASDAQ,TROW,1994-09-26,0.01625
NASDAQ,TROW,1994-06-17,0.01625
NASDAQ,TROW,1994-03-18,0.01625
NASDAQ,TROW,1993-12-23,0.01625
NASDAQ,TROW,1993-09-24,0.01312
NASDAQ,TROW,1993-06-18,0.01312
NASDAQ,TROW,1993-03-19,0.01312
NASDAQ,TROW,1992-12-21,0.01312
NASDAQ,TROW,1992-09-24,0.01125
NASDAQ,TROW,1992-06-19,0.01125
NASDAQ,TROW,1992-03-23,0.01125
NASDAQ,TROW,1991-12-20,0.01125
NASDAQ,TROW,1991-09-23,0.01031
NASDAQ,TROW,1991-06-17,0.01031
NASDAQ,TROW,1991-03-18,0.01031
NASDAQ,TROW,1990-12-20,0.01031
NASDAQ,TROW,1990-09-24,0.00937
NASDAQ,TROW,1990-06-15,0.00937
NASDAQ,TROW,1990-03-16,0.00937
NASDAQ,TROW,1989-12-22,0.00937
NASDAQ,TROW,1989-09-22,0.00438
NASDAQ,TAXI,2009-11-18,0.19
NASDAQ,TAXI,2009-08-26,0.19
NASDAQ,TAXI,2009-05-20,0.19
NASDAQ,TAXI,2009-03-13,0.19
NASDAQ,TAXI,2008-11-19,0.19
NASDAQ,TAXI,2008-08-13,0.19
NASDAQ,TAXI,2008-05-14,0.19
NASDAQ,TAXI,2008-03-12,0.19
NASDAQ,TAXI,2007-11-20,0.19
NASDAQ,TAXI,2007-08-15,0.19
NASDAQ,TAXI,2007-05-16,0.19
NASDAQ,TAXI,2007-03-28,0.19
NASDAQ,TAXI,2006-11-21,0.18
NASDAQ,TAXI,2006-08-16,0.17
NASDAQ,TAXI,2006-05-11,0.16
NASDAQ,TAXI,2006-03-08,0.15
NASDAQ,TAXI,2005-11-23,0.14
NASDAQ,TAXI,2005-08-17,0.13
NASDAQ,TAXI,2005-05-18,0.12
NASDAQ,TAXI,2005-03-09,0.11
NASDAQ,TAXI,2004-11-09,0.1
NASDAQ,TAXI,2004-08-10,0.08
NASDAQ,TAXI,2004-05-12,0.08
NASDAQ,TAXI,2004-03-10,0.07
NASDAQ,TAXI,2003-11-12,0.05
NASDAQ,TAXI,2003-08-06,0.03
NASDAQ,TAXI,2003-05-14,0.01
NASDAQ,TAXI,2002-08-29,0.03
NASDAQ,TAXI,2001-12-27,0.09
NASDAQ,TAXI,2001-08-29,0.15
NASDAQ,TAXI,2001-05-22,0.14
NASDAQ,TAXI,2000-12-06,0.36
NASDAQ,TAXI,2000-10-11,0.15
NASDAQ,TAXI,2000-08-23,0.36
NASDAQ,TAXI,2000-05-18,0.35
NASDAQ,TAXI,1999-12-29,0.4
NASDAQ,TAXI,1999-11-17,0.32
NASDAQ,TAXI,1999-08-19,0.29
NASDAQ,TAXI,1999-05-13,0.288
NASDAQ,TAXI,1998-12-29,0.34
NASDAQ,TAXI,1998-11-12,0.3
NASDAQ,TAXI,1998-08-13,0.3
NASDAQ,TAXI,1998-05-14,0.28
NASDAQ,TAXI,1997-12-29,0.27
NASDAQ,TAXI,1997-11-13,0.24
NASDAQ,TAXI,1997-08-14,0.22
NASDAQ,TAXI,1997-05-06,0.22
NASDAQ,TBAC,2008-09-26,0.04
NASDAQ,TBAC,2008-06-26,0.04
NASDAQ,TBAC,2008-03-27,0.04
NASDAQ,TBAC,2007-12-27,0.04
NASDAQ,TBAC,2007-09-26,0.04
NASDAQ,TBAC,2007-06-27,0.04
NASDAQ,TBAC,2007-03-28,0.04
NASDAQ,TBAC,2006-12-28,0.028
NASDAQ,TBAC,2006-12-27,0.028
NASDAQ,TBAC,2006-09-27,0.028
NASDAQ,TBAC,2006-06-28,0.028
NASDAQ,TBAC,2006-03-29,0.028
NASDAQ,TBAC,2005-12-28,0.028
NASDAQ,TBAC,2005-09-28,0.028
NASDAQ,TBAC,2005-06-28,0.028
NASDAQ,TBAC,2005-03-29,0.028
NASDAQ,TBAC,2004-12-29,0.028
NASDAQ,TBAC,2004-09-28,0.028
NASDAQ,TBAC,2004-06-28,0.025
NASDAQ,TBAC,2004-03-29,0.025
NASDAQ,TBAC,2003-12-29,0.025
NASDAQ,TBAC,2003-09-26,0.025
NASDAQ,TSCM,2009-12-11,0.025
NASDAQ,TSCM,2009-09-11,0.025
NASDAQ,TSCM,2009-06-12,0.025
NASDAQ,TSCM,2009-06-11,0.025
NASDAQ,TSCM,2009-03-13,0.025
NASDAQ,TSCM,2008-12-11,0.025
NASDAQ,TSCM,2008-09-11,0.025
NASDAQ,TSCM,2008-06-20,0.025
NASDAQ,TSCM,2008-03-12,0.025
NASDAQ,TSCM,2008-01-03,0.025
NASDAQ,TSCM,2007-09-14,0.025
NASDAQ,TSCM,2007-06-18,0.025
NASDAQ,TSCM,2007-03-22,0.025
NASDAQ,TSCM,2007-03-21,0.025
NASDAQ,TSCM,2006-12-18,0.025
NASDAQ,TSCM,2006-12-13,0.025
NASDAQ,TSCM,2006-09-13,0.025
NASDAQ,TSCM,2006-06-13,0.025
NASDAQ,TSCM,2006-03-08,0.025
NASDAQ,TATT,2009-11-19,0.3
NASDAQ,TATT,2009-03-24,0.55
NASDAQ,TATT,2007-10-12,0.4
NASDAQ,TATT,2006-05-12,0.2
NASDAQ,TATT,2005-10-18,0.18
NASDAQ,TATT,2004-10-14,1.18
NASDAQ,TATT,2003-06-27,0.25
NASDAQ,TATT,2003-01-02,0.45
NASDAQ,TTWO,2008-09-25,0.001
NASDAQ,TCAP,2009-12-18,0.41
NASDAQ,TCAP,2009-10-06,0.41
NASDAQ,TCAP,2009-07-07,0.4
NASDAQ,TCAP,2009-03-23,0.4
NASDAQ,TCAP,2009-02-25,0.05
NASDAQ,TCAP,2008-12-19,0.4
NASDAQ,TCAP,2008-10-28,0.38
NASDAQ,TCAP,2008-08-12,0.35
NASDAQ,TCAP,2008-06-03,0.31
NASDAQ,TCAP,2007-12-27,0.3
NASDAQ,TCAP,2007-11-27,0.27
NASDAQ,TCAP,2007-08-28,0.26
NASDAQ,TCAP,2007-05-29,0.15
NASDAQ,TRST,2009-12-02,0.063
NASDAQ,TRST,2009-09-02,0.063
NASDAQ,TRST,2009-06-03,0.063
NASDAQ,TRST,2009-03-04,0.11
NASDAQ,TRST,2008-12-03,0.11
NASDAQ,TRST,2008-09-03,0.11
NASDAQ,TRST,2008-06-04,0.11
NASDAQ,TRST,2008-03-05,0.11
NASDAQ,TRST,2007-12-05,0.16
NASDAQ,TRST,2007-09-05,0.16
NASDAQ,TRST,2007-06-06,0.16
NASDAQ,TRST,2007-02-28,0.16
NASDAQ,TRST,2006-12-06,0.16
NASDAQ,TRST,2006-09-06,0.16
NASDAQ,TRST,2006-05-31,0.16
NASDAQ,TRST,2006-03-01,0.16
NASDAQ,TRST,2005-12-07,0.16
NASDAQ,TRST,2005-09-07,0.15
NASDAQ,TRST,2005-06-01,0.15
NASDAQ,TRST,2005-03-02,0.15
NASDAQ,TRST,2004-12-01,0.15
NASDAQ,TRST,2004-09-01,0.15
NASDAQ,TRST,2004-06-02,0.15
NASDAQ,TRST,2004-03-03,0.15
NASDAQ,TRST,2003-12-03,0.15
NASDAQ,TRST,2003-09-03,0.15
NASDAQ,TRST,2003-06-04,0.15
NASDAQ,TRST,2003-03-05,0.15
NASDAQ,TRST,2002-12-04,0.15
NASDAQ,TRST,2002-09-04,0.15
NASDAQ,TRST,2002-06-05,0.15
NASDAQ,TRST,2002-03-06,0.15
NASDAQ,TRST,2001-12-05,0.15
NASDAQ,TRST,2001-09-05,0.13043
NASDAQ,TRST,2001-06-06,0.13043
NASDAQ,TRST,2001-03-07,0.13043
NASDAQ,TRST,2000-12-06,0.13043
NASDAQ,TRST,2000-09-06,0.11342
NASDAQ,TRST,2000-06-07,0.11342
NASDAQ,TRST,2000-03-08,0.11342
NASDAQ,TRST,1999-12-08,0.11342
NASDAQ,TRST,1999-09-01,0.10397
NASDAQ,TRST,1999-06-09,0.10397
NASDAQ,TRST,1999-03-10,0.10397
NASDAQ,TRST,1998-12-09,0.09074
NASDAQ,TRST,1998-09-09,0.0789
NASDAQ,TRST,1998-06-10,0.0789
NASDAQ,TRST,1998-03-11,0.0789
NASDAQ,TRST,1997-12-03,0.0789
NASDAQ,TRST,1997-09-03,0.07862
NASDAQ,TRST,1997-06-04,0.07862
NASDAQ,TRST,1997-03-05,0.07862
NASDAQ,TRST,1996-12-04,0.07862
NASDAQ,TRST,1996-09-04,0.06837
NASDAQ,TRST,1996-06-05,0.06837
NASDAQ,TRST,1996-03-06,0.05718
NASDAQ,TRST,1995-12-06,0.05718
NASDAQ,TRST,1995-09-06,0.05718
NASDAQ,TRST,1995-06-06,0.05697
NASDAQ,TRST,1995-03-06,0.05697
NASDAQ,TRST,1994-12-05,0.05697
NASDAQ,TRST,1994-09-26,0.04661
NASDAQ,TRST,1994-09-02,0.05179
NASDAQ,TRST,1994-05-27,0.10357
NASDAQ,TRST,1994-02-28,0.04143
NASDAQ,TRST,1993-11-29,0.04143
NASDAQ,TRST,1993-08-30,0.04143
NASDAQ,TRST,1993-08-09,0.04143
NASDAQ,TRST,1993-05-28,0.04143
NASDAQ,TRST,1993-03-01,0.03314
NASDAQ,TRST,1992-11-30,0.03314
NASDAQ,TRST,1992-08-31,0.03107
NASDAQ,TRST,1992-06-01,0.03107
NASDAQ,TRST,1992-05-11,0.03107
NASDAQ,TRST,1992-03-02,0.03107
NASDAQ,TRST,1991-12-02,0.0254
NASDAQ,TRST,1991-08-30,0.02797
NASDAQ,TRST,1991-08-05,0.02797
NASDAQ,TRST,1991-03-04,0.02797
NASDAQ,TRST,1990-08-31,0.02797
NASDAQ,TRUE,2009-05-06,0.01
NASDAQ,TRUE,2009-03-04,0.07
NASDAQ,TRUE,2008-11-12,0.14
NASDAQ,TRUE,2008-08-13,0.14
NASDAQ,TRUE,2008-05-14,0.14
NASDAQ,TRUE,2008-02-13,0.13
NASDAQ,TRUE,2007-11-07,0.13
NASDAQ,TRUE,2007-08-08,0.13
NASDAQ,TRUE,2007-05-09,0.13
NASDAQ,TRUE,2007-02-07,0.12
NASDAQ,TRUE,2006-10-04,0.12
NASDAQ,TRUE,2006-07-05,0.12
NASDAQ,TRUE,2006-04-05,0.12
NASDAQ,TRUE,2006-01-04,0.11
NASDAQ,TRUE,2005-10-05,0.11
NASDAQ,TRUE,2005-07-06,0.11
NASDAQ,TRUE,2005-04-06,0.11
NASDAQ,TRUE,2005-01-12,0.1
NASDAQ,TRUE,2004-10-06,0.1
NASDAQ,TRUE,2004-07-07,0.1
NASDAQ,TRUE,2004-04-06,0.1
NASDAQ,TRUE,2004-01-07,0.09
NASDAQ,TRUE,2003-10-08,0.09
NASDAQ,TRUE,2003-07-09,0.09
NASDAQ,TRUE,2003-04-09,0.09
NASDAQ,TRUE,2003-01-08,0.08
NASDAQ,TRUE,2002-10-09,0.08
NASDAQ,TRUE,2002-07-10,0.08
NASDAQ,TRUE,2002-04-10,0.07
NASDAQ,TRUE,2002-01-09,0.07
NASDAQ,TRUE,2001-10-10,0.07
NASDAQ,TRUE,2001-07-11,0.07
NASDAQ,TRUE,2001-04-10,0.06
NASDAQ,TRUE,2001-01-10,0.06
NASDAQ,TRUE,2000-10-11,0.06
NASDAQ,TRUE,2000-07-12,0.06
NASDAQ,TRUE,2000-04-12,0.06
NASDAQ,TRUE,2000-01-12,0.05
NASDAQ,TRUE,1999-10-06,0.05
NASDAQ,TRUE,1999-07-07,0.05
NASDAQ,TRUE,1999-04-07,0.04
NASDAQ,TRUE,1999-01-06,0.04
NASDAQ,TRUE,1998-10-14,0.04
NASDAQ,TRUE,1998-07-22,0.035
NASDAQ,TRUE,1998-07-15,0.035
NASDAQ,TRUE,1998-04-20,0.035
NASDAQ,TRUE,1998-01-14,0.035
NASDAQ,TRUE,1997-10-15,0.035
NASDAQ,TRUE,1997-07-16,0.035
NASDAQ,TRUE,1997-04-16,0.035
NASDAQ,TGIS,2007-12-27,0.1
NASDAQ,TGIS,2007-09-26,0.1
NASDAQ,TGIS,2007-06-27,0.1
NASDAQ,TGIS,2007-03-28,0.1
NASDAQ,TGIS,2006-12-27,0.1
NASDAQ,TGIS,2006-09-27,0.075
NASDAQ,TGIS,2006-06-28,0.075
NASDAQ,TGIS,2006-03-29,0.05
NASDAQ,TGIS,2005-12-28,0.05
NASDAQ,TGE,2007-04-11,0.0
NASDAQ,TGE,2006-04-07,0.0
NASDAQ,TISI,1993-02-03,0.01
NASDAQ,TISI,1992-11-05,0.01
NASDAQ,TISI,1992-08-10,0.0175
NASDAQ,TISI,1992-05-04,0.0175
NASDAQ,TSEM,1997-09-24,1.0
NASDAQ,TCHC,2010-01-28,0.06
NASDAQ,TCHC,2009-10-29,0.06
NASDAQ,TCHC,2009-07-30,0.06
NASDAQ,TCHC,2009-04-29,0.06
NASDAQ,TCHC,2009-01-29,0.18
NASDAQ,TCHC,2008-10-30,0.18
NASDAQ,TCHC,2008-07-30,0.18
NASDAQ,TCHC,2008-04-30,0.18
NASDAQ,TCHC,2008-01-30,0.18
NASDAQ,TCHC,2007-10-31,0.18
NASDAQ,TCHC,2007-08-01,0.18
NASDAQ,TCHC,2007-04-27,0.18
NASDAQ,TCHC,2007-01-30,0.18
NASDAQ,TCHC,2006-10-30,0.12
NASDAQ,TCHC,2006-07-28,0.12
NASDAQ,TCHC,2006-04-27,0.12
NASDAQ,TCHC,2006-01-30,0.12
NASDAQ,TCHC,2005-10-28,0.08
NASDAQ,TCHC,2005-07-28,0.08
NASDAQ,TCHC,2005-04-28,0.08
NASDAQ,TCHC,2005-01-28,0.08
NASDAQ,TCHC,2004-10-28,0.08
NASDAQ,TCHC,2004-07-29,0.08
NASDAQ,TCHC,2004-04-29,0.08
NASDAQ,TCHC,2004-01-29,0.08
NASDAQ,TCHC,2003-10-30,0.06667
NASDAQ,TCHC,2003-07-31,0.06
NASDAQ,TCHC,2003-05-01,0.04667
NASDAQ,TCHC,2003-01-30,0.04
NASDAQ,TCHC,2002-10-31,0.03333
NASDAQ,TCHC,2002-08-01,0.01333
NASDAQ,TCHC,2002-05-02,0.01333
NASDAQ,TCHC,2002-02-04,0.01333
NASDAQ,TCHC,2001-11-02,0.01333
NASDAQ,TCHC,2001-08-03,0.01333
NASDAQ,TCHC,2001-05-04,0.01333
NASDAQ,TCHC,2001-02-06,0.01333
NASDAQ,TCHC,2000-11-06,0.01333
NASDAQ,TOPS,2006-04-12,2.5
NASDAQ,TOPS,2006-03-28,5.0
NASDAQ,TOPS,2006-01-12,0.21
NASDAQ,TOPS,2005-10-12,0.21
NASDAQ,TOPS,2005-07-13,0.25
NASDAQ,TOPS,2005-07-05,0.21
NASDAQ,TOPS,2005-03-29,0.21
NASDAQ,TOPS,2004-12-20,0.21
NASDAQ,TPGI,2009-09-28,0.013
NASDAQ,TPGI,2009-06-26,0.013
NASDAQ,TPGI,2009-03-27,0.013
NASDAQ,TPGI,2008-12-23,0.06
NASDAQ,TPGI,2008-09-24,0.06
NASDAQ,TPGI,2008-06-25,0.06
NASDAQ,TPGI,2008-03-26,0.06
NASDAQ,TPGI,2007-12-26,0.06
NASDAQ,TPGI,2007-09-26,0.06
NASDAQ,TPGI,2007-06-27,0.06
NASDAQ,TPGI,2007-03-28,0.06
NASDAQ,TPGI,2006-12-27,0.06
NASDAQ,TPGI,2006-09-27,0.06
NASDAQ,TPGI,2006-06-28,0.06
NASDAQ,TPGI,2006-03-29,0.06
NASDAQ,TPGI,2005-12-28,0.06
NASDAQ,TPGI,2005-09-28,0.06
NASDAQ,TPGI,2005-06-28,0.06
NASDAQ,TPGI,2005-03-29,0.06
NASDAQ,TESS,2009-11-06,0.1
NASDAQ,TESS,2009-08-10,0.1
NASDAQ,TO,2008-10-06,0.03
NASDAQ,TO,2008-06-30,0.03
NASDAQ,TO,2008-03-31,0.03
NASDAQ,TO,2007-12-17,0.03
NASDAQ,TO,2007-10-05,0.03
NASDAQ,TO,2007-06-25,0.03
NASDAQ,TO,2007-03-26,0.03
NASDAQ,TO,2006-12-18,0.03
NASDAQ,TO,2006-09-29,0.03
NASDAQ,TO,2006-06-26,0.03
NASDAQ,TO,2006-03-20,0.03
NASDAQ,TO,2005-12-19,0.03
NASDAQ,TO,2005-10-03,0.03
NASDAQ,TO,2005-06-27,0.03
NASDAQ,TO,2005-03-21,0.03
NASDAQ,TO,2004-12-20,0.03
NASDAQ,TO,2004-09-27,0.03
NASDAQ,TO,2004-06-23,0.03
NASDAQ,TO,2004-03-22,0.03
NASDAQ,TO,2003-12-18,0.03
NASDAQ,TO,2003-09-30,0.03
NASDAQ,TO,2003-06-23,0.03
NASDAQ,TO,2003-03-24,0.03
NASDAQ,TO,2002-12-27,0.03
NASDAQ,TO,2002-10-01,0.03
NASDAQ,TO,2002-06-24,0.09
NASDAQ,TO,2002-03-25,0.09
NASDAQ,TO,2001-12-26,0.09
NASDAQ,TO,2001-10-02,0.18
NASDAQ,TO,2001-06-18,0.18
NASDAQ,TO,2001-03-26,0.18
NASDAQ,TO,2000-12-22,0.18
NASDAQ,TO,2000-09-29,0.18
NASDAQ,TO,2000-06-22,0.18
NASDAQ,TO,2000-03-20,0.18
NASDAQ,TO,1999-12-16,0.18
NASDAQ,TO,1999-10-01,0.18
NASDAQ,TO,1999-06-16,0.18
NASDAQ,TO,1999-03-17,0.18
NASDAQ,TO,1998-12-23,0.18
NASDAQ,TO,1998-09-30,0.18
NASDAQ,TO,1998-06-16,0.15
NASDAQ,TO,1998-03-16,0.15
NASDAQ,TO,1997-12-23,0.15
NASDAQ,TO,1997-10-01,0.15
NASDAQ,TO,1997-06-17,0.15
NASDAQ,TO,1997-03-18,0.15
NASDAQ,TO,1996-12-24,0.15
NASDAQ,TO,1996-09-26,0.15
NASDAQ,TO,1996-06-25,0.125
NASDAQ,TO,1996-03-26,0.125
NASDAQ,TO,1995-12-27,0.125
NASDAQ,TO,1995-09-21,0.125
NASDAQ,TO,1995-06-27,0.1
NASDAQ,TO,1995-03-24,0.1
NASDAQ,TO,1994-12-23,0.1
NASDAQ,TO,1994-09-27,0.1
NASDAQ,TO,1994-06-24,0.0625
NASDAQ,TO,1994-03-25,0.0625
NASDAQ,TO,1993-12-27,0.0625
NASDAQ,TO,1993-10-01,0.0625
NASDAQ,TO,1993-06-25,0.0625
NASDAQ,TO,1993-03-26,0.0625
NASDAQ,TO,1992-12-24,0.0625
NASDAQ,TO,1992-10-02,0.0625
NASDAQ,TO,1992-06-25,0.0375
NASDAQ,TO,1992-03-26,0.0375
NASDAQ,TCLP,2010-01-27,0.73
NASDAQ,TCLP,2009-10-28,0.73
NASDAQ,TCLP,2009-07-29,0.73
NASDAQ,TCLP,2009-04-28,0.705
NASDAQ,TCLP,2009-01-28,0.705
NASDAQ,TCLP,2008-10-29,0.705
NASDAQ,TCLP,2008-07-29,0.705
NASDAQ,TCLP,2008-04-28,0.7
NASDAQ,TCLP,2008-01-29,0.665
NASDAQ,TCLP,2007-10-29,0.66
NASDAQ,TCLP,2007-07-27,0.655
NASDAQ,TCLP,2007-04-26,0.65
NASDAQ,TCLP,2007-01-29,0.6
NASDAQ,TCLP,2006-10-27,0.6
NASDAQ,TCLP,2006-07-27,0.575
NASDAQ,TCLP,2006-04-26,0.575
NASDAQ,TCLP,2006-01-27,0.575
NASDAQ,TCLP,2005-10-27,0.575
NASDAQ,TCLP,2005-07-27,0.575
NASDAQ,TCLP,2005-04-27,0.575
NASDAQ,TCLP,2005-01-27,0.575
NASDAQ,TCLP,2004-10-27,0.575
NASDAQ,TCLP,2004-07-28,0.575
NASDAQ,TCLP,2004-04-28,0.55
NASDAQ,TCLP,2004-01-28,0.55
NASDAQ,TCLP,2003-10-29,0.55
NASDAQ,TCLP,2003-07-29,0.55
NASDAQ,TCLP,2003-04-28,0.525
NASDAQ,TCLP,2003-01-29,0.525
NASDAQ,TCLP,2002-10-29,0.525
NASDAQ,TCLP,2002-07-29,0.525
NASDAQ,TCLP,2002-04-26,0.5
NASDAQ,TCLP,2002-01-29,0.5
NASDAQ,TCLP,2001-10-29,0.5
NASDAQ,TCLP,2001-07-27,0.5
NASDAQ,TCLP,2001-04-26,0.475
NASDAQ,TCLP,2001-01-29,0.475
NASDAQ,TCLP,2000-10-27,0.475
NASDAQ,TCLP,2000-07-27,0.45
NASDAQ,TCLP,2000-05-10,0.45
NASDAQ,TCLP,2000-01-27,0.45
NASDAQ,TSTY,2009-11-13,0.05
NASDAQ,TSTY,2009-08-14,0.05
NASDAQ,TSTY,2009-05-20,0.05
NASDAQ,TSTY,2009-02-13,0.05
NASDAQ,TSTY,2008-11-13,0.05
NASDAQ,TSTY,2008-08-14,0.05
NASDAQ,TSTY,2008-05-08,0.05
NASDAQ,TSTY,2008-02-07,0.05
NASDAQ,TSTY,2007-11-08,0.05
NASDAQ,TSTY,2007-08-09,0.05
NASDAQ,TSTY,2007-05-17,0.05
NASDAQ,TSTY,2007-02-13,0.05
NASDAQ,TSTY,2006-11-08,0.05
NASDAQ,TSTY,2006-08-09,0.05
NASDAQ,TSTY,2006-05-18,0.05
NASDAQ,TSTY,2006-02-08,0.05
NASDAQ,TSTY,2005-11-08,0.05
NASDAQ,TSTY,2005-08-08,0.05
NASDAQ,TSTY,2005-05-18,0.05
NASDAQ,TSTY,2005-02-16,0.05
NASDAQ,TSTY,2004-11-08,0.05
NASDAQ,TSTY,2004-08-05,0.05
NASDAQ,TSTY,2004-05-13,0.05
NASDAQ,TSTY,2004-02-11,0.05
NASDAQ,TSTY,2003-11-06,0.05
NASDAQ,TSTY,2003-08-07,0.05
NASDAQ,TSTY,2003-05-08,0.05
NASDAQ,TSTY,2003-02-07,0.05
NASDAQ,TSTY,2002-11-06,0.12
NASDAQ,TSTY,2002-08-07,0.12
NASDAQ,TSTY,2002-05-08,0.12
NASDAQ,TSTY,2002-02-07,0.12
NASDAQ,TSTY,2001-10-31,0.12
NASDAQ,TSTY,2001-08-02,0.12
NASDAQ,TSTY,2001-05-09,0.12
NASDAQ,TSTY,2001-02-08,0.12
NASDAQ,TSTY,2000-11-01,0.12
NASDAQ,TSTY,2000-08-09,0.12
NASDAQ,TSTY,2000-05-10,0.12
NASDAQ,TSTY,2000-02-10,0.12
NASDAQ,TSTY,1999-11-03,0.12
NASDAQ,TSTY,1999-08-04,0.12
NASDAQ,TSTY,1999-05-05,0.12
NASDAQ,TSTY,1999-02-10,0.12
NASDAQ,TSTY,1998-11-04,0.12
NASDAQ,TSTY,1998-08-05,0.12
NASDAQ,TSTY,1998-05-06,0.12
NASDAQ,TSTY,1998-02-11,0.12
NASDAQ,TSTY,1997-11-05,0.12
NASDAQ,TSTY,1997-08-06,0.112
NASDAQ,TSTY,1997-05-07,0.112
NASDAQ,TSTY,1997-02-12,0.112
NASDAQ,TSTY,1996-11-06,0.112
NASDAQ,TSTY,1996-07-31,0.112
NASDAQ,TSTY,1996-05-01,0.112
NASDAQ,TSTY,1996-02-13,0.112
NASDAQ,TSTY,1995-11-01,0.112
NASDAQ,TSTY,1995-08-02,0.112
NASDAQ,TSTY,1995-05-01,0.112
NASDAQ,TSTY,1995-02-06,0.112
NASDAQ,TSTY,1994-10-31,0.112
NASDAQ,TSTY,1994-08-01,0.104
NASDAQ,TSTY,1994-05-02,0.104
NASDAQ,TSTY,1994-02-07,0.104
NASDAQ,TSTY,1993-11-01,0.104
NASDAQ,TSTY,1993-08-13,0.1
NASDAQ,TSTY,1993-08-06,7.2
NASDAQ,TSTY,1993-05-03,0.16
NASDAQ,TSTY,1993-02-03,0.16
NASDAQ,TSTY,1992-11-02,0.16
NASDAQ,TSTY,1992-08-03,0.16
NASDAQ,TSTY,1992-05-04,0.16
NASDAQ,TECUB,2005-06-08,0.32
NASDAQ,TECUB,2005-03-09,0.32
NASDAQ,TECUB,2004-12-01,0.32
NASDAQ,TECUB,2004-09-08,0.32
NASDAQ,TECUB,2004-06-09,0.32
NASDAQ,TECUB,2004-03-10,0.32
NASDAQ,TECUB,2003-12-03,0.32
NASDAQ,TECUB,2003-09-10,0.32
NASDAQ,TECUB,2003-06-11,0.32
NASDAQ,TECUB,2003-03-12,0.32
NASDAQ,TECUB,2002-12-04,0.32
NASDAQ,TECUB,2002-09-11,0.32
NASDAQ,TECUB,2002-06-12,0.32
NASDAQ,TECUB,2002-03-13,0.32
NASDAQ,TECUB,2001-12-05,0.32
NASDAQ,TECUB,2001-06-13,0.32
NASDAQ,TECUB,2001-03-14,0.32
NASDAQ,TECUB,2000-11-29,0.32
NASDAQ,TECUB,2000-09-13,0.32
NASDAQ,TECUB,2000-06-14,0.32
NASDAQ,TECUB,2000-03-15,0.32
NASDAQ,TECUB,1999-12-01,0.32
NASDAQ,TECUB,1999-09-08,0.3
NASDAQ,TECUB,1999-06-09,0.3
NASDAQ,TECUB,1999-03-10,0.3
NASDAQ,TECUB,1998-12-02,0.3
NASDAQ,TECUB,1998-09-09,0.3
NASDAQ,TECUB,1998-06-10,0.3
NASDAQ,TECUB,1998-03-11,0.3
NASDAQ,TECUB,1997-12-03,0.3
NASDAQ,TECUB,1997-09-10,0.3
NASDAQ,TECUB,1997-06-11,0.3
NASDAQ,TECUB,1997-03-11,0.3
NASDAQ,TECUB,1996-12-04,0.3
NASDAQ,TECUB,1996-09-11,0.26
NASDAQ,TECUB,1996-06-12,0.26
NASDAQ,TECUB,1996-03-13,0.26
NASDAQ,TECUB,1995-12-06,0.26
NASDAQ,TECUB,1995-09-13,0.25
NASDAQ,TECUB,1995-06-14,0.25
NASDAQ,TECUB,1995-03-13,0.25
NASDAQ,TECUB,1994-12-05,0.25
NASDAQ,TECUB,1994-09-12,0.2
NASDAQ,TECUB,1994-06-06,0.2
NASDAQ,TECUB,1994-03-07,0.2
NASDAQ,TECUB,1993-12-13,0.2
NASDAQ,TECUB,1993-09-03,0.2
NASDAQ,TECUB,1993-06-02,0.2
NASDAQ,TECUB,1993-03-08,0.2
NASDAQ,TECUB,1992-11-30,0.2
NASDAQ,TECUB,1992-09-04,0.2
NASDAQ,TECUB,1992-06-08,0.2
NASDAQ,TECUB,1992-03-04,0.2
NASDAQ,TECUB,1991-12-02,0.2
NASDAQ,TECUB,1991-09-09,0.2
NASDAQ,TECUB,1991-06-10,0.2
NASDAQ,TECUB,1991-03-11,0.2
NASDAQ,TECUB,1990-12-04,0.278
NASDAQ,TECUB,1990-09-10,0.278
NASDAQ,TECUB,1990-06-11,0.278
NASDAQ,TUES,2007-03-16,0.8
NASDAQ,TUES,2006-03-08,0.8
NASDAQ,TUES,2005-06-02,0.65
NASDAQ,TWGP,2009-12-10,0.07
NASDAQ,TWGP,2009-09-10,0.07
NASDAQ,TWGP,2009-06-11,0.07
NASDAQ,TWGP,2009-03-12,0.05
NASDAQ,TWGP,2008-12-11,0.05
NASDAQ,TWGP,2008-09-11,0.05
NASDAQ,TWGP,2008-06-12,0.05
NASDAQ,TWGP,2008-03-12,0.05
NASDAQ,TWGP,2007-12-12,0.05
NASDAQ,TWGP,2007-09-12,0.025
NASDAQ,TWGP,2007-06-13,0.025
NASDAQ,TWGP,2007-03-13,0.025
NASDAQ,TWGP,2006-12-13,0.025
NASDAQ,TWGP,2006-09-13,0.025
NASDAQ,TWGP,2006-06-13,0.025
NASDAQ,TWGP,2006-03-13,0.025
NASDAQ,TWGP,2005-12-13,0.025
NASDAQ,TWGP,2005-09-13,0.025
NASDAQ,TWGP,2005-06-13,0.025
NASDAQ,TWGP,2005-03-11,0.025
NASDAQ,TWGP,2004-12-13,0.025
NASDAQ,THFF,2009-12-23,0.45
NASDAQ,THFF,2009-06-11,0.45
NASDAQ,THFF,2008-12-11,0.45
NASDAQ,THFF,2008-06-12,0.44
NASDAQ,THFF,2007-12-12,0.44
NASDAQ,THFF,2007-06-13,0.43
NASDAQ,THFF,2006-12-13,0.43
NASDAQ,THFF,2006-06-14,0.42
NASDAQ,THFF,2005-11-30,0.42
NASDAQ,THFF,2005-06-15,0.4
NASDAQ,THFF,2004-12-01,0.4
NASDAQ,THFF,2004-06-14,0.39
NASDAQ,THFF,2003-12-03,0.36
NASDAQ,THFF,2003-06-09,0.34
NASDAQ,THFF,2002-12-04,0.31
NASDAQ,THFF,2002-06-10,0.31
NASDAQ,THFF,2001-12-05,0.29
NASDAQ,THFF,2001-06-08,0.28
NASDAQ,THFF,2000-12-06,0.28
NASDAQ,THFF,2000-06-09,0.26
NASDAQ,THFF,1999-12-07,0.25
NASDAQ,THFF,1999-06-11,0.0975
NASDAQ,THFF,1998-12-04,0.0975
NASDAQ,THFF,1998-06-12,0.0975
NASDAQ,THFF,1997-12-04,0.09762
NASDAQ,THFF,1997-06-13,0.08334
NASDAQ,THFF,1996-12-13,0.08334
NASDAQ,THFF,1996-06-14,0.07143
NASDAQ,THFF,1995-12-13,0.06667
NASDAQ,THFF,1995-06-16,0.06428
NASDAQ,THFF,1994-12-14,0.06428
NASDAQ,THFF,1994-06-15,0.06428
NASDAQ,THFF,1993-12-15,0.05953
NASDAQ,THFF,1993-06-09,0.05953
NASDAQ,THFF,1993-03-09,0.01785
NASDAQ,TICC,2009-12-08,0.15
NASDAQ,TICC,2009-09-08,0.15
NASDAQ,TICC,2009-06-08,0.15
NASDAQ,TICC,2009-03-13,0.15
NASDAQ,TICC,2008-12-08,0.2
NASDAQ,TICC,2008-09-08,0.2
NASDAQ,TICC,2008-06-12,0.3
NASDAQ,TICC,2008-05-21,0.15
NASDAQ,TICC,2008-03-18,0.36
NASDAQ,TICC,2007-12-06,0.36
NASDAQ,TICC,2007-09-05,0.36
NASDAQ,TICC,2007-06-06,0.36
NASDAQ,TICC,2007-03-07,0.36
NASDAQ,TICC,2006-12-27,0.12
NASDAQ,TICC,2006-12-06,0.34
NASDAQ,TICC,2006-09-06,0.32
NASDAQ,TICC,2006-06-07,0.3
NASDAQ,TICC,2006-03-08,0.3
NASDAQ,TICC,2005-12-28,0.12
NASDAQ,TICC,2005-12-07,0.3
NASDAQ,TICC,2005-09-07,0.25
NASDAQ,TICC,2005-06-08,0.2
NASDAQ,TICC,2005-03-08,0.14
NASDAQ,TICC,2004-12-29,0.11
NASDAQ,TICC,2004-12-27,0.11
NASDAQ,TICC,2004-09-08,0.11
NASDAQ,TICC,2004-06-08,0.11
NASDAQ,TICC,2004-03-11,0.1
NASDAQ,TAYC,2008-03-27,0.1
NASDAQ,TAYC,2007-12-20,0.1
NASDAQ,TAYC,2007-09-20,0.1
NASDAQ,TAYC,2007-06-21,0.1
NASDAQ,TAYC,2007-03-22,0.1
NASDAQ,TAYC,2006-12-21,0.1
NASDAQ,TAYC,2006-09-22,0.06
NASDAQ,TAYC,2006-06-22,0.06
NASDAQ,TAYC,2006-03-24,0.06
NASDAQ,TAYC,2005-12-22,0.06
NASDAQ,TAYC,2005-09-22,0.06
NASDAQ,TAYC,2005-06-23,0.06
NASDAQ,TAYC,2005-03-23,0.06
NASDAQ,TAYC,2004-12-22,0.06
NASDAQ,TAYC,2004-09-30,0.06
NASDAQ,TAYC,2004-06-24,0.06
NASDAQ,TAYC,2004-03-25,0.06
NASDAQ,TAYC,2003-12-24,0.06
NASDAQ,TAYC,2003-09-25,0.06
NASDAQ,TAYC,2003-06-26,0.06
NASDAQ,TAYC,2003-03-26,0.06
NASDAQ,TELOZ,2008-12-29,0.156
NASDAQ,TELOZ,2008-09-30,1.151
NASDAQ,TELOZ,2008-06-30,0.551
NASDAQ,TELOZ,2008-03-28,0.941
NASDAQ,TELOZ,2008-03-27,0.941
NASDAQ,TELOZ,2007-12-27,0.685
NASDAQ,TELOZ,2007-06-29,0.432
NASDAQ,TELOZ,2007-04-04,0.246
NASDAQ,TELOZ,2007-01-05,0.357
NASDAQ,TELOZ,2005-12-28,0.381
NASDAQ,TELOZ,2005-09-28,1.147
NASDAQ,TELOZ,2005-06-28,0.35
NASDAQ,TELOZ,2005-03-31,0.067
NASDAQ,TELOZ,2004-12-31,0.52
NASDAQ,TELOZ,2004-10-06,0.605
NASDAQ,TELOZ,2003-12-29,0.123
NASDAQ,TELOZ,2003-09-26,0.273
NASDAQ,TELOZ,2003-07-01,0.332
NASDAQ,TELOZ,2003-04-01,0.02
NASDAQ,TELOZ,2002-12-27,0.076
NASDAQ,TELOZ,2002-10-02,0.13
NASDAQ,TELOZ,2002-07-02,0.077
NASDAQ,TELOZ,2001-10-01,0.239
NASDAQ,TELOZ,2001-03-28,0.336
NASDAQ,TELOZ,2000-12-27,0.59
NASDAQ,TELOZ,1995-12-27,0.032
NASDAQ,TELOZ,1995-09-27,0.042
NASDAQ,TAYCP,2009-12-28,0.609
NASDAQ,TAYCP,2009-09-30,0.609
NASDAQ,TAYCP,2009-06-25,0.609
NASDAQ,TAYCP,2009-03-26,0.609
NASDAQ,TAYCP,2008-12-26,0.609
NASDAQ,TAYCP,2008-09-25,0.609
NASDAQ,TAYCP,2008-06-25,0.609
NASDAQ,TAYCP,2008-03-26,0.609
NASDAQ,TAYCP,2007-12-26,0.609
NASDAQ,TAYCP,2007-09-26,0.609
NASDAQ,TAYCP,2007-06-27,0.609
NASDAQ,TAYCP,2007-03-28,0.609
NASDAQ,TAYCP,2006-12-26,0.609
NASDAQ,TAYCP,2006-09-27,0.609
NASDAQ,TAYCP,2006-09-22,0.609
NASDAQ,TAYCP,2006-06-27,0.609
NASDAQ,TAYCP,2006-03-28,0.609
NASDAQ,TAYCP,2005-12-27,0.609
NASDAQ,TAYCP,2005-09-27,0.609
NASDAQ,TAYCP,2005-06-27,0.609
NASDAQ,TAYCP,2005-03-28,0.609
NASDAQ,TAYCP,2004-12-28,0.609
NASDAQ,TAYCP,2004-06-25,0.609
NASDAQ,TAYCP,2004-03-26,0.609
NASDAQ,TAYCP,2003-12-26,0.609
NASDAQ,TRAC,2004-03-04,0.2
NASDAQ,TRAC,2003-09-04,0.2
NASDAQ,TECUA,2005-06-08,0.32
NASDAQ,TECUA,2005-03-09,0.32
NASDAQ,TECUA,2004-12-01,0.32
NASDAQ,TECUA,2004-09-08,0.32
NASDAQ,TECUA,2004-06-09,0.32
NASDAQ,TECUA,2004-03-10,0.32
NASDAQ,TECUA,2003-12-03,0.32
NASDAQ,TECUA,2003-09-10,0.32
NASDAQ,TECUA,2003-06-11,0.32
NASDAQ,TECUA,2003-03-12,0.32
NASDAQ,TECUA,2002-12-04,0.32
NASDAQ,TECUA,2002-09-11,0.32
NASDAQ,TECUA,2002-06-12,0.32
NASDAQ,TECUA,2002-03-13,0.32
NASDAQ,TECUA,2001-12-05,0.32
NASDAQ,TECUA,2001-06-13,0.32
NASDAQ,TECUA,2001-03-14,0.32
NASDAQ,TECUA,2000-11-29,0.32
NASDAQ,TECUA,2000-09-13,0.32
NASDAQ,TECUA,2000-06-14,0.32
NASDAQ,TECUA,2000-03-15,0.32
NASDAQ,TECUA,1999-12-01,0.32
NASDAQ,TECUA,1999-09-08,0.3
NASDAQ,TECUA,1999-06-09,0.3
NASDAQ,TECUA,1999-03-10,0.3
NASDAQ,TECUA,1998-12-02,0.3
NASDAQ,TECUA,1998-09-09,0.3
NASDAQ,TECUA,1998-06-10,0.3
NASDAQ,TECUA,1998-03-11,0.3
NASDAQ,TECUA,1997-12-03,0.3
NASDAQ,TECUA,1997-09-10,0.3
NASDAQ,TECUA,1997-06-11,0.3
NASDAQ,TECUA,1997-03-11,0.3
NASDAQ,TECUA,1996-12-04,0.3
NASDAQ,TECUA,1996-09-11,0.26
NASDAQ,TECUA,1996-06-12,0.26
NASDAQ,TECUA,1996-03-13,0.26
NASDAQ,TECUA,1995-12-06,0.26
NASDAQ,TECUA,1995-09-13,0.25
NASDAQ,TIBB,2008-03-27,0.05994
NASDAQ,TIBB,2007-12-27,0.05994
NASDAQ,TIBB,2007-09-26,0.05709
NASDAQ,TIBB,2007-06-27,0.05709
NASDAQ,TIBB,2007-03-28,0.05709
NASDAQ,TIBB,2006-12-27,0.05709
NASDAQ,TIBB,2006-09-27,0.05614
NASDAQ,TIBB,2006-06-28,0.05614
NASDAQ,TIBB,2006-03-29,0.05614
NASDAQ,TIBB,2005-12-28,0.05614
NASDAQ,TIBB,2005-09-28,0.05471
NASDAQ,TIBB,2005-06-28,0.05471
NASDAQ,TIBB,2005-03-29,0.05471
NASDAQ,TIBB,2004-12-29,0.05471
NASDAQ,TIBB,2004-09-28,0.05376
NASDAQ,TIBB,2004-06-28,0.05376
NASDAQ,TIBB,2004-03-29,0.05376
NASDAQ,TIBB,2003-12-29,0.05376
NASDAQ,TIBB,2003-09-26,0.05234
NASDAQ,TIBB,2003-06-26,0.05234
NASDAQ,TIBB,2003-03-27,0.05234
NASDAQ,TIBB,2002-12-27,0.05234
NASDAQ,TIBB,2002-09-26,0.05139
NASDAQ,TIBB,2002-06-26,0.05139
NASDAQ,TIBB,2002-03-26,0.05139
NASDAQ,TIBB,2001-12-27,0.05139
NASDAQ,TIBB,2001-09-26,0.05139
NASDAQ,TIBB,2001-06-27,0.05139
NASDAQ,TIBB,2001-03-28,0.05139
NASDAQ,TIBB,2000-12-27,0.05139
NASDAQ,TIBB,2000-09-27,0.04996
NASDAQ,TIBB,2000-06-28,0.04996
NASDAQ,TIBB,2000-03-29,0.04996
NASDAQ,TIBB,1999-12-29,0.04996
NASDAQ,TIBB,1999-09-28,0.04901
NASDAQ,TIBB,1999-06-28,0.04901
NASDAQ,TIBB,1999-03-29,0.04852
NASDAQ,TIBB,1998-12-29,0.04852
NASDAQ,TIBB,1998-09-28,0.04756
NASDAQ,TIBB,1998-06-26,0.04756
NASDAQ,TIBB,1998-03-27,0.04756
NASDAQ,TLVT,2009-04-24,0.49
NASDAQ,TLVT,2008-06-06,0.54
NASDAQ,TLVT,2007-06-06,0.3
NASDAQ,TATTF,2009-11-19,0.3
NASDAQ,TATTF,2009-03-24,0.55
NASDAQ,TATTF,2007-10-12,0.4
NASDAQ,TATTF,2006-05-12,0.2
NASDAQ,TATTF,2005-10-18,0.18
NASDAQ,TATTF,2004-10-14,1.18
NASDAQ,TATTF,2003-06-27,0.25
NASDAQ,TATTF,2003-01-02,0.45
NASDAQ,TRMD,2009-04-23,0.728
NASDAQ,TRMD,2008-12-12,0.779
NASDAQ,TRMD,2008-04-23,0.948
NASDAQ,TRMD,2007-08-31,4.972
NASDAQ,TRMD,2007-04-18,1.031
NASDAQ,TRMD,2006-04-20,1.8885
NASDAQ,TRMD,2005-04-21,1.297
NASDAQ,TRMD,2004-04-21,0.4805
NASDAQ,TRMD,2003-04-10,0.0715
NASDAQ,TSBK,2009-11-12,0.03
NASDAQ,TSBK,2009-08-12,0.06
NASDAQ,TSBK,2009-05-13,0.11
NASDAQ,TSBK,2009-02-10,0.11
NASDAQ,TSBK,2008-11-10,0.11
NASDAQ,TSBK,2008-08-06,0.11
NASDAQ,TSBK,2008-05-06,0.11
NASDAQ,TSBK,2008-02-06,0.11
NASDAQ,TSBK,2007-11-08,0.1
NASDAQ,TSBK,2007-08-07,0.1
NASDAQ,TSBK,2007-05-03,0.09
NASDAQ,TSBK,2007-02-07,0.09
NASDAQ,TSBK,2006-11-09,0.09
NASDAQ,TSBK,2006-08-07,0.09
NASDAQ,TSBK,2006-05-05,0.08
NASDAQ,TSBK,2006-02-07,0.08
NASDAQ,TSBK,2005-11-07,0.08
NASDAQ,TSBK,2005-08-05,0.08
NASDAQ,TSBK,2005-05-06,0.075
NASDAQ,TSBK,2005-02-04,0.075
NASDAQ,TSBK,2004-11-05,0.075
NASDAQ,TSBK,2004-08-06,0.075
NASDAQ,TSBK,2004-05-06,0.07
NASDAQ,TSBK,2004-02-06,0.07
NASDAQ,TSBK,2003-11-06,0.07
NASDAQ,TSBK,2003-07-31,0.07
NASDAQ,TSBK,2003-04-30,0.06
NASDAQ,TSBK,2003-02-05,0.06
NASDAQ,TSBK,2002-11-01,0.06
NASDAQ,TSBK,2002-08-02,0.06
NASDAQ,TSBK,2002-05-01,0.055
NASDAQ,TSBK,2002-01-30,0.055
NASDAQ,TSBK,2001-11-02,0.055
NASDAQ,TSBK,2001-08-01,0.055
NASDAQ,TSBK,2001-05-02,0.05
NASDAQ,TSBK,2001-01-31,0.05
NASDAQ,TSBK,2000-11-01,0.05
NASDAQ,TSBK,2000-08-02,0.05
NASDAQ,TSBK,2000-05-03,0.045
NASDAQ,TSBK,2000-02-11,0.04
NASDAQ,TSBK,1999-11-03,0.04
NASDAQ,TSBK,1999-08-04,0.04
NASDAQ,TSBK,1999-05-05,0.035
NASDAQ,TSBK,1999-02-03,0.03
NASDAQ,TSBK,1998-11-06,0.03
NASDAQ,TONE,2008-06-26,0.04
NASDAQ,TONE,2008-03-12,0.08
NASDAQ,TONE,2007-12-12,0.08
NASDAQ,TONE,2007-09-12,0.08
NASDAQ,TONE,2007-06-13,0.08
NASDAQ,TONE,2007-03-13,0.07
NASDAQ,TONE,2006-12-13,0.07
NASDAQ,TONE,2006-09-13,0.07
NASDAQ,TONE,2006-06-13,0.07
NASDAQ,TONE,2006-03-13,0.06
NASDAQ,TONE,2005-12-13,0.06
NASDAQ,TONE,2005-09-13,0.06
NASDAQ,TONE,2005-06-13,0.06
NASDAQ,TONE,2005-03-11,0.05
NASDAQ,TONE,2004-12-13,0.05
NASDAQ,TONE,2004-09-13,0.05
NASDAQ,TONE,2004-06-14,0.05
NASDAQ,TONE,2004-03-11,0.05
NASDAQ,TSFG,2009-07-13,0.01
NASDAQ,TSFG,2009-04-13,0.01
NASDAQ,TSFG,2009-01-13,0.01
NASDAQ,TSFG,2008-10-10,0.01
NASDAQ,TSFG,2008-07-11,0.01
NASDAQ,TSFG,2008-04-11,0.19
NASDAQ,TSFG,2008-01-11,0.19
NASDAQ,TSFG,2007-10-11,0.18
NASDAQ,TSFG,2007-07-11,0.18
NASDAQ,TSFG,2007-04-11,0.18
NASDAQ,TSFG,2007-01-10,0.18
NASDAQ,TSFG,2006-10-11,0.17
NASDAQ,TSFG,2006-07-12,0.17
NASDAQ,TSFG,2006-04-11,0.17
NASDAQ,TSFG,2006-01-11,0.17
NASDAQ,TSFG,2005-10-12,0.16
NASDAQ,TSFG,2005-07-13,0.16
NASDAQ,TSFG,2005-04-13,0.16
NASDAQ,TSFG,2005-01-12,0.16
NASDAQ,TSFG,2004-10-13,0.15
NASDAQ,TSFG,2004-07-16,0.15
NASDAQ,TSFG,2004-04-13,0.15
NASDAQ,TSFG,2004-01-15,0.15
NASDAQ,TSFG,2003-10-10,0.14
NASDAQ,TSFG,2003-07-11,0.14
NASDAQ,TSFG,2003-04-11,0.14
NASDAQ,TSFG,2003-01-13,0.14
NASDAQ,TSFG,2002-10-10,0.12
NASDAQ,TSFG,2002-07-11,0.12
NASDAQ,TSFG,2002-04-11,0.12
NASDAQ,TSFG,2002-01-11,0.12
NASDAQ,TSFG,2001-10-11,0.11
NASDAQ,TSFG,2001-07-11,0.11
NASDAQ,TSFG,2001-04-10,0.11
NASDAQ,TSFG,2001-01-10,0.11
NASDAQ,TSFG,2000-10-11,0.1
NASDAQ,TSFG,2000-07-12,0.1
NASDAQ,TSFG,2000-04-12,0.1
NASDAQ,TSFG,2000-01-12,0.1
NASDAQ,TSFG,1999-10-13,0.09
NASDAQ,TSFG,1999-07-13,0.09
NASDAQ,TSFG,1999-04-15,0.09
NASDAQ,TSFG,1999-01-13,0.09
NASDAQ,TSFG,1998-10-13,0.08
NASDAQ,TSFG,1998-07-13,0.08
NASDAQ,TSFG,1998-04-13,0.08
NASDAQ,TSFG,1998-01-13,0.08
NASDAQ,TSFG,1997-10-10,0.07
NASDAQ,TSFG,1997-07-11,0.07
NASDAQ,TSFG,1997-04-11,0.07
NASDAQ,TSFG,1997-01-29,0.07
NASDAQ,TSFG,1996-10-10,0.056
NASDAQ,TSFG,1996-07-11,0.056
NASDAQ,TSFG,1996-04-11,0.056
NASDAQ,TSFG,1996-01-10,0.056
NASDAQ,TSFG,1995-10-19,0.0464
NASDAQ,TSFG,1995-07-28,0.0464
NASDAQ,TSFG,1995-07-12,0.048
NASDAQ,TSFG,1995-04-07,0.048
NASDAQ,TSFG,1995-01-09,0.048
NASDAQ,TSFG,1994-10-07,0.04
NASDAQ,TSFG,1994-07-11,0.04
NASDAQ,TSFG,1994-04-25,0.0416
NASDAQ,TSFG,1994-04-11,0.04
NASDAQ,TSFG,1994-01-10,0.04
NASDAQ,TSFG,1992-03-26,0.42
NASDAQ,TOWN,2009-12-29,0.08
NASDAQ,TOWN,2009-09-28,0.08
NASDAQ,TOWN,2009-06-29,0.08
NASDAQ,TOWN,2009-03-30,0.08
NASDAQ,TOWN,2008-12-29,0.08
NASDAQ,TOWN,2008-09-29,0.08
NASDAQ,TOWN,2008-06-27,0.08
NASDAQ,TOWN,2008-03-28,0.08
NASDAQ,TOWN,2007-12-27,0.08
NASDAQ,TOWN,2007-09-27,0.08
NASDAQ,TOWN,2007-06-28,0.08
NASDAQ,TOWN,2007-03-29,0.08
NASDAQ,TOWN,2006-12-18,0.3
NASDAQ,TOWN,2006-02-22,0.23
NASDAQ,TOWN,2005-02-23,0.12621
NASDAQ,TOWN,2004-04-16,0.06473
NASDAQ,TOWN,2003-04-23,0.03236
NASDAQ,TFONY,2009-12-14,0.776
NASDAQ,TFONY,2009-09-15,0.171
NASDAQ,TFONY,2009-06-15,0.166
NASDAQ,TFONY,2009-03-23,0.151
NASDAQ,TFONY,2008-12-15,0.184
NASDAQ,TFONY,2008-06-16,0.191
NASDAQ,TFONY,2008-06-11,17.0
NASDAQ,TFONY,2008-03-24,0.207
NASDAQ,TFONY,2007-12-17,0.204
NASDAQ,TFONY,2007-09-17,0.207
NASDAQ,TFONY,2007-06-18,0.204
NASDAQ,TFONY,2007-03-19,0.189
NASDAQ,TFONY,2006-12-18,0.188
NASDAQ,TFONY,2006-09-18,0.179
NASDAQ,TFONY,2006-06-19,0.185
NASDAQ,TFONY,2006-03-20,0.182
NASDAQ,TFONY,2005-12-15,0.175
NASDAQ,TFONY,2005-09-19,0.176
NASDAQ,TFONY,2005-06-20,0.172
NASDAQ,TFONY,2005-03-14,0.152
NASDAQ,TFONY,2004-12-13,0.149
NASDAQ,TFONY,2004-09-14,0.15
NASDAQ,TFONY,2004-06-15,0.149
NASDAQ,TFONY,2004-03-16,0.138
NASDAQ,TFONY,2003-12-15,0.142
NASDAQ,TFONY,2003-09-15,0.1475
NASDAQ,TFONY,2003-06-16,0.1505
NASDAQ,TFONY,2003-03-17,0.1375
NASDAQ,TFONY,2002-12-16,0.1395
NASDAQ,TFONY,2002-09-16,0.1405
NASDAQ,TFONY,2002-06-17,0.1555
NASDAQ,TFONY,2002-03-15,0.1275
NASDAQ,TFONY,2001-12-17,0.1325
NASDAQ,TFONY,2001-09-17,0.114
NASDAQ,TFONY,2001-06-18,0.137
NASDAQ,TFONY,2001-02-08,10.5625
NASDAQ,TFONY,2000-12-18,0.006
NASDAQ,TFONY,2000-09-18,0.12
NASDAQ,TFONY,2000-06-19,0.12
NASDAQ,TFONY,2000-03-20,0.1
NASDAQ,TFONY,1999-12-20,0.075
NASDAQ,TFONY,1999-09-20,0.075
NASDAQ,TFONY,1999-06-21,2.14
NASDAQ,TFONY,1999-03-22,0.075
NASDAQ,TFONY,1998-12-18,2.04
NASDAQ,TFONY,1998-09-21,0.1
NASDAQ,TFONY,1998-06-22,0.1
NASDAQ,TFONY,1998-03-23,0.1
NASDAQ,TFONY,1997-12-15,0.06
NASDAQ,TFONY,1997-09-15,0.06
NASDAQ,TFONY,1997-06-16,2.185
NASDAQ,TFONY,1996-11-15,2.31
NASDAQ,TFONY,1996-06-17,0.05
NASDAQ,TFONY,1995-11-17,0.05
NASDAQ,TFONY,1995-06-16,0.04
NASDAQ,TFONY,1994-11-15,0.09
NASDAQ,TFONY,1994-06-14,0.075
NASDAQ,TWIN,2009-11-10,0.07
NASDAQ,TWIN,2009-08-12,0.07
NASDAQ,TWIN,2009-05-06,0.07
NASDAQ,TWIN,2009-02-11,0.07
NASDAQ,TWIN,2008-11-12,0.07
NASDAQ,TWIN,2008-08-06,0.07
NASDAQ,TWIN,2008-05-07,0.07
NASDAQ,TWIN,2008-02-06,0.07
NASDAQ,TWIN,2007-11-07,0.07
NASDAQ,TWIN,2007-08-08,0.055
NASDAQ,TWIN,2007-05-09,0.055
NASDAQ,TWIN,2007-02-07,0.055
NASDAQ,TWIN,2006-11-08,0.0475
NASDAQ,TWIN,2006-08-09,0.0475
NASDAQ,TWIN,2006-05-10,0.0475
NASDAQ,TWIN,2006-02-08,0.0475
NASDAQ,TWIN,2005-11-08,0.04375
NASDAQ,TWIN,2005-08-10,0.04375
NASDAQ,TWIN,2005-05-11,0.04375
NASDAQ,TWIN,2005-02-09,0.04375
NASDAQ,TWIN,2004-11-09,0.04375
NASDAQ,TWIN,2004-08-11,0.04375
NASDAQ,TWIN,2004-05-12,0.04375
NASDAQ,TWIN,2004-02-11,0.04375
NASDAQ,TWIN,2003-11-12,0.04375
NASDAQ,TWIN,2003-08-06,0.04375
NASDAQ,TWIN,2003-05-07,0.04375
NASDAQ,TWIN,2003-02-12,0.04375
NASDAQ,TWIN,2002-11-06,0.04375
NASDAQ,TWIN,2002-08-07,0.04375
NASDAQ,TWIN,2002-05-08,0.04375
NASDAQ,TWIN,2002-02-06,0.04375
NASDAQ,TWIN,2001-08-08,0.04375
NASDAQ,TWIN,2001-05-09,0.04375
NASDAQ,TWIN,2001-02-07,0.04375
NASDAQ,TWIN,2000-11-08,0.04375
NASDAQ,TWIN,2000-08-09,0.04375
NASDAQ,TWIN,2000-05-10,0.04375
NASDAQ,TWIN,2000-02-09,0.04375
NASDAQ,TWIN,1999-11-09,0.04375
NASDAQ,TWIN,1999-08-11,0.04375
NASDAQ,TWIN,1999-05-12,0.04375
NASDAQ,TWIN,1999-02-10,0.0525
NASDAQ,TWIN,1998-11-10,0.0525
NASDAQ,TWIN,1998-08-12,0.0525
NASDAQ,TWIN,1998-05-06,0.0475
NASDAQ,TWIN,1998-02-11,0.0475
NASDAQ,TWIN,1997-11-12,0.0475
NASDAQ,TWIN,1997-08-06,0.0475
NASDAQ,TWIN,1997-05-07,0.04375
NASDAQ,TWIN,1997-02-12,0.04375
NASDAQ,TWIN,1996-11-06,0.04375
NASDAQ,TWIN,1996-08-07,0.04375
NASDAQ,TWIN,1996-05-08,0.04375
NASDAQ,TWIN,1996-02-07,0.04375
NASDAQ,TWIN,1995-11-08,0.04375
NASDAQ,TWIN,1995-08-09,0.04375
NASDAQ,TWIN,1995-05-08,0.04375
NASDAQ,TWIN,1995-02-06,0.04375
NASDAQ,TWIN,1994-11-04,0.04375
NASDAQ,TWIN,1994-08-08,0.04375
NASDAQ,TWIN,1994-05-09,0.04375
NASDAQ,TWIN,1994-02-07,0.04375
NASDAQ,TWIN,1993-11-05,0.04375
NASDAQ,TWIN,1993-08-09,0.04375
NASDAQ,TWIN,1993-05-10,0.04375
NASDAQ,TWIN,1993-02-08,0.04375
NASDAQ,TWIN,1992-11-06,0.04375
NASDAQ,TWIN,1992-08-10,0.04375
NASDAQ,TWIN,1992-05-04,0.04375
NASDAQ,TWIN,1992-02-10,0.04375
NASDAQ,TWIN,1991-11-04,0.04375
NASDAQ,TWIN,1991-08-05,0.04375
NASDAQ,TWIN,1991-05-06,0.04375
NASDAQ,TWIN,1991-02-04,0.05625
NASDAQ,TWIN,1990-11-05,0.05625
NASDAQ,TWIN,1990-08-06,0.05625
NASDAQ,TWIN,1990-05-07,0.05625
NASDAQ,TWIN,1990-02-05,0.05625
NASDAQ,TWIN,1989-11-06,0.05625
NASDAQ,TWIN,1989-08-07,0.05625
NASDAQ,TWIN,1989-05-08,0.05
NASDAQ,TWIN,1989-02-06,0.05
NASDAQ,TWIN,1988-11-04,0.05
NASDAQ,TWIN,1988-08-08,0.05
NASDAQ,TWIN,1988-05-09,0.04375
NASDAQ,TWIN,1988-02-08,0.04375
NASDAQ,TOBC,2009-11-10,0.28
NASDAQ,TOBC,2009-08-12,0.28
NASDAQ,TOBC,2009-05-13,0.28
NASDAQ,TOBC,2009-03-18,1.12
NASDAQ,TOBC,2009-01-29,0.28
NASDAQ,TOBC,2008-10-30,0.28
NASDAQ,TOBC,2008-07-30,0.28
NASDAQ,TOBC,2008-04-29,0.28
NASDAQ,TOBC,2007-10-30,0.28
NASDAQ,TOBC,2007-07-30,0.26
NASDAQ,TOBC,2007-04-27,0.26
NASDAQ,TOBC,2007-01-30,0.26
NASDAQ,TOBC,2006-09-28,0.26
NASDAQ,TOBC,2006-06-29,0.24
NASDAQ,TOBC,2006-03-30,0.24
NASDAQ,TOBC,2006-01-04,0.24
NASDAQ,TOBC,2005-10-05,0.24
NASDAQ,TOBC,2005-06-29,0.22
NASDAQ,TOBC,2005-03-30,0.22
NASDAQ,TOBC,2005-01-03,0.72
NASDAQ,TOBC,2004-09-29,0.22
NASDAQ,TOBC,2004-06-30,0.2
NASDAQ,TOBC,2004-03-31,0.2
NASDAQ,TOBC,2003-12-31,0.2
NASDAQ,TOBC,2003-10-01,0.2
NASDAQ,TOBC,2003-07-01,0.18
NASDAQ,TOBC,2003-04-03,0.18
NASDAQ,TOBC,2003-02-21,0.5
NASDAQ,TOBC,2003-01-02,0.18
NASDAQ,TOBC,2002-09-27,0.18
NASDAQ,TOBC,2002-07-02,0.16
NASDAQ,TOBC,2002-05-02,0.16
NASDAQ,TOBC,2002-03-07,0.16
NASDAQ,TOBC,2001-11-28,0.4
NASDAQ,TOBC,2001-08-29,0.5
NASDAQ,TOBC,2001-06-06,0.22
NASDAQ,TOFC,2008-02-01,0.044
NASDAQ,TOFC,2007-10-26,0.044
NASDAQ,TOFC,2007-07-30,0.044
NASDAQ,TOFC,2007-05-10,0.044
NASDAQ,TOFC,2007-01-30,0.044
NASDAQ,TOFC,2006-10-30,0.04
NASDAQ,TOFC,2006-07-28,0.04
NASDAQ,TOFC,2006-05-03,0.04
NASDAQ,TOFC,2006-02-08,0.04
NASDAQ,TRCI,2009-12-29,0.02
NASDAQ,TRCI,2009-09-28,0.02
NASDAQ,TRCI,2009-06-26,0.02
NASDAQ,TRCI,2009-03-27,0.02
NASDAQ,TRCI,2008-12-29,0.02
NASDAQ,TRCI,2008-09-26,0.02
NASDAQ,TRCI,2008-06-26,0.02
NASDAQ,TRCI,2008-03-27,0.02
NASDAQ,TRCI,2007-12-27,0.02
NASDAQ,TRCI,2007-09-26,0.02
NASDAQ,TRCI,2007-06-27,0.02
NASDAQ,TRCI,2007-03-28,0.02
NASDAQ,TRCI,2006-12-27,0.02
NASDAQ,TRCI,2006-09-27,0.02
NASDAQ,TRCI,2006-06-28,0.015
NASDAQ,TRCI,2006-03-29,0.015
NASDAQ,TRCI,2005-12-28,0.015
NASDAQ,TRCI,2005-09-28,0.015
NASDAQ,TRCI,2005-06-28,0.015
NASDAQ,TRCI,2005-03-29,0.015
NASDAQ,TRCI,2004-12-29,0.015
NASDAQ,TRCI,2004-09-28,0.015
NASDAQ,TRCI,2004-06-28,0.015
NASDAQ,TRCI,2004-03-29,0.015
NASDAQ,TRCI,2003-12-29,0.015
NASDAQ,TRCI,2003-09-26,0.015
NASDAQ,TRCI,2003-06-26,0.015
NASDAQ,TRCI,2003-03-27,0.015
NASDAQ,TRCI,2002-12-27,0.01
NASDAQ,TRCI,2002-09-26,0.01
NASDAQ,TRCI,2002-06-26,0.01
NASDAQ,TRCI,2002-03-26,0.01
NASDAQ,TRCI,2001-12-27,0.01
NASDAQ,TRCI,2001-09-26,0.01
NASDAQ,TRCI,2001-06-27,0.01
NASDAQ,TRCI,2001-03-28,0.01
NASDAQ,TRCI,2000-12-27,0.01
NASDAQ,TRCI,2000-09-27,0.01
NASDAQ,TRCI,2000-06-28,0.01
NASDAQ,TRCI,2000-03-29,0.01
NASDAQ,TRCI,1999-12-29,0.01
NASDAQ,TRCI,1999-09-28,0.01
NASDAQ,TRCI,1997-12-29,0.06
NASDAQ,TRCI,1997-09-26,0.06
NASDAQ,TRCI,1997-06-26,0.06
NASDAQ,TRCI,1997-03-26,0.06
NASDAQ,TRCI,1996-12-27,0.06
NASDAQ,TRCI,1996-09-26,0.06
NASDAQ,TRCI,1996-06-26,0.06
NASDAQ,TRCI,1996-03-27,0.06
NASDAQ,TRCI,1995-12-27,0.06
NASDAQ,TRCI,1995-10-05,0.06
NASDAQ,TRCI,1995-06-28,0.06
NASDAQ,TEVA,2009-11-06,0.158
NASDAQ,TEVA,2009-08-03,0.154
NASDAQ,TEVA,2009-05-08,0.145
NASDAQ,TEVA,2009-02-23,0.148
NASDAQ,TEVA,2008-11-07,0.117
NASDAQ,TEVA,2008-08-01,0.13
NASDAQ,TEVA,2008-05-13,0.131
NASDAQ,TEVA,2008-02-15,0.125
NASDAQ,TEVA,2007-11-02,0.101
NASDAQ,TEVA,2007-08-10,0.092
NASDAQ,TEVA,2007-05-10,0.098
NASDAQ,TEVA,2007-02-16,0.094
NASDAQ,TEVA,2006-11-10,0.079
NASDAQ,TEVA,2006-08-11,0.078
NASDAQ,TEVA,2006-05-12,0.077
NASDAQ,TEVA,2006-03-06,0.072
NASDAQ,TEVA,2005-11-10,0.064
NASDAQ,TEVA,2005-08-11,0.067
NASDAQ,TEVA,2005-05-05,0.069
NASDAQ,TEVA,2005-02-17,0.069
NASDAQ,TEVA,2004-11-09,0.051
NASDAQ,TEVA,2004-08-09,0.05
NASDAQ,TEVA,2004-05-10,0.049
NASDAQ,TEVA,2004-02-20,0.0505
NASDAQ,TEVA,2003-11-13,0.0365
NASDAQ,TEVA,2003-08-08,0.0375
NASDAQ,TEVA,2003-05-08,0.037
NASDAQ,TEVA,2003-02-24,0.034
NASDAQ,TEVA,2003-01-07,0.0175
NASDAQ,TEVA,2002-11-07,0.0225
NASDAQ,TEVA,2002-08-19,0.02275
NASDAQ,TEVA,2002-05-20,0.022
NASDAQ,TEVA,2002-02-15,0.02325
NASDAQ,TEVA,2001-11-16,0.016
NASDAQ,TEVA,2001-08-20,0.016
NASDAQ,TEVA,2001-05-17,0.01625
NASDAQ,TEVA,2001-03-08,0.0165
NASDAQ,TEVA,2000-11-16,0.01375
NASDAQ,TEVA,2000-08-24,0.014
NASDAQ,TEVA,2000-05-19,0.0135
NASDAQ,TEVA,1999-11-04,0.00662
NASDAQ,TEVA,1999-08-18,0.00688
NASDAQ,TEVA,1999-05-21,0.00688
NASDAQ,TEVA,1999-03-08,0.00725
NASDAQ,TEVA,1998-11-20,0.00813
NASDAQ,TEVA,1998-11-16,0.00813
NASDAQ,TEVA,1998-08-21,0.00813
NASDAQ,TEVA,1998-05-21,0.00813
NASDAQ,TEVA,1998-03-12,0.0085
NASDAQ,TEVA,1997-11-20,0.0085
NASDAQ,TEVA,1997-08-25,0.0085
NASDAQ,TEVA,1997-05-23,0.0075
NASDAQ,TEVA,1997-03-07,0.0065
NASDAQ,TEVA,1996-11-20,0.00625
NASDAQ,TEVA,1996-08-26,0.00625
NASDAQ,TEVA,1996-05-23,0.00625
NASDAQ,TEVA,1996-03-07,0.00625
NASDAQ,TEVA,1995-11-20,0.00625
NASDAQ,TEVA,1995-08-14,0.00625
NASDAQ,TEVA,1995-05-17,0.00813
NASDAQ,TEVA,1995-03-07,0.0065
NASDAQ,TEVA,1994-11-15,0.006
NASDAQ,TEVA,1994-08-09,0.00625
NASDAQ,TEVA,1994-03-08,0.00525
NASDAQ,TEVA,1993-11-17,0.00462
NASDAQ,TEVA,1993-08-17,0.00462
NASDAQ,TEVA,1993-05-18,0.00438
NASDAQ,TEVA,1993-04-07,0.0025
NASDAQ,TEVA,1992-11-17,0.0025
NASDAQ,TEVA,1992-08-18,0.00313
NASDAQ,TEVA,1992-05-19,0.00263
NASDAQ,TEVA,1992-03-03,0.00219
NASDAQ,TEVA,1991-11-20,0.00219
NASDAQ,TEVA,1991-08-21,0.00219
NASDAQ,TEVA,1991-05-20,0.0025
NASDAQ,TEVA,1991-03-05,0.0025
NASDAQ,TEVA,1990-11-20,0.00231
NASDAQ,TEVA,1990-08-17,0.00231
NASDAQ,TEVA,1990-05-21,0.00219
