exchange,stock_symbol,date,dividends
NASDAQ,WVFC,2009-11-12,0.16
NASDAQ,WVFC,2009-08-06,0.16
NASDAQ,WVFC,2009-05-07,0.16
NASDAQ,WVFC,2009-02-05,0.16
NASDAQ,WVFC,2008-11-06,0.16
NASDAQ,WVFC,2008-08-07,0.16
NASDAQ,WVFC,2008-05-08,0.16
NASDAQ,WVFC,2008-02-07,0.16
NASDAQ,WVFC,2007-11-07,0.16
NASDAQ,WVFC,2007-08-09,0.16
NASDAQ,WVFC,2007-05-10,0.16
NASDAQ,WVFC,2007-02-01,0.16
NASDAQ,WVFC,2006-11-02,0.16
NASDAQ,WVFC,2006-08-03,0.16
NASDAQ,WVFC,2006-05-04,0.16
NASDAQ,WVFC,2006-02-02,0.16
NASDAQ,WVFC,2005-11-03,0.16
NASDAQ,WVFC,2005-08-04,0.16
NASDAQ,WVFC,2005-05-05,0.16
NASDAQ,WVFC,2005-02-03,0.16
NASDAQ,WVFC,2004-11-04,0.16
NASDAQ,WVFC,2004-08-05,0.16
NASDAQ,WVFC,2004-05-06,0.16
NASDAQ,WVFC,2004-02-05,0.16
NASDAQ,WVFC,2003-11-06,0.16
NASDAQ,WVFC,2003-08-07,0.16
NASDAQ,WVFC,2003-05-08,0.16
NASDAQ,WVFC,2003-02-06,0.16
NASDAQ,WVFC,2002-10-31,0.16
NASDAQ,WVFC,2002-08-01,0.16
NASDAQ,WVFC,2002-05-02,0.16
NASDAQ,WVFC,2002-01-31,0.16
NASDAQ,WVFC,2001-11-01,0.16
NASDAQ,WVFC,2001-08-02,0.16
NASDAQ,WVFC,2001-05-03,0.16
NASDAQ,WVFC,2001-02-01,0.16
NASDAQ,WVFC,2000-11-02,0.16
NASDAQ,WVFC,2000-08-03,0.16
NASDAQ,WVFC,2000-05-04,0.16
NASDAQ,WVFC,2000-02-03,0.16
NASDAQ,WVFC,1999-11-04,0.16
NASDAQ,WVFC,1999-08-05,0.16
NASDAQ,WVFC,1999-05-06,0.16
NASDAQ,WVFC,1999-02-04,0.16
NASDAQ,WVFC,1998-11-05,0.16
NASDAQ,WVFC,1998-08-06,0.15
NASDAQ,WVFC,1998-05-07,0.275
NASDAQ,WVFC,1998-02-05,1.1
NASDAQ,WVFC,1997-11-06,0.15
NASDAQ,WVFC,1997-08-07,0.1
NASDAQ,WVFC,1997-05-08,0.1
NASDAQ,WVFC,1997-02-06,0.1
NASDAQ,WVFC,1996-11-06,0.1
NASDAQ,WVFC,1996-08-08,0.05
NASDAQ,WVFC,1996-05-02,0.046
NASDAQ,WVFC,1996-02-08,0.05
NASDAQ,WVFC,1995-11-09,0.05
NASDAQ,WVFC,1995-08-03,0.03
NASDAQ,WVFC,1995-05-02,0.03
NASDAQ,WVFC,1995-02-07,0.03
NASDAQ,WVFC,1994-11-01,0.03
NASDAQ,WVFC,1994-08-02,0.02
NASDAQ,WVFC,1994-05-06,0.02
NASDAQ,WTFC,2009-08-11,0.09
NASDAQ,WTFC,2009-02-10,0.18
NASDAQ,WTFC,2008-08-05,0.18
NASDAQ,WTFC,2008-02-05,0.18
NASDAQ,WTFC,2007-08-07,0.16
NASDAQ,WTFC,2007-02-06,0.16
NASDAQ,WTFC,2006-08-08,0.14
NASDAQ,WTFC,2006-02-07,0.14
NASDAQ,WTFC,2005-08-05,0.12
NASDAQ,WTFC,2005-02-04,0.12
NASDAQ,WTFC,2004-08-06,0.1
NASDAQ,WTFC,2004-02-03,0.1
NASDAQ,WTFC,2003-08-01,0.08
NASDAQ,WTFC,2003-02-04,0.08
NASDAQ,WTFC,2002-08-02,0.06
NASDAQ,WTFC,2002-02-01,0.06
NASDAQ,WTFC,2001-08-07,0.04667
NASDAQ,WTFC,2001-02-06,0.04667
NASDAQ,WTFC,2000-08-08,0.03333
NASDAQ,WTFC,2000-02-08,0.01667
NASDAQ,WIN,2009-12-29,0.25
NASDAQ,WIN,2009-09-28,0.25
NASDAQ,WIN,2009-06-26,0.25
NASDAQ,WIN,2009-03-27,0.25
NASDAQ,WIN,2008-12-29,0.25
NASDAQ,WIN,2008-09-26,0.25
NASDAQ,WIN,2008-06-26,0.25
NASDAQ,WIN,2008-03-27,0.25
NASDAQ,WIN,2007-12-26,0.25
NASDAQ,WIN,2007-09-26,0.25
NASDAQ,WIN,2007-06-27,0.25
NASDAQ,WIN,2007-03-28,0.25
NASDAQ,WIN,2006-12-27,0.25
NASDAQ,WIN,2006-09-27,0.204
NASDAQ,WIN,2006-07-12,0.07
NASDAQ,WIN,2006-06-28,0.36
NASDAQ,WIN,2006-03-29,0.36
NASDAQ,WIN,2005-12-28,0.36
NASDAQ,WIN,2005-09-28,0.36
NASDAQ,WIN,2005-06-28,0.36
NASDAQ,WIN,2005-03-29,0.18
NASDAQ,WABC,2010-02-04,0.36
NASDAQ,WABC,2009-10-29,0.35
NASDAQ,WABC,2009-07-30,0.35
NASDAQ,WABC,2009-04-30,0.35
NASDAQ,WABC,2009-01-29,0.36
NASDAQ,WABC,2008-10-30,0.35
NASDAQ,WABC,2008-07-31,0.35
NASDAQ,WABC,2008-05-01,0.35
NASDAQ,WABC,2008-01-31,0.34
NASDAQ,WABC,2007-11-01,0.34
NASDAQ,WABC,2007-08-02,0.34
NASDAQ,WABC,2007-05-03,0.34
NASDAQ,WABC,2007-02-01,0.34
NASDAQ,WABC,2006-11-02,0.34
NASDAQ,WABC,2006-08-03,0.32
NASDAQ,WABC,2006-05-04,0.32
NASDAQ,WABC,2006-02-02,0.32
NASDAQ,WABC,2005-11-03,0.32
NASDAQ,WABC,2005-08-04,0.3
NASDAQ,WABC,2005-05-05,0.3
NASDAQ,WABC,2005-02-03,0.3
NASDAQ,WABC,2004-11-04,0.28
NASDAQ,WABC,2004-07-29,0.28
NASDAQ,WABC,2004-04-29,0.28
NASDAQ,WABC,2004-01-29,0.26
NASDAQ,WABC,2003-10-29,0.26
NASDAQ,WABC,2003-07-30,0.26
NASDAQ,WABC,2003-04-30,0.24
NASDAQ,WABC,2003-01-29,0.24
NASDAQ,WABC,2002-10-30,0.24
NASDAQ,WABC,2002-07-31,0.22
NASDAQ,WABC,2002-05-01,0.22
NASDAQ,WABC,2002-01-30,0.22
NASDAQ,WABC,2001-10-31,0.21
NASDAQ,WABC,2001-08-01,0.21
NASDAQ,WABC,2001-05-02,0.21
NASDAQ,WABC,2001-01-31,0.19
NASDAQ,WABC,2000-11-01,0.19
NASDAQ,WABC,2000-08-02,0.19
NASDAQ,WABC,2000-05-03,0.18
NASDAQ,WABC,2000-02-02,0.18
NASDAQ,WABC,1999-11-03,0.18
NASDAQ,WABC,1999-07-28,0.16
NASDAQ,WABC,1999-04-28,0.16
NASDAQ,WABC,1999-02-03,0.16
NASDAQ,WABC,1998-10-28,0.14
NASDAQ,WABC,1998-07-29,0.14
NASDAQ,WABC,1998-04-29,0.12
NASDAQ,WABC,1998-01-28,0.12
NASDAQ,WABC,1997-10-29,0.1
NASDAQ,WABC,1997-08-06,0.08667
NASDAQ,WABC,1997-04-16,0.08667
NASDAQ,WABC,1997-01-15,0.08667
NASDAQ,WABC,1996-10-16,0.07667
NASDAQ,WABC,1996-07-17,0.07667
NASDAQ,WABC,1996-04-17,0.07667
NASDAQ,WABC,1996-01-17,0.06667
NASDAQ,WABC,1995-10-18,0.06667
NASDAQ,WABC,1995-07-19,0.06667
NASDAQ,WABC,1995-04-17,0.05667
NASDAQ,WABC,1995-01-13,0.05667
NASDAQ,WABC,1994-10-17,0.05667
NASDAQ,WABC,1994-07-11,0.05
NASDAQ,WABC,1994-04-11,0.05
NASDAQ,WABC,1994-01-14,0.05
NASDAQ,WABC,1993-10-08,0.04667
NASDAQ,WABC,1993-07-12,0.04667
NASDAQ,WABC,1993-04-12,0.04667
NASDAQ,WABC,1993-01-11,0.04333
NASDAQ,WABC,1992-10-09,0.04333
NASDAQ,WABC,1992-07-13,0.04333
NASDAQ,WABC,1992-04-10,0.04
NASDAQ,WOOD,2009-12-21,0.292
NASDAQ,WOOD,2009-06-22,0.135
NASDAQ,WBPRK,2009-01-28,0.144
NASDAQ,WBPRK,2008-12-31,0.144
NASDAQ,WBPRK,2008-11-25,0.144
NASDAQ,WBPRK,2008-10-29,0.144
NASDAQ,WBPRK,2008-09-26,0.144
NASDAQ,WBPRK,2008-08-27,0.144
NASDAQ,WBPRK,2008-07-29,0.144
NASDAQ,WBPRK,2008-06-26,0.144
NASDAQ,WBPRK,2008-05-28,0.144
NASDAQ,WBPRK,2008-04-28,0.144
NASDAQ,WBPRK,2008-03-27,0.144
NASDAQ,WBPRK,2008-02-27,0.144
NASDAQ,WBPRK,2008-01-29,0.144
NASDAQ,WBPRK,2007-12-28,0.144
NASDAQ,WBPRK,2007-11-28,0.144
NASDAQ,WBPRK,2007-10-29,0.144
NASDAQ,WBPRK,2007-09-26,0.144
NASDAQ,WBPRK,2007-08-31,0.144
NASDAQ,WBPRK,2007-07-27,0.144
NASDAQ,WBPRK,2007-06-27,0.144
NASDAQ,WBPRK,2007-05-29,0.144
NASDAQ,WBPRK,2007-04-26,0.144
NASDAQ,WBPRK,2007-03-28,0.144
NASDAQ,WBPRK,2007-02-26,0.144
NASDAQ,WBPRK,2007-01-29,0.144
NASDAQ,WBPRK,2006-12-27,0.144
NASDAQ,WBPRK,2006-11-28,0.144
NASDAQ,WBPRK,2006-10-27,0.144
NASDAQ,WBPRK,2006-09-27,0.144
NASDAQ,WBPRK,2006-08-29,0.144
NASDAQ,WBPRK,2006-07-27,0.144
NASDAQ,WBPRK,2006-06-28,0.144
NASDAQ,WBPRK,2006-05-26,0.144
NASDAQ,WBPRK,2006-04-26,0.144
NASDAQ,WBPRK,2006-03-29,0.144
NASDAQ,WBPRK,2006-02-24,0.144
NASDAQ,WBPRK,2006-01-27,0.144
NASDAQ,WBPRK,2005-12-28,0.144
NASDAQ,WBPRK,2005-11-28,0.144
NASDAQ,WBPRK,2005-10-27,0.144
NASDAQ,WBPRK,2005-09-28,0.144
NASDAQ,WBPRK,2005-08-29,0.144
NASDAQ,WBPRK,2005-07-27,0.144
NASDAQ,WBPRK,2005-06-28,0.144
NASDAQ,WBPRK,2005-05-26,0.144
NASDAQ,WBPRK,2005-04-27,0.144
NASDAQ,WBPRK,2005-03-29,0.144
NASDAQ,WBPRK,2005-02-24,0.144
NASDAQ,WBPRK,2005-01-27,0.144
NASDAQ,WBPRK,2004-12-29,0.144
NASDAQ,WBPRK,2004-11-26,0.144
NASDAQ,WBPRK,2004-10-27,0.144
NASDAQ,WBPRK,2004-09-28,0.144
NASDAQ,WBPRK,2004-08-27,0.144
NASDAQ,WBPRK,2004-07-28,0.144
NASDAQ,WBPRK,2004-06-28,0.144
NASDAQ,WBPRK,2004-05-26,0.144
NASDAQ,WASH,2009-12-31,0.21
NASDAQ,WASH,2009-09-28,0.21
NASDAQ,WASH,2009-06-26,0.21
NASDAQ,WASH,2009-03-27,0.21
NASDAQ,WASH,2008-12-31,0.21
NASDAQ,WASH,2008-09-26,0.21
NASDAQ,WASH,2008-06-26,0.21
NASDAQ,WASH,2008-03-27,0.2
NASDAQ,WASH,2007-12-31,0.2
NASDAQ,WASH,2007-12-21,0.2
NASDAQ,WASH,2007-09-27,0.2
NASDAQ,WASH,2007-06-28,0.2
NASDAQ,WASH,2007-03-28,0.2
NASDAQ,WASH,2006-12-29,0.19
NASDAQ,WASH,2006-09-28,0.19
NASDAQ,WASH,2006-06-28,0.19
NASDAQ,WASH,2006-03-29,0.19
NASDAQ,WASH,2005-12-29,0.18
NASDAQ,WASH,2005-09-28,0.18
NASDAQ,WASH,2005-06-28,0.18
NASDAQ,WASH,2005-03-29,0.18
NASDAQ,WASH,2004-12-31,0.17
NASDAQ,WASH,2004-09-29,0.17
NASDAQ,WASH,2004-06-30,0.17
NASDAQ,WASH,2004-03-31,0.17
NASDAQ,WASH,2003-12-31,0.16
NASDAQ,WASH,2003-09-30,0.16
NASDAQ,WASH,2003-06-30,0.15
NASDAQ,WASH,2003-03-31,0.15
NASDAQ,WASH,2003-01-02,0.14
NASDAQ,WASH,2002-10-01,0.14
NASDAQ,WASH,2002-07-02,0.14
NASDAQ,WASH,2002-04-02,0.14
NASDAQ,WASH,2002-01-03,0.13
NASDAQ,WASH,2001-10-02,0.13
NASDAQ,WASH,2001-07-03,0.13
NASDAQ,WASH,2001-03-27,0.13
NASDAQ,WASH,2001-01-04,0.12
NASDAQ,WASH,2000-10-05,0.12
NASDAQ,WASH,2000-07-05,0.12
NASDAQ,WASH,2000-03-30,0.12
NASDAQ,WASH,1999-12-31,0.11
NASDAQ,WASH,1999-09-29,0.11
NASDAQ,WASH,1999-06-29,0.11
NASDAQ,WASH,1999-03-30,0.11
NASDAQ,WASH,1998-12-31,0.1
NASDAQ,WASH,1998-09-30,0.1
NASDAQ,WASH,1998-06-30,0.1
NASDAQ,WASH,1998-03-31,0.1
NASDAQ,WASH,1997-12-31,0.09333
NASDAQ,WASH,1997-09-30,0.08889
NASDAQ,WASH,1997-07-01,0.08445
NASDAQ,WASH,1997-04-01,0.08445
NASDAQ,WASH,1996-12-31,0.08
NASDAQ,WASH,1996-09-27,0.07703
NASDAQ,WASH,1996-06-27,0.07703
NASDAQ,WASH,1996-03-28,0.07703
NASDAQ,WASH,1995-12-28,0.07111
NASDAQ,WASH,1995-09-28,0.07111
NASDAQ,WILC,2006-01-09,0.12
NASDAQ,WDFC,2010-01-06,0.25
NASDAQ,WDFC,2009-10-14,0.25
NASDAQ,WDFC,2009-07-15,0.25
NASDAQ,WDFC,2009-04-14,0.25
NASDAQ,WDFC,2009-01-06,0.25
NASDAQ,WDFC,2008-10-15,0.25
NASDAQ,WDFC,2008-07-15,0.25
NASDAQ,WDFC,2008-04-14,0.25
NASDAQ,WDFC,2008-01-04,0.25
NASDAQ,WDFC,2007-10-16,0.25
NASDAQ,WDFC,2007-07-13,0.25
NASDAQ,WDFC,2007-04-12,0.25
NASDAQ,WDFC,2007-01-04,0.25
NASDAQ,WDFC,2006-10-13,0.22
NASDAQ,WDFC,2006-07-13,0.22
NASDAQ,WDFC,2006-04-12,0.22
NASDAQ,WDFC,2006-01-04,0.22
NASDAQ,WDFC,2005-10-13,0.22
NASDAQ,WDFC,2005-07-14,0.22
NASDAQ,WDFC,2005-04-14,0.22
NASDAQ,WDFC,2005-01-05,0.2
NASDAQ,WDFC,2004-12-16,0.2
NASDAQ,WDFC,2004-10-14,0.2
NASDAQ,WDFC,2004-07-15,0.2
NASDAQ,WDFC,2004-04-15,0.2
NASDAQ,WDFC,2004-01-06,0.2
NASDAQ,WDFC,2003-10-08,0.2
NASDAQ,WDFC,2003-07-09,0.2
NASDAQ,WDFC,2003-04-09,0.2
NASDAQ,WDFC,2003-01-06,0.2
NASDAQ,WDFC,2002-10-09,0.2
NASDAQ,WDFC,2002-07-10,0.2
NASDAQ,WDFC,2002-04-10,0.27
NASDAQ,WDFC,2002-01-04,0.27
NASDAQ,WDFC,2001-10-10,0.27
NASDAQ,WDFC,2001-07-10,0.27
NASDAQ,WDFC,2001-04-06,0.27
NASDAQ,WDFC,2001-01-04,0.32
NASDAQ,WDFC,2000-10-11,0.32
NASDAQ,WDFC,2000-07-07,0.32
NASDAQ,WDFC,2000-04-10,0.32
NASDAQ,WDFC,2000-01-05,0.32
NASDAQ,WDFC,1999-10-14,0.32
NASDAQ,WDFC,1999-07-08,0.32
NASDAQ,WDFC,1999-04-08,0.32
NASDAQ,WDFC,1999-01-06,0.32
NASDAQ,WDFC,1998-10-15,0.32
NASDAQ,WDFC,1998-07-08,0.32
NASDAQ,WDFC,1998-04-07,0.32
NASDAQ,WDFC,1998-01-07,0.32
NASDAQ,WDFC,1997-10-08,0.32
NASDAQ,WDFC,1997-07-09,0.32
NASDAQ,WDFC,1997-04-08,0.31
NASDAQ,WDFC,1997-01-08,0.31
NASDAQ,WDFC,1996-10-08,0.31
NASDAQ,WDFC,1996-07-08,0.31
NASDAQ,WDFC,1996-04-08,0.31
NASDAQ,WDFC,1996-01-08,0.31
NASDAQ,WDFC,1995-10-05,0.31
NASDAQ,WDFC,1995-07-06,0.31
NASDAQ,WDFC,1995-04-05,0.3
NASDAQ,WDFC,1995-01-04,0.3
NASDAQ,WDFC,1994-10-04,0.3
NASDAQ,WDFC,1994-07-05,0.3
NASDAQ,WDFC,1994-04-04,0.275
NASDAQ,WDFC,1994-01-04,0.2625
NASDAQ,WDFC,1993-10-04,0.25
NASDAQ,WDFC,1993-07-02,0.225
NASDAQ,WDFC,1993-04-05,0.225
NASDAQ,WDFC,1993-01-05,0.225
NASDAQ,WDFC,1992-10-05,0.225
NASDAQ,WDFC,1992-07-06,0.225
NASDAQ,WDFC,1992-04-06,0.225
NASDAQ,WDFC,1992-01-06,0.215
NASDAQ,WDFC,1991-01-04,0.2525
NASDAQ,WDFC,1990-10-03,0.2525
NASDAQ,WDFC,1990-07-03,0.2525
NASDAQ,WDFC,1990-04-04,0.2525
NASDAQ,WWAY,2009-06-04,1.0
NASDAQ,WBPRO,2009-01-28,0.151
NASDAQ,WBPRO,2008-12-31,0.151
NASDAQ,WBPRO,2008-11-25,0.151
NASDAQ,WBPRO,2008-10-29,0.151
NASDAQ,WBPRO,2008-09-26,0.151
NASDAQ,WBPRO,2008-08-27,0.151
NASDAQ,WBPRO,2008-07-29,0.151
NASDAQ,WBPRO,2008-06-26,0.151
NASDAQ,WBPRO,2008-05-28,0.151
NASDAQ,WBPRO,2008-04-28,0.151
NASDAQ,WBPRO,2008-03-27,0.151
NASDAQ,WBPRO,2008-02-27,0.151
NASDAQ,WBPRO,2008-01-29,0.151
NASDAQ,WBPRO,2007-12-28,0.151
NASDAQ,WBPRO,2007-11-28,0.151
NASDAQ,WBPRO,2007-10-29,0.151
NASDAQ,WBPRO,2007-09-26,0.151
NASDAQ,WBPRO,2007-08-31,0.151
NASDAQ,WBPRO,2007-07-27,0.151
NASDAQ,WBPRO,2007-06-27,0.151
NASDAQ,WBPRO,2007-05-29,0.151
NASDAQ,WBPRO,2007-04-26,0.151
NASDAQ,WBPRO,2007-03-28,0.151
NASDAQ,WBPRO,2007-02-26,0.151
NASDAQ,WBPRO,2007-01-29,0.151
NASDAQ,WBPRO,2006-12-27,0.151
NASDAQ,WBPRO,2006-11-28,0.151
NASDAQ,WBPRO,2006-10-27,0.151
NASDAQ,WBPRO,2006-09-27,0.151
NASDAQ,WBPRO,2006-08-29,0.151
NASDAQ,WBPRO,2006-07-27,0.151
NASDAQ,WBPRO,2006-06-28,0.151
NASDAQ,WBPRO,2006-05-26,0.151
NASDAQ,WBPRO,2006-04-26,0.151
NASDAQ,WBPRO,2006-03-29,0.151
NASDAQ,WBPRO,2006-02-24,0.151
NASDAQ,WBPRO,2006-01-27,0.151
NASDAQ,WBPRO,2005-12-28,0.151
NASDAQ,WBPRO,2005-11-28,0.151
NASDAQ,WBPRO,2005-10-27,0.151
NASDAQ,WBPRO,2005-09-28,0.151
NASDAQ,WBPRO,2005-08-29,0.151
NASDAQ,WBPRO,2005-07-27,0.151
NASDAQ,WBPRO,2005-06-28,0.151
NASDAQ,WBPRO,2005-05-26,0.151
NASDAQ,WBPRO,2005-04-27,0.151
NASDAQ,WBPRO,2005-03-29,0.151
NASDAQ,WBPRO,2005-02-24,0.151
NASDAQ,WBPRO,2005-01-27,0.151
NASDAQ,WBPRO,2004-12-29,0.151
NASDAQ,WBPRO,2004-11-26,0.151
NASDAQ,WBPRO,2004-10-27,0.151
NASDAQ,WBPRO,2004-09-28,0.151
NASDAQ,WBPRO,2004-08-27,0.151
NASDAQ,WBPRO,2004-07-28,0.151
NASDAQ,WBPRO,2004-06-28,0.151
NASDAQ,WBPRO,2004-05-26,0.151
NASDAQ,WBPRO,2004-04-28,0.151
NASDAQ,WBPRO,2004-03-29,0.151
NASDAQ,WBPRO,2004-02-25,0.151
NASDAQ,WBPRO,2004-01-28,0.151
NASDAQ,WBPRO,2003-12-29,0.151
NASDAQ,WBPRO,2003-11-25,0.151
NASDAQ,WBPRO,2003-10-28,0.151
NASDAQ,WFSL,2009-12-30,0.05
NASDAQ,WFSL,2009-10-07,0.05
NASDAQ,WFSL,2009-07-08,0.05
NASDAQ,WFSL,2009-04-07,0.05
NASDAQ,WFSL,2008-12-30,0.05
NASDAQ,WFSL,2008-10-01,0.21
NASDAQ,WFSL,2008-07-09,0.21
NASDAQ,WFSL,2008-04-02,0.21
NASDAQ,WFSL,2007-12-26,0.21
NASDAQ,WFSL,2007-10-03,0.21
NASDAQ,WFSL,2007-07-03,0.21
NASDAQ,WFSL,2007-04-03,0.205
NASDAQ,WFSL,2006-12-27,0.205
NASDAQ,WFSL,2006-10-04,0.205
NASDAQ,WFSL,2006-06-28,0.205
NASDAQ,WFSL,2006-03-29,0.2
NASDAQ,WFSL,2005-12-28,0.2
NASDAQ,WFSL,2005-10-05,0.2
NASDAQ,WFSL,2005-06-29,0.2
NASDAQ,WFSL,2005-03-30,0.19
NASDAQ,WFSL,2004-12-29,0.19091
NASDAQ,WFSL,2004-10-06,0.19091
NASDAQ,WFSL,2004-07-07,0.19091
NASDAQ,WFSL,2004-03-31,0.18182
NASDAQ,WFSL,2004-01-07,0.18182
NASDAQ,WFSL,2003-10-01,0.18182
NASDAQ,WFSL,2003-07-02,0.18182
NASDAQ,WFSL,2003-04-02,0.17355
NASDAQ,WFSL,2002-12-31,0.1728
NASDAQ,WFSL,2002-10-02,0.1728
NASDAQ,WFSL,2002-07-02,0.1728
NASDAQ,WFSL,2002-04-03,0.16529
NASDAQ,WFSL,2002-02-06,0.16378
NASDAQ,WFSL,2001-12-26,0.16393
NASDAQ,WFSL,2001-10-03,0.16393
NASDAQ,WFSL,2001-07-03,0.16393
NASDAQ,WFSL,2001-04-04,0.15709
NASDAQ,WFSL,2001-02-07,0.15573
NASDAQ,WFSL,2000-12-27,0.15523
NASDAQ,WFSL,2000-10-04,0.15523
NASDAQ,WFSL,2000-06-28,0.15523
NASDAQ,WFSL,2000-04-05,0.14903
NASDAQ,WFSL,2000-01-05,0.14903
NASDAQ,WFSL,1999-10-06,0.14281
NASDAQ,WFSL,1999-07-07,0.14281
NASDAQ,WFSL,1999-04-07,0.1366
NASDAQ,WFSL,1999-01-04,0.13548
NASDAQ,WFSL,1998-10-05,0.12983
NASDAQ,WFSL,1998-07-06,0.12983
NASDAQ,WFSL,1998-04-07,0.12305
NASDAQ,WFSL,1998-02-10,0.12305
NASDAQ,WFSL,1998-01-05,0.12316
NASDAQ,WFSL,1997-10-06,0.11803
NASDAQ,WFSL,1997-07-07,0.11803
NASDAQ,WFSL,1997-04-07,0.11186
NASDAQ,WFSL,1997-02-05,0.11186
NASDAQ,WFSL,1997-01-06,0.11196
NASDAQ,WFSL,1996-10-07,0.1073
NASDAQ,WFSL,1996-07-08,0.1073
NASDAQ,WFSL,1996-04-08,0.10263
NASDAQ,WFSL,1996-02-13,0.10169
NASDAQ,WFSL,1996-01-08,0.11196
NASDAQ,WFSL,1995-10-02,0.1073
NASDAQ,WFSL,1995-07-10,0.1073
NASDAQ,WFSL,1995-04-11,0.10263
NASDAQ,WFSL,1995-01-05,0.10263
NASDAQ,WFSL,1994-09-30,0.09796
NASDAQ,WFSL,1994-07-08,0.09796
NASDAQ,WFSL,1994-04-06,0.09564
NASDAQ,WFSL,1994-01-26,1.14294
NASDAQ,WFSL,1994-01-06,0.10263
NASDAQ,WFSL,1993-09-30,0.09796
NASDAQ,WFSL,1993-07-09,0.09796
NASDAQ,WFSL,1993-04-07,0.10263
NASDAQ,WFSL,1993-02-09,0.10263
NASDAQ,WFSL,1993-01-06,0.10263
NASDAQ,WFSL,1992-09-30,0.09796
NASDAQ,WFSL,1992-07-01,0.09796
NASDAQ,WFSL,1992-04-08,0.0933
NASDAQ,WFSL,1992-01-08,0.0933
NASDAQ,WFSL,1991-10-02,0.08708
NASDAQ,WFSL,1991-07-02,0.08708
NASDAQ,WFSL,1991-04-03,0.08086
NASDAQ,WFSL,1991-01-09,0.08086
NASDAQ,WFSL,1990-10-02,0.07465
NASDAQ,WFSL,1990-07-03,0.07465
NASDAQ,WFSL,1990-04-04,0.06842
NASDAQ,WAYN,2010-01-11,0.05
NASDAQ,WAYN,2009-10-09,0.05
NASDAQ,WAYN,2009-07-13,0.05
NASDAQ,WAYN,2009-04-13,0.05
NASDAQ,WAYN,2009-01-12,0.12
NASDAQ,WAYN,2008-10-06,0.12
NASDAQ,WAYN,2008-07-07,0.12
NASDAQ,WAYN,2008-04-07,0.12
NASDAQ,WAYN,2008-01-07,0.12
NASDAQ,WAYN,2007-10-05,0.12
NASDAQ,WAYN,2007-07-09,0.12
NASDAQ,WAYN,2007-04-09,0.12
NASDAQ,WAYN,2007-01-08,0.12
NASDAQ,WAYN,2006-10-06,0.12
NASDAQ,WAYN,2006-07-10,0.12
NASDAQ,WAYN,2006-04-03,0.12
NASDAQ,WAYN,2006-01-13,0.12
NASDAQ,WAYN,2005-12-30,0.12
NASDAQ,WAYN,2005-10-03,0.12
NASDAQ,WAYN,2005-07-01,0.12
NASDAQ,WAYN,2005-04-01,0.12
NASDAQ,WAYN,2004-12-29,0.12
NASDAQ,WAYN,2004-10-04,0.12
NASDAQ,WAYN,2004-07-01,0.12
NASDAQ,WAYN,2004-04-02,0.12
NASDAQ,WAYN,2003-12-31,0.12
NASDAQ,WAYN,2003-10-03,0.12
NASDAQ,WAYN,2003-07-03,0.113
NASDAQ,WAYN,2003-04-04,0.113
NASDAQ,WAYN,2002-12-30,0.11252
NASDAQ,WAYN,2002-10-03,0.11252
NASDAQ,WAYN,2002-06-25,0.11252
NASDAQ,WAYN,2002-04-10,0.11252
NASDAQ,WAYN,2002-01-03,0.11252
NASDAQ,WAYN,2001-10-04,0.11252
NASDAQ,WAYN,2001-06-28,0.11252
NASDAQ,WAYN,2001-04-10,0.1059
NASDAQ,WAYN,2001-01-04,0.1059
NASDAQ,WAYN,2000-10-10,0.1059
NASDAQ,WAYN,2000-07-06,0.1059
NASDAQ,WAYN,2000-04-11,0.1059
NASDAQ,WAYN,2000-01-06,0.1059
NASDAQ,WAYN,1999-10-07,0.1059
NASDAQ,WAYN,1999-06-29,0.1059
NASDAQ,WAYN,1999-04-08,0.0977
NASDAQ,WAYN,1999-01-07,0.0977
NASDAQ,WAYN,1998-10-06,0.0977
NASDAQ,WAYN,1998-07-01,0.0977
NASDAQ,WAYN,1998-05-18,0.09581
NASDAQ,WAYN,1998-04-06,0.08882
NASDAQ,WAYN,1998-01-06,0.08882
NASDAQ,WAYN,1997-10-07,0.08882
NASDAQ,WAYN,1997-07-08,0.08882
NASDAQ,WAYN,1997-04-08,0.08786
NASDAQ,WAYN,1997-01-06,0.08786
NASDAQ,WAYN,1996-10-08,0.08786
NASDAQ,WAYN,1996-07-08,0.08405
NASDAQ,WAYN,1996-05-17,0.08405
NASDAQ,WAYN,1996-04-10,0.08405
NASDAQ,WAYN,1996-01-10,0.0764
NASDAQ,WAYN,1995-10-05,0.0764
NASDAQ,WAYN,1995-07-06,0.0764
NASDAQ,WAYN,1995-05-23,0.0764
NASDAQ,WAYN,1995-04-07,0.0764
NASDAQ,WAYN,1995-01-05,0.06877
NASDAQ,WAYN,1994-10-04,0.06877
NASDAQ,WAYN,1994-07-06,0.06188
NASDAQ,WAYN,1994-06-09,0.06188
NASDAQ,WAYN,1994-04-05,0.06877
NASDAQ,WAYN,1994-01-04,0.06494
NASDAQ,WACLY,2006-03-28,0.848
NASDAQ,WACLY,2005-03-28,0.717
NASDAQ,WACLY,2004-03-26,0.674
NASDAQ,WACLY,2003-03-26,0.57
NASDAQ,WACLY,2002-03-26,0.528
NASDAQ,WACLY,2001-03-27,0.563
NASDAQ,WACLY,2000-03-28,0.776
NASDAQ,WACLY,1999-03-26,0.112
NASDAQ,WTNY,2009-12-11,0.01
NASDAQ,WTNY,2009-09-11,0.01
NASDAQ,WTNY,2009-06-11,0.01
NASDAQ,WTNY,2009-03-16,0.01
NASDAQ,WTNY,2008-12-11,0.2
NASDAQ,WTNY,2008-09-11,0.31
NASDAQ,WTNY,2008-06-12,0.31
NASDAQ,WTNY,2008-03-12,0.31
NASDAQ,WTNY,2007-12-12,0.29
NASDAQ,WTNY,2007-09-12,0.29
NASDAQ,WTNY,2007-06-13,0.29
NASDAQ,WTNY,2007-03-13,0.29
NASDAQ,WTNY,2006-12-13,0.27
NASDAQ,WTNY,2006-09-13,0.27
NASDAQ,WTNY,2006-06-13,0.27
NASDAQ,WTNY,2006-03-13,0.27
NASDAQ,WTNY,2005-12-13,0.25
NASDAQ,WTNY,2005-09-13,0.25
NASDAQ,WTNY,2005-06-13,0.25
NASDAQ,WTNY,2005-03-11,0.23333
NASDAQ,WTNY,2004-12-13,0.23333
NASDAQ,WTNY,2004-09-13,0.22
NASDAQ,WTNY,2004-06-14,0.22
NASDAQ,WTNY,2004-03-11,0.22
NASDAQ,WTNY,2003-12-11,0.22
NASDAQ,WTNY,2003-09-11,0.2
NASDAQ,WTNY,2003-06-12,0.2
NASDAQ,WTNY,2003-03-12,0.2
NASDAQ,WTNY,2002-12-12,0.2
NASDAQ,WTNY,2002-09-12,0.18
NASDAQ,WTNY,2002-06-12,0.18
NASDAQ,WTNY,2002-03-18,0.12
NASDAQ,WTNY,2001-12-12,0.17778
NASDAQ,WTNY,2001-06-13,0.16889
NASDAQ,WTNY,2001-03-13,0.16889
NASDAQ,WTNY,2000-12-13,0.16
NASDAQ,WTNY,2000-09-13,0.16
NASDAQ,WTNY,2000-06-13,0.16
NASDAQ,WTNY,2000-03-13,0.16
NASDAQ,WTNY,1999-12-13,0.14667
NASDAQ,WTNY,1999-09-13,0.14667
NASDAQ,WTNY,1999-06-11,0.14667
NASDAQ,WTNY,1999-03-11,0.14667
NASDAQ,WTNY,1998-12-11,0.13333
NASDAQ,WTNY,1998-09-11,0.13333
NASDAQ,WTNY,1998-06-11,0.13333
NASDAQ,WTNY,1998-03-12,0.13333
NASDAQ,WTNY,1997-12-11,0.12445
NASDAQ,WTNY,1997-09-11,0.12445
NASDAQ,WTNY,1997-06-12,0.12445
NASDAQ,WTNY,1997-03-12,0.12445
NASDAQ,WTNY,1996-12-12,0.11111
NASDAQ,WTNY,1996-09-12,0.11111
NASDAQ,WTNY,1996-06-12,0.11111
NASDAQ,WTNY,1996-03-13,0.09778
NASDAQ,WTNY,1995-12-13,0.09778
NASDAQ,WTNY,1995-09-13,0.08889
NASDAQ,WTNY,1995-06-13,0.08889
NASDAQ,WTNY,1995-03-09,0.08889
NASDAQ,WTNY,1994-12-09,0.07555
NASDAQ,WTNY,1994-09-09,0.07555
NASDAQ,WTNY,1994-06-09,0.06667
NASDAQ,WTNY,1994-03-09,0.06667
NASDAQ,WTNY,1993-12-13,0.02978
NASDAQ,WTNY,1993-09-10,0.02963
NASDAQ,WTNY,1993-06-10,0.02963
NASDAQ,WTNY,1993-03-16,0.02963
NASDAQ,WTNY,1992-12-21,0.02963
NASDAQ,WEST,2009-11-09,5.593
NASDAQ,WEST,2009-10-29,0.466
NASDAQ,WEST,2004-01-07,0.1
NASDAQ,WEST,2002-07-11,0.15
NASDAQ,WEST,2001-12-12,0.15
NASDAQ,WIBC,2009-12-29,0.05
NASDAQ,WIBC,2009-09-28,0.05
NASDAQ,WIBC,2009-06-26,0.05
NASDAQ,WIBC,2009-03-27,0.05
NASDAQ,WIBC,2008-12-29,0.05
NASDAQ,WIBC,2008-09-26,0.05
NASDAQ,WIBC,2008-06-26,0.05
NASDAQ,WIBC,2008-03-27,0.05
NASDAQ,WIBC,2007-12-27,0.05
NASDAQ,WIBC,2007-09-26,0.05
NASDAQ,WIBC,2007-06-27,0.05
NASDAQ,WIBC,2007-03-28,0.05
NASDAQ,WIBC,2006-12-27,0.05
NASDAQ,WIBC,2006-09-27,0.05
NASDAQ,WIBC,2006-06-28,0.05
NASDAQ,WIBC,2006-03-29,0.05
NASDAQ,WIBC,2005-12-28,0.04
NASDAQ,WIBC,2005-09-28,0.04
NASDAQ,WIBC,2005-06-28,0.04
NASDAQ,WIBC,2005-03-29,0.04
NASDAQ,WLFCP,2010-02-03,0.075
NASDAQ,WLFCP,2009-12-31,0.075
NASDAQ,WLFCP,2009-12-03,0.075
NASDAQ,WLFCP,2009-11-03,0.075
NASDAQ,WLFCP,2009-10-01,0.075
NASDAQ,WLFCP,2009-09-02,0.075
NASDAQ,WLFCP,2009-08-03,0.075
NASDAQ,WLFCP,2009-07-01,0.075
NASDAQ,WLFCP,2009-06-03,0.075
NASDAQ,WLFCP,2009-05-01,0.075
NASDAQ,WLFCP,2009-04-02,0.075
NASDAQ,WLFCP,2009-03-03,0.075
NASDAQ,WLFCP,2009-02-03,0.075
NASDAQ,WLFCP,2008-12-31,0.075
NASDAQ,WLFCP,2008-12-03,0.075
NASDAQ,WLFCP,2008-11-03,0.075
NASDAQ,WLFCP,2008-10-02,0.075
NASDAQ,WLFCP,2008-09-03,0.075
NASDAQ,WLFCP,2008-08-01,0.075
NASDAQ,WLFCP,2008-07-01,0.075
NASDAQ,WLFCP,2008-06-03,0.075
NASDAQ,WLFCP,2008-05-01,0.075
NASDAQ,WLFCP,2008-04-02,0.075
NASDAQ,WLFCP,2008-03-03,0.075
NASDAQ,WLFCP,2008-02-01,0.075
NASDAQ,WLFCP,2008-01-02,0.075
NASDAQ,WLFCP,2007-12-03,0.075
NASDAQ,WLFCP,2007-11-01,0.075
NASDAQ,WLFCP,2007-10-03,0.075
NASDAQ,WLFCP,2007-08-31,0.075
NASDAQ,WLFCP,2007-08-01,0.075
NASDAQ,WLFCP,2007-07-02,0.075
NASDAQ,WLFCP,2007-06-01,0.075
NASDAQ,WLFCP,2007-05-02,0.075
NASDAQ,WLFCP,2007-04-03,0.075
NASDAQ,WLFCP,2007-03-01,0.075
NASDAQ,WLFCP,2007-02-01,0.075
NASDAQ,WLFCP,2007-01-03,0.075
NASDAQ,WSB,2009-10-29,0.02
NASDAQ,WSB,2009-07-30,0.02
NASDAQ,WSB,2009-04-29,0.04
NASDAQ,WSB,2009-02-04,0.04
NASDAQ,WSB,2008-10-29,0.04
NASDAQ,WSB,2008-07-24,0.04
NASDAQ,WSB,2008-04-29,0.06
NASDAQ,WSB,2008-02-07,0.04
NASDAQ,WSB,2007-11-29,0.04
NASDAQ,WSB,2007-08-29,0.04
NASDAQ,WSB,2007-05-30,0.04
NASDAQ,WSB,2007-02-28,0.04
NASDAQ,WSB,2006-11-29,0.04
NASDAQ,WSB,2005-03-02,0.07
NASDAQ,WSB,2004-12-01,0.07
NASDAQ,WSB,2004-09-02,0.07
NASDAQ,WSB,2004-06-02,0.06
NASDAQ,WSB,2004-03-03,0.06
NASDAQ,WSB,2003-12-03,0.05
NASDAQ,WSB,2003-09-08,0.05
NASDAQ,WSB,2003-06-02,0.04
NASDAQ,WSB,2003-03-06,0.02667
NASDAQ,WSB,2002-12-04,0.02667
NASDAQ,WSB,2002-09-04,0.04
NASDAQ,WSB,2002-03-04,0.04
NASDAQ,WSB,2001-09-05,0.03333
NASDAQ,WSB,2001-03-05,0.03333
NASDAQ,WSB,2000-08-30,0.03333
NASDAQ,WSB,2000-02-23,0.03333
NASDAQ,WSB,1999-09-01,0.03333
NASDAQ,WSB,1999-02-24,0.00533
NASDAQ,WSB,1998-09-02,0.03333
NASDAQ,WSB,1998-02-25,0.00533
NASDAQ,WSB,1997-09-03,0.00533
NASDAQ,WSB,1997-02-26,0.03333
NASDAQ,WSB,1996-08-28,0.03333
NASDAQ,WSB,1996-02-27,0.03333
NASDAQ,WSB,1995-08-29,0.02667
NASDAQ,WSB,1995-02-22,0.01333
NASDAQ,WSB,1994-08-25,0.02667
NASDAQ,WSB,1994-02-22,0.01333
NASDAQ,WSB,1993-12-20,0.008
NASDAQ,WSB,1993-08-25,0.01778
NASDAQ,WSTG,2009-11-10,0.15
NASDAQ,WSTG,2009-08-11,0.15
NASDAQ,WSTG,2009-05-11,0.15
NASDAQ,WSTG,2009-02-11,0.15
NASDAQ,WSTG,2008-11-12,0.15
NASDAQ,WSTG,2008-08-05,0.15
NASDAQ,WSTG,2008-05-05,0.15
NASDAQ,WSTG,2008-02-05,0.15
NASDAQ,WSTG,2007-11-02,0.15
NASDAQ,WSTG,2007-08-02,0.15
NASDAQ,WSTG,2007-04-30,0.14
NASDAQ,WSTG,2006-12-28,0.14
NASDAQ,WSTG,2006-08-31,0.14
NASDAQ,WSTG,2006-06-28,0.13
NASDAQ,WSTG,2006-03-30,0.13
NASDAQ,WSTG,2005-12-29,0.13
NASDAQ,WSTG,2005-09-28,0.12
NASDAQ,WSTG,2005-06-29,0.12
NASDAQ,WSTG,2005-03-31,0.12
NASDAQ,WSTG,2004-12-31,0.11
NASDAQ,WSTG,2004-10-01,0.11
NASDAQ,WSTG,2004-07-01,0.11
NASDAQ,WSTG,2004-04-01,0.1
NASDAQ,WSTG,2003-12-31,0.1
NASDAQ,WSTG,2003-10-02,0.1
NASDAQ,WSTG,2003-07-02,0.1
NASDAQ,WSTG,2003-04-03,0.1
NASDAQ,WBPRL,2009-01-28,0.143
NASDAQ,WBPRL,2008-12-31,0.143
NASDAQ,WBPRL,2008-11-25,0.143
NASDAQ,WBPRL,2008-10-29,0.143
NASDAQ,WBPRL,2008-09-26,0.143
NASDAQ,WBPRL,2008-08-27,0.143
NASDAQ,WBPRL,2008-07-29,0.143
NASDAQ,WBPRL,2008-06-26,0.143
NASDAQ,WBPRL,2008-05-28,0.143
NASDAQ,WBPRL,2008-04-28,0.143
NASDAQ,WBPRL,2008-03-27,0.143
NASDAQ,WBPRL,2008-02-27,0.143
NASDAQ,WBPRL,2008-01-29,0.143
NASDAQ,WBPRL,2007-12-28,0.143
NASDAQ,WBPRL,2007-11-28,0.143
NASDAQ,WBPRL,2007-10-29,0.143
NASDAQ,WBPRL,2007-09-26,0.143
NASDAQ,WBPRL,2007-08-31,0.143
NASDAQ,WBPRL,2007-07-27,0.143
NASDAQ,WBPRL,2007-06-27,0.143
NASDAQ,WBPRL,2007-05-29,0.143
NASDAQ,WBPRL,2007-04-26,0.143
NASDAQ,WBPRL,2007-03-28,0.143
NASDAQ,WBPRL,2007-02-26,0.143
NASDAQ,WBPRL,2007-01-29,0.143
NASDAQ,WBPRL,2006-12-27,0.143
NASDAQ,WBPRL,2006-11-28,0.143
NASDAQ,WBPRL,2006-10-27,0.143
NASDAQ,WBPRL,2006-09-27,0.143
NASDAQ,WBPRL,2006-08-29,0.143
NASDAQ,WBPRL,2006-07-27,0.143
NASDAQ,WBPRL,2006-06-28,0.143
NASDAQ,WBPRL,2006-05-26,0.143
NASDAQ,WBPRL,2006-04-26,0.143
NASDAQ,WBPRL,2006-03-29,0.143
NASDAQ,WBPRL,2006-02-24,0.143
NASDAQ,WBPRL,2006-01-27,0.143
NASDAQ,WBPRL,2005-12-28,0.143
NASDAQ,WBPRL,2005-11-28,0.143
NASDAQ,WBPRL,2005-10-27,0.143
NASDAQ,WBPRL,2005-09-28,0.143
NASDAQ,WBPRL,2005-08-29,0.143
NASDAQ,WBPRL,2005-07-27,0.143
NASDAQ,WBPRL,2005-06-28,0.143
NASDAQ,WBPRL,2005-05-26,0.143
NASDAQ,WBPRL,2005-04-27,0.143
NASDAQ,WBPRL,2005-03-29,0.143
NASDAQ,WBPRL,2005-02-24,0.143
NASDAQ,WBPRL,2005-01-27,0.143
NASDAQ,WBPRL,2004-12-29,0.143
NASDAQ,WBPRL,2004-11-26,0.143
NASDAQ,WBPRL,2004-10-27,0.143
NASDAQ,WBPRL,2004-09-28,0.143
NASDAQ,WBPRL,2004-08-27,0.143
NASDAQ,WBPRL,2004-07-28,0.143
NASDAQ,WBPRL,2004-06-28,0.143
NASDAQ,WBPRL,2004-05-26,0.143
NASDAQ,WWVY,2009-12-16,0.22
NASDAQ,WWVY,2009-09-16,0.22
NASDAQ,WWVY,2009-06-17,0.22
NASDAQ,WWVY,2009-03-18,0.22
NASDAQ,WWVY,2008-12-17,0.2
NASDAQ,WWVY,2008-09-17,0.2
NASDAQ,WWVY,2008-06-18,0.2
NASDAQ,WWVY,2008-03-18,0.2
NASDAQ,WWVY,2007-12-18,0.2
NASDAQ,WWVY,2007-09-18,0.2
NASDAQ,WWVY,2007-06-18,0.2
NASDAQ,WWVY,2007-03-16,0.2
NASDAQ,WWVY,2006-12-18,1.2
NASDAQ,WWVY,2006-09-18,0.2
NASDAQ,WWVY,2006-06-16,0.2
NASDAQ,WWVY,2006-03-16,0.2
NASDAQ,WWVY,2005-12-07,0.2
NASDAQ,WWVY,2005-09-16,0.2
NASDAQ,WWVY,2005-06-16,0.2
NASDAQ,WWVY,2005-03-16,0.2
NASDAQ,WWVY,2004-12-08,0.4
NASDAQ,WWVY,2004-09-16,0.2
NASDAQ,WWVY,2004-06-16,0.19
NASDAQ,WWVY,2004-03-17,0.19
NASDAQ,WWVY,2003-12-11,0.19
NASDAQ,WWVY,2003-09-17,0.18333
NASDAQ,WWVY,2003-06-18,0.16667
NASDAQ,WWVY,2003-03-18,0.16
NASDAQ,WWVY,2002-12-11,0.16
NASDAQ,WWVY,2002-09-24,0.14333
NASDAQ,WWVY,2002-06-18,0.14333
NASDAQ,WWVY,2002-03-18,0.14333
NASDAQ,WWVY,2001-12-12,0.14333
NASDAQ,WWVY,2001-09-18,0.14333
NASDAQ,WWVY,2001-06-18,0.14333
NASDAQ,WWVY,2001-03-16,0.13667
NASDAQ,WWVY,2000-12-13,0.13667
NASDAQ,WWVY,2000-09-18,0.13333
NASDAQ,WWVY,2000-06-16,0.11667
NASDAQ,WWVY,2000-03-16,0.12333
NASDAQ,WWVY,1999-12-13,0.11667
NASDAQ,WWVY,1999-09-16,0.11667
NASDAQ,WWVY,1999-06-16,0.10333
NASDAQ,WWVY,1999-03-17,0.10333
NASDAQ,WWVY,1998-12-11,0.1
NASDAQ,WWVY,1998-09-16,0.09333
NASDAQ,WWON,2007-03-16,4.0
NASDAQ,WWON,2006-11-17,4.0
NASDAQ,WWON,2006-08-17,20.0
NASDAQ,WWON,2006-05-17,20.0
NASDAQ,WWON,2006-02-15,20.0
NASDAQ,WWON,2005-11-16,20.0
NASDAQ,WWON,2005-08-18,20.0
NASDAQ,WWON,2005-05-18,20.0
NASDAQ,WGOV,2009-11-13,0.06
NASDAQ,WGOV,2009-08-14,0.06
NASDAQ,WGOV,2009-05-14,0.06
NASDAQ,WGOV,2009-02-11,0.06
NASDAQ,WGOV,2008-11-13,0.06
NASDAQ,WGOV,2008-08-13,0.06
NASDAQ,WGOV,2008-05-14,0.06
NASDAQ,WGOV,2008-02-13,0.03
NASDAQ,WGOV,2007-11-15,0.055
NASDAQ,WGOV,2007-08-16,0.055
NASDAQ,WGOV,2007-05-16,0.055
NASDAQ,WGOV,2007-02-13,0.055
NASDAQ,WGOV,2006-11-15,0.05
NASDAQ,WGOV,2006-08-16,0.05
NASDAQ,WGOV,2006-05-16,0.05
NASDAQ,WGOV,2006-02-13,0.0505
NASDAQ,WGOV,2005-11-15,0.05
NASDAQ,WGOV,2005-08-16,0.05
NASDAQ,WGOV,2005-05-16,0.04167
NASDAQ,WGOV,2005-02-11,0.04167
NASDAQ,WGOV,2004-11-15,0.04
NASDAQ,WGOV,2004-08-16,0.04
NASDAQ,WGOV,2004-05-17,0.04
NASDAQ,WGOV,2004-02-17,0.04
NASDAQ,WGOV,2003-11-13,0.04
NASDAQ,WGOV,2003-08-13,0.04
NASDAQ,WGOV,2003-05-15,0.04
NASDAQ,WGOV,2003-02-12,0.04
NASDAQ,WGOV,2002-11-14,0.03884
NASDAQ,WGOV,2002-08-16,0.03884
NASDAQ,WGOV,2002-05-16,0.03884
NASDAQ,WGOV,2002-02-13,0.03884
NASDAQ,WGOV,2001-11-15,0.03884
NASDAQ,WGOV,2001-08-17,0.03884
NASDAQ,WGOV,2001-05-16,0.03884
NASDAQ,WGOV,2001-02-13,0.03884
NASDAQ,WGOV,2000-11-15,0.03884
NASDAQ,WGOV,2000-08-16,0.03884
NASDAQ,WGOV,2000-05-11,0.03884
NASDAQ,WGOV,2000-02-10,0.03884
NASDAQ,WGOV,1999-11-10,0.03884
NASDAQ,WGOV,1999-08-12,0.03884
NASDAQ,WGOV,1999-05-13,0.03866
NASDAQ,WGOV,1999-02-03,0.03866
NASDAQ,WGOV,1998-11-10,0.03866
NASDAQ,WGOV,1998-08-12,0.03866
NASDAQ,WGOV,1998-05-06,0.03866
NASDAQ,WGOV,1998-01-29,0.03866
NASDAQ,WGOV,1997-11-12,0.03866
NASDAQ,WGOV,1997-08-13,0.03866
NASDAQ,WGOV,1997-05-07,0.03866
NASDAQ,WGNB,2008-06-18,0.105
NASDAQ,WGNB,2008-03-20,0.21
NASDAQ,WGNB,2007-12-28,0.21
NASDAQ,WGNB,2007-09-26,0.21
NASDAQ,WGNB,2007-06-28,0.203
NASDAQ,WGNB,2007-03-28,0.197
NASDAQ,WGNB,2006-12-27,0.19
NASDAQ,WGNB,2006-09-27,0.18333
NASDAQ,WGNB,2006-06-28,0.17667
NASDAQ,WGNB,2006-03-29,0.17
NASDAQ,WGNB,2005-12-28,0.16333
NASDAQ,WGNB,2005-09-28,0.15667
NASDAQ,WGNB,2005-06-28,0.15
NASDAQ,WGNB,2005-03-29,0.14333
NASDAQ,WGNB,2004-12-29,0.13667
NASDAQ,WGNB,2004-09-28,0.132
NASDAQ,WGNB,2004-06-28,0.12667
NASDAQ,WGNB,2004-03-29,0.122
NASDAQ,WGNB,2003-12-29,0.11667
NASDAQ,WGNB,2003-09-26,0.11333
NASDAQ,WGNB,2003-06-26,0.11
NASDAQ,WGNB,2003-03-27,0.10667
NASDAQ,WGNB,2002-12-27,0.10333
NASDAQ,WGNB,2002-09-26,0.1
NASDAQ,WGNB,2002-07-02,0.09867
NASDAQ,WGNB,2002-03-26,0.09667
NASDAQ,WGNB,2001-12-27,0.09533
NASDAQ,WGNB,2001-10-09,0.09333
NASDAQ,WGNB,2001-07-10,0.09
NASDAQ,WGNB,2001-03-28,0.092
NASDAQ,WGNB,2001-02-23,0.08533
NASDAQ,WERN,2010-01-07,0.05
NASDAQ,WERN,2009-10-01,0.05
NASDAQ,WERN,2009-07-01,0.05
NASDAQ,WERN,2009-04-16,0.05
NASDAQ,WERN,2009-01-08,0.05
NASDAQ,WERN,2008-11-19,2.1
NASDAQ,WERN,2008-10-02,0.05
NASDAQ,WERN,2008-07-02,0.05
NASDAQ,WERN,2008-04-17,0.05
NASDAQ,WERN,2008-01-07,0.05
NASDAQ,WERN,2007-09-27,0.05
NASDAQ,WERN,2007-06-28,0.05
NASDAQ,WERN,2007-04-12,0.045
NASDAQ,WERN,2007-01-04,0.045
NASDAQ,WERN,2006-09-28,0.045
NASDAQ,WERN,2006-06-29,0.045
NASDAQ,WERN,2006-04-12,0.04
NASDAQ,WERN,2006-01-05,0.04
NASDAQ,WERN,2005-09-29,0.04
NASDAQ,WERN,2005-06-30,0.04
NASDAQ,WERN,2005-04-14,0.035
NASDAQ,WERN,2005-01-06,0.035
NASDAQ,WERN,2004-09-30,0.035
NASDAQ,WERN,2004-07-01,0.035
NASDAQ,WERN,2004-04-15,0.025
NASDAQ,WERN,2004-01-08,0.025
NASDAQ,WERN,2003-10-02,0.025
NASDAQ,WERN,2003-07-02,0.024
NASDAQ,WERN,2003-04-16,0.016
NASDAQ,WERN,2003-01-09,0.016
NASDAQ,WERN,2002-10-03,0.016
NASDAQ,WERN,2002-06-27,0.016
NASDAQ,WERN,2002-04-18,0.016
NASDAQ,WERN,2002-01-10,0.015
NASDAQ,WERN,2001-09-27,0.015
NASDAQ,WERN,2001-06-28,0.015
NASDAQ,WERN,2001-04-11,0.015
NASDAQ,WERN,2001-01-04,0.015
NASDAQ,WERN,2000-09-28,0.015
NASDAQ,WERN,2000-06-29,0.015
NASDAQ,WERN,2000-04-13,0.015
NASDAQ,WERN,2000-01-06,0.015
NASDAQ,WERN,1999-09-30,0.015
NASDAQ,WERN,1999-07-01,0.0156
NASDAQ,WERN,1999-04-15,0.015
NASDAQ,WERN,1999-01-07,0.015
NASDAQ,WERN,1998-10-01,0.015
NASDAQ,WERN,1998-07-01,0.015
NASDAQ,WERN,1998-04-16,0.012
NASDAQ,WERN,1998-01-08,0.012
NASDAQ,WERN,1997-07-02,0.012
NASDAQ,WERN,1997-04-17,0.012
NASDAQ,WERN,1997-01-09,0.012
NASDAQ,WERN,1996-10-03,0.012
NASDAQ,WERN,1996-07-03,0.0112
NASDAQ,WERN,1996-04-18,0.0096
NASDAQ,WERN,1996-01-04,0.0096
NASDAQ,WERN,1995-09-28,0.0096
NASDAQ,WERN,1995-07-06,0.0096
NASDAQ,WERN,1995-04-18,0.0096
NASDAQ,WERN,1995-01-03,0.00801
NASDAQ,WERN,1994-10-03,0.00801
NASDAQ,WERN,1994-07-05,0.00801
NASDAQ,WERN,1994-05-09,0.00801
NASDAQ,WERN,1994-01-04,0.0064
NASDAQ,WERN,1993-10-04,0.0064
NASDAQ,WERN,1993-07-08,0.0064
NASDAQ,WERN,1993-04-20,0.0064
NASDAQ,WERN,1993-01-05,0.0064
NASDAQ,WERN,1992-09-29,0.0064
NASDAQ,WERN,1992-07-01,0.0064
NASDAQ,WERN,1992-04-21,0.0064
NASDAQ,WERN,1992-01-07,0.0064
NASDAQ,WERN,1991-10-07,0.0064
NASDAQ,WERN,1991-07-03,0.0048
NASDAQ,WERN,1991-04-16,0.0048
NASDAQ,WERN,1991-01-08,0.0048
NASDAQ,WERN,1990-10-05,0.0048
NASDAQ,WERN,1990-06-29,0.0048
NASDAQ,WERN,1990-04-24,0.0048
NASDAQ,WCBO,2009-07-08,0.01
NASDAQ,WCBO,2009-04-07,0.01
NASDAQ,WCBO,2009-01-07,0.01
NASDAQ,WCBO,2008-10-08,0.01
NASDAQ,WCBO,2008-07-09,0.135
NASDAQ,WCBO,2008-04-09,0.135
NASDAQ,WCBO,2008-01-09,0.135
NASDAQ,WCBO,2007-10-09,0.135
NASDAQ,WCBO,2007-07-09,0.12
NASDAQ,WCBO,2007-04-09,0.12
NASDAQ,WCBO,2007-01-09,0.12
NASDAQ,WCBO,2006-10-06,0.12
NASDAQ,WCBO,2006-07-07,0.105
NASDAQ,WCBO,2006-04-07,0.105
NASDAQ,WCBO,2006-01-09,0.105
NASDAQ,WCBO,2005-10-06,0.105
NASDAQ,WCBO,2005-07-07,0.093
NASDAQ,WCBO,2005-04-07,0.093
NASDAQ,WCBO,2005-01-07,0.093
NASDAQ,WCBO,2004-10-06,0.093
NASDAQ,WCBO,2004-07-07,0.085
NASDAQ,WCBO,2004-04-06,0.085
NASDAQ,WCBO,2004-01-07,0.085
NASDAQ,WCBO,2003-10-08,0.085
NASDAQ,WCBO,2003-07-08,0.078
NASDAQ,WCBO,2003-04-08,0.078
NASDAQ,WCBO,2003-01-08,0.078
NASDAQ,WCBO,2002-10-08,0.078
NASDAQ,WCBO,2002-07-08,0.073
NASDAQ,WCBO,2002-04-08,0.073
NASDAQ,WCBO,2002-01-08,0.073
NASDAQ,WCBO,2001-10-05,0.073
NASDAQ,WCBO,2001-07-06,0.065
NASDAQ,WCBO,2001-04-04,0.065
NASDAQ,WCBO,2001-01-17,0.065
NASDAQ,WCBO,2000-10-19,0.065
NASDAQ,WCBO,2000-07-03,0.05909
NASDAQ,WCBO,2000-04-04,0.05909
NASDAQ,WCBO,2000-01-04,0.05909
NASDAQ,WCBO,1999-10-20,0.05909
NASDAQ,WCBO,1999-07-06,0.0438
NASDAQ,WCBO,1999-04-07,0.04297
NASDAQ,WCBO,1999-01-07,0.04297
NASDAQ,WCBO,1998-10-20,0.04297
NASDAQ,WCBO,1998-10-02,0.04297
NASDAQ,WCBO,1998-07-01,0.03756
NASDAQ,WCBO,1998-04-02,0.03756
NASDAQ,WCBO,1998-01-06,0.03756
NASDAQ,WCBO,1997-10-03,0.03756
NASDAQ,WCBO,1997-07-02,0.03005
NASDAQ,WCBO,1997-04-03,0.03005
NASDAQ,WCBO,1997-01-02,0.03005
NASDAQ,WCBO,1996-10-07,0.03005
NASDAQ,WCBO,1996-07-03,0.02725
NASDAQ,WCBO,1996-04-08,0.02725
NASDAQ,WCBO,1996-01-04,0.02725
NASDAQ,WCBO,1995-07-10,0.03005
NASDAQ,WCBO,1995-04-05,0.03005
NASDAQ,WCBO,1994-12-23,0.03005
NASDAQ,WCBO,1994-09-26,0.03005
NASDAQ,WCBO,1994-06-24,0.03005
NASDAQ,WCBO,1994-03-28,0.02725
NASDAQ,WCBO,1993-12-27,0.03005
NASDAQ,WCBO,1993-09-24,0.03005
NASDAQ,WCBO,1993-06-21,0.03005
NASDAQ,WCBO,1993-03-23,0.03005
NASDAQ,WPPGY,2009-10-07,0.425
NASDAQ,WPPGY,2009-06-03,0.722
NASDAQ,WPPGY,2008-10-08,0.481
NASDAQ,WPPGY,2008-06-04,0.907
NASDAQ,WPPGY,2007-10-10,0.43
NASDAQ,WPPGY,2007-06-06,0.757
NASDAQ,WPPGY,2006-10-11,0.34
NASDAQ,WPPGY,2006-05-31,0.556
NASDAQ,WPPGY,2005-10-12,0.268
NASDAQ,WPPGY,2005-06-01,0.505
NASDAQ,WPPGY,2004-10-13,0.226
NASDAQ,WPPGY,2004-06-02,0.105
NASDAQ,WPPGY,2003-10-15,0.163
NASDAQ,WPPGY,2003-06-04,0.327
NASDAQ,WPPGY,2002-09-11,0.147
NASDAQ,WPPGY,2002-06-05,0.242
NASDAQ,WPPGY,2001-06-06,0.204
NASDAQ,WPPGY,2000-09-18,0.094
NASDAQ,WPPGY,2000-06-07,0.183
NASDAQ,WPPGY,1999-10-20,0.0925
NASDAQ,WPPGY,1999-06-09,0.0525
NASDAQ,WPPGY,1998-10-22,0.045
NASDAQ,WPPGY,1998-06-17,0.045
NASDAQ,WPPGY,1997-10-29,0.04
NASDAQ,WPPGY,1997-06-11,0.036
NASDAQ,WPPGY,1996-10-25,0.029
NASDAQ,WPPGY,1996-06-14,0.025
NASDAQ,WPPGY,1995-10-27,0.025
NASDAQ,WPPGY,1995-06-14,0.025
NASDAQ,WPPGY,1994-10-21,0.02
NASDAQ,WPPGY,1994-06-10,0.02
NASDAQ,WYNN,2009-11-17,4.0
NASDAQ,WYNN,2007-11-28,6.0
NASDAQ,WYNN,2006-11-20,6.0
NASDAQ,WIRE,2010-01-06,0.02
NASDAQ,WIRE,2009-09-30,0.02
NASDAQ,WIRE,2009-07-08,0.02
NASDAQ,WIRE,2009-04-01,0.02
NASDAQ,WIRE,2008-12-30,0.02
NASDAQ,WIRE,2008-10-01,0.02
NASDAQ,WIRE,2008-07-01,0.02
NASDAQ,WIRE,2008-04-02,0.02
NASDAQ,WIRE,2008-01-02,0.02
NASDAQ,WIRE,2007-10-03,0.02
NASDAQ,WIRE,2007-07-03,0.02
NASDAQ,WIRE,2007-04-03,0.02
NASDAQ,WIRE,2007-01-03,0.02
NASDAQ,WBPRZ,2009-01-28,0.14
NASDAQ,WBPRZ,2008-12-31,0.14
NASDAQ,WBPRZ,2008-11-25,0.14
NASDAQ,WBPRZ,2008-10-29,0.14
NASDAQ,WBPRZ,2008-09-26,0.14
NASDAQ,WBPRZ,2008-08-27,0.14
NASDAQ,WBPRZ,2008-07-29,0.14
NASDAQ,WBPRZ,2008-06-26,0.14
NASDAQ,WBPRZ,2008-05-28,0.14
NASDAQ,WBPRZ,2008-04-28,0.14
NASDAQ,WBPRZ,2008-03-27,0.14
NASDAQ,WBPRZ,2008-02-27,0.14
NASDAQ,WBPRZ,2008-01-29,0.14
NASDAQ,WBPRZ,2007-12-28,0.14
NASDAQ,WBPRZ,2007-11-28,0.14
NASDAQ,WBPRZ,2007-10-29,0.14
NASDAQ,WBPRZ,2007-09-26,0.14
NASDAQ,WBPRZ,2007-08-31,0.14
NASDAQ,WBPRZ,2007-07-27,0.14
NASDAQ,WBPRZ,2007-06-27,0.14
NASDAQ,WBPRZ,2007-05-29,0.14
NASDAQ,WBPRZ,2007-04-26,0.14
NASDAQ,WBPRZ,2007-03-28,0.14
NASDAQ,WBPRZ,2007-02-26,0.14
NASDAQ,WBPRZ,2007-01-29,0.14
NASDAQ,WBPRZ,2006-12-27,0.14
NASDAQ,WBPRZ,2006-11-28,0.14
NASDAQ,WBPRZ,2006-10-27,0.14
NASDAQ,WBPRZ,2006-09-27,0.14
NASDAQ,WBPRZ,2006-08-29,0.14
NASDAQ,WBPRZ,2006-07-27,0.14
NASDAQ,WBPRZ,2006-06-28,0.14
NASDAQ,WBPRZ,2006-05-26,0.14
NASDAQ,WBPRZ,2006-04-26,0.14
NASDAQ,WBPRZ,2006-03-29,0.14
NASDAQ,WBPRZ,2006-02-24,0.14
NASDAQ,WBPRZ,2006-01-27,0.14
NASDAQ,WBPRZ,2005-12-28,0.14
NASDAQ,WBPRZ,2005-11-28,0.14
NASDAQ,WBPRZ,2005-10-27,0.14
NASDAQ,WBPRZ,2005-09-28,0.14
NASDAQ,WBPRZ,2005-08-29,0.14
NASDAQ,WBPRZ,2005-07-27,0.14
NASDAQ,WBPRZ,2005-06-28,0.14
NASDAQ,WBPRZ,2005-05-26,0.14
NASDAQ,WBPRZ,2005-04-27,0.14
NASDAQ,WBPRZ,2005-03-29,0.14
NASDAQ,WBPRZ,2005-02-24,0.14
NASDAQ,WBPRZ,2005-01-27,0.14
NASDAQ,WBPRZ,2004-12-29,0.14
NASDAQ,WBPRZ,2004-11-26,0.14
NASDAQ,WBPRZ,2004-10-27,0.14
NASDAQ,WBPRZ,2004-09-28,0.14
NASDAQ,WBPRZ,2004-08-27,0.14
NASDAQ,WBPRZ,2004-07-28,0.14
NASDAQ,WBPRZ,2004-06-28,0.14
NASDAQ,WBPRZ,2004-05-26,0.14
NASDAQ,WBPRZ,2004-04-28,0.14
NASDAQ,WBPRZ,2004-03-29,0.14
NASDAQ,WSBC,2009-12-09,0.14
NASDAQ,WSBC,2009-09-09,0.14
NASDAQ,WSBC,2009-06-10,0.28
NASDAQ,WSBC,2009-03-11,0.28
NASDAQ,WSBC,2008-12-10,0.28
NASDAQ,WSBC,2008-09-10,0.28
NASDAQ,WSBC,2008-06-11,0.28
NASDAQ,WSBC,2008-03-12,0.28
NASDAQ,WSBC,2007-12-05,0.275
NASDAQ,WSBC,2007-09-05,0.275
NASDAQ,WSBC,2007-06-06,0.275
NASDAQ,WSBC,2007-03-07,0.275
NASDAQ,WSBC,2006-12-06,0.265
NASDAQ,WSBC,2006-09-06,0.265
NASDAQ,WSBC,2006-06-07,0.265
NASDAQ,WSBC,2006-03-08,0.265
NASDAQ,WSBC,2005-12-07,0.26
NASDAQ,WSBC,2005-09-07,0.26
NASDAQ,WSBC,2005-06-08,0.26
NASDAQ,WSBC,2005-03-09,0.26
NASDAQ,WSBC,2004-12-08,0.25
NASDAQ,WSBC,2004-09-08,0.25
NASDAQ,WSBC,2004-06-09,0.25
NASDAQ,WSBC,2004-03-04,0.25
NASDAQ,WSBC,2003-12-03,0.24
NASDAQ,WSBC,2003-09-03,0.24
NASDAQ,WSBC,2003-06-04,0.24
NASDAQ,WSBC,2003-03-05,0.24
NASDAQ,WSBC,2002-12-04,0.235
NASDAQ,WSBC,2002-09-04,0.235
NASDAQ,WSBC,2002-06-12,0.235
NASDAQ,WSBC,2002-03-06,0.23
NASDAQ,WSBC,2001-12-05,0.23
NASDAQ,WSBC,2001-09-05,0.23
NASDAQ,WSBC,2001-06-06,0.23
NASDAQ,WSBC,2001-03-07,0.23
NASDAQ,WSBC,2000-12-06,0.225
NASDAQ,WSBC,2000-09-06,0.225
NASDAQ,WSBC,2000-06-07,0.225
NASDAQ,WSBC,2000-03-08,0.22
NASDAQ,WSBC,1999-12-08,0.22
NASDAQ,WSBC,1999-09-08,0.22
NASDAQ,WSBC,1999-06-09,0.22
NASDAQ,WSBC,1999-03-10,0.22
NASDAQ,WSBC,1998-12-09,0.21
NASDAQ,WSBC,1998-09-09,0.21
NASDAQ,WSBC,1998-06-10,0.21
NASDAQ,WSBC,1998-03-11,0.21
NASDAQ,WSBC,1997-12-10,0.2
NASDAQ,WSBC,1997-09-10,0.2
NASDAQ,WSBC,1997-06-11,0.19333
NASDAQ,WSBC,1997-03-12,0.19333
NASDAQ,WSBC,1996-12-11,0.18667
NASDAQ,WSBC,1996-06-05,0.17333
NASDAQ,WSBC,1996-03-06,0.17333
NASDAQ,WSBC,1995-12-06,0.16667
NASDAQ,WSBC,1995-09-06,0.16667
NASDAQ,WBPRM,2009-01-28,0.154
NASDAQ,WBPRM,2008-12-31,0.154
NASDAQ,WBPRM,2008-11-25,0.154
NASDAQ,WBPRM,2008-10-29,0.154
NASDAQ,WBPRM,2008-09-26,0.154
NASDAQ,WBPRM,2008-08-27,0.154
NASDAQ,WBPRM,2008-07-29,0.154
NASDAQ,WBPRM,2008-06-26,0.154
NASDAQ,WBPRM,2008-05-28,0.154
NASDAQ,WBPRM,2008-04-28,0.154
NASDAQ,WBPRM,2008-03-27,0.154
NASDAQ,WBPRM,2008-02-27,0.154
NASDAQ,WBPRM,2008-01-29,0.154
NASDAQ,WBPRM,2007-12-28,0.154
NASDAQ,WBPRM,2007-11-28,0.154
NASDAQ,WBPRM,2007-10-29,0.154
NASDAQ,WBPRM,2007-09-26,0.154
NASDAQ,WBPRM,2007-08-31,0.154
NASDAQ,WBPRM,2007-07-27,0.154
NASDAQ,WBPRM,2007-06-27,0.154
NASDAQ,WBPRM,2007-05-29,0.154
NASDAQ,WBPRM,2007-04-26,0.154
NASDAQ,WBPRM,2007-03-28,0.154
NASDAQ,WBPRM,2007-02-26,0.154
NASDAQ,WBPRM,2007-01-29,0.154
NASDAQ,WBPRM,2006-12-27,0.154
NASDAQ,WBPRM,2006-11-28,0.154
NASDAQ,WBPRM,2006-10-27,0.154
NASDAQ,WBPRM,2006-09-27,0.154
NASDAQ,WBPRM,2006-08-29,0.154
NASDAQ,WBPRM,2006-07-27,0.154
NASDAQ,WBPRM,2006-06-28,0.154
NASDAQ,WBPRM,2006-05-26,0.154
NASDAQ,WBPRM,2006-04-26,0.154
NASDAQ,WBPRM,2006-03-29,0.154
NASDAQ,WBPRM,2006-02-24,0.154
NASDAQ,WBPRM,2006-01-27,0.154
NASDAQ,WBPRM,2005-12-28,0.154
NASDAQ,WBPRM,2005-11-28,0.154
NASDAQ,WBPRM,2005-10-27,0.154
NASDAQ,WBPRM,2005-09-28,0.154
NASDAQ,WBPRM,2005-08-29,0.154
NASDAQ,WBPRM,2005-07-27,0.154
NASDAQ,WBPRM,2005-06-28,0.154
NASDAQ,WBPRM,2005-05-26,0.154
NASDAQ,WBPRM,2005-04-27,0.154
NASDAQ,WBPRM,2005-03-29,0.154
NASDAQ,WBPRM,2005-02-24,0.154
NASDAQ,WBPRM,2005-01-27,0.154
NASDAQ,WBPRM,2004-12-29,0.154
NASDAQ,WBPRM,2004-11-26,0.154
NASDAQ,WBPRM,2004-10-27,0.154
NASDAQ,WBPRM,2004-09-28,0.154
NASDAQ,WBPRM,2004-08-27,0.154
NASDAQ,WBPRM,2004-07-28,0.154
NASDAQ,WBPRM,2004-06-28,0.154
NASDAQ,WBPRM,2004-05-26,0.154
NASDAQ,WBPRM,2004-04-28,0.154
NASDAQ,WBPRM,2004-03-29,0.154
NASDAQ,WBPRM,2004-02-25,0.154
NASDAQ,WBPRM,2004-01-28,0.154
NASDAQ,WBPRM,2003-12-29,0.154
NASDAQ,WBPRM,2003-11-25,0.154
NASDAQ,WBPRM,2003-10-28,0.154
NASDAQ,WTBA,2009-04-23,0.01
NASDAQ,WTBA,2009-01-29,0.08
NASDAQ,WTBA,2008-10-23,0.16
NASDAQ,WTBA,2008-07-24,0.16
NASDAQ,WTBA,2008-04-24,0.16
NASDAQ,WTBA,2008-01-24,0.16
NASDAQ,WTBA,2007-10-25,0.16
NASDAQ,WTBA,2007-07-26,0.16
NASDAQ,WTBA,2007-04-26,0.16
NASDAQ,WTBA,2007-01-25,0.16
NASDAQ,WTBA,2006-10-26,0.16
NASDAQ,WTBA,2006-08-16,0.16
NASDAQ,WTBA,2006-04-28,0.16
NASDAQ,WTBA,2006-01-26,0.16
NASDAQ,WTBA,2005-10-20,0.16
NASDAQ,WTBA,2005-07-21,0.16
NASDAQ,WTBA,2005-04-21,0.16
NASDAQ,WTBA,2005-01-20,0.16
NASDAQ,WTBA,2004-10-21,0.16
NASDAQ,WTBA,2004-07-30,0.16
NASDAQ,WTBA,2004-04-23,0.15238
NASDAQ,WTBA,2004-01-22,0.15238
NASDAQ,WTBA,2003-10-16,0.15238
NASDAQ,WTBA,2003-07-17,0.15238
NASDAQ,WTBA,2003-04-16,0.15238
NASDAQ,WTBA,2003-01-15,0.15238
NASDAQ,WTBA,2002-10-17,0.15238
NASDAQ,WTBA,2002-07-18,0.15238
NASDAQ,WTBA,2002-01-16,0.14286
NASDAQ,WTBA,2001-10-18,0.14286
NASDAQ,WFD,2010-02-08,0.05
NASDAQ,WFD,2009-11-06,0.2
NASDAQ,WFD,2009-08-03,0.05
NASDAQ,WFD,2009-05-11,0.2
NASDAQ,WFD,2009-02-09,0.05
NASDAQ,WFD,2008-11-07,0.3
NASDAQ,WFD,2008-08-05,0.05
NASDAQ,WFD,2008-05-06,0.2
NASDAQ,WFD,2008-02-05,0.05
NASDAQ,WFD,2007-11-05,0.25
NASDAQ,WFD,2007-08-07,0.05
NASDAQ,WFD,2007-05-07,0.05
NASDAQ,WFD,2007-02-06,0.05
NASDAQ,WFD,2006-11-06,0.35
NASDAQ,WFD,2006-08-08,0.15
NASDAQ,WFD,2006-05-09,0.35
NASDAQ,WFD,2006-02-07,0.15
NASDAQ,WFD,2005-11-07,0.4
NASDAQ,WFD,2005-08-09,0.1
NASDAQ,WFD,2005-05-10,0.3
NASDAQ,WFD,2005-02-08,0.1
NASDAQ,WFD,2004-11-08,0.1
NASDAQ,WFD,2004-08-06,0.1
NASDAQ,WFD,2004-05-07,0.05
NASDAQ,WFD,2004-02-06,0.05
NASDAQ,WFD,2003-11-05,0.05
NASDAQ,WFD,2003-08-05,0.05
NASDAQ,WFD,2003-05-05,0.05
NASDAQ,WFD,2003-02-12,0.05
NASDAQ,WFD,2002-10-10,0.05
NASDAQ,WFD,2002-07-11,0.05
NASDAQ,WBPRN,2009-01-28,0.158
NASDAQ,WBPRN,2008-12-31,0.158
NASDAQ,WBPRN,2008-11-25,0.158
NASDAQ,WBPRN,2008-10-29,0.158
NASDAQ,WBPRN,2008-09-26,0.158
NASDAQ,WBPRN,2008-08-27,0.158
NASDAQ,WBPRN,2008-07-29,0.158
NASDAQ,WBPRN,2008-06-26,0.158
NASDAQ,WBPRN,2008-05-28,0.158
NASDAQ,WBPRN,2008-04-28,0.158
NASDAQ,WBPRN,2008-03-27,0.158
NASDAQ,WBPRN,2008-02-27,0.158
NASDAQ,WBPRN,2008-01-29,0.158
NASDAQ,WBPRN,2007-12-28,0.158
NASDAQ,WBPRN,2007-11-28,0.158
NASDAQ,WBPRN,2007-10-29,0.158
NASDAQ,WBPRN,2007-09-26,0.158
NASDAQ,WBPRN,2007-08-31,0.158
NASDAQ,WBPRN,2007-07-27,0.158
NASDAQ,WBPRN,2007-06-27,0.158
NASDAQ,WBPRN,2007-05-29,0.158
NASDAQ,WBPRN,2007-04-26,0.158
NASDAQ,WBPRN,2007-03-28,0.158
NASDAQ,WBPRN,2007-02-26,0.158
NASDAQ,WBPRN,2007-01-29,0.158
NASDAQ,WBPRN,2006-12-27,0.158
NASDAQ,WBPRN,2006-11-28,0.158
NASDAQ,WBPRN,2006-10-27,0.158
NASDAQ,WBPRN,2006-09-27,0.158
NASDAQ,WBPRN,2006-08-29,0.158
NASDAQ,WBPRN,2006-07-27,0.158
NASDAQ,WBPRN,2006-06-28,0.158
NASDAQ,WBPRN,2006-05-26,0.158
NASDAQ,WBPRN,2006-04-26,0.158
NASDAQ,WBPRN,2006-03-29,0.158
NASDAQ,WBPRN,2006-02-24,0.158
NASDAQ,WBPRN,2006-01-27,0.158
NASDAQ,WBPRN,2005-12-28,0.158
NASDAQ,WBPRN,2005-11-28,0.158
NASDAQ,WBPRN,2005-10-27,0.158
NASDAQ,WBPRN,2005-09-28,0.158
NASDAQ,WBPRN,2005-08-29,0.158
NASDAQ,WBPRN,2005-07-27,0.158
NASDAQ,WBPRN,2005-06-28,0.158
NASDAQ,WBPRN,2005-05-26,0.158
NASDAQ,WBPRN,2005-04-27,0.158
NASDAQ,WBPRN,2005-03-29,0.158
NASDAQ,WBPRN,2005-02-24,0.158
NASDAQ,WBPRN,2005-01-27,0.158
NASDAQ,WBPRN,2004-12-29,0.158
NASDAQ,WBPRN,2004-11-26,0.158
NASDAQ,WBPRN,2004-10-27,0.158
NASDAQ,WBPRN,2004-09-28,0.158
NASDAQ,WBPRN,2004-08-27,0.158
NASDAQ,WBPRN,2004-07-28,0.158
NASDAQ,WBPRN,2004-06-28,0.158
NASDAQ,WBPRN,2004-05-26,0.158
NASDAQ,WBPRN,2004-04-28,0.158
NASDAQ,WBPRN,2004-03-29,0.158
NASDAQ,WBPRN,2004-02-25,0.158
NASDAQ,WBPRN,2004-01-28,0.158
NASDAQ,WBPRN,2003-12-29,0.158
NASDAQ,WBPRN,2003-11-25,0.158
NASDAQ,WBPRN,2003-10-28,0.158
NASDAQ,WFMI,2008-07-09,0.2
NASDAQ,WFMI,2008-04-09,0.2
NASDAQ,WFMI,2008-01-09,0.2
NASDAQ,WFMI,2007-10-10,0.18
NASDAQ,WFMI,2007-07-11,0.18
NASDAQ,WFMI,2007-04-11,0.18
NASDAQ,WFMI,2007-01-10,0.18
NASDAQ,WFMI,2006-10-11,0.15
NASDAQ,WFMI,2006-07-12,0.15
NASDAQ,WFMI,2006-04-11,0.15
NASDAQ,WFMI,2006-01-11,2.15
NASDAQ,WFMI,2005-10-12,0.125
NASDAQ,WFMI,2005-07-13,0.125
NASDAQ,WFMI,2005-04-13,0.125
NASDAQ,WFMI,2005-01-05,0.095
NASDAQ,WFMI,2004-10-06,0.075
NASDAQ,WFMI,2004-07-07,0.075
NASDAQ,WFMI,2004-04-06,0.075
NASDAQ,WFMI,2004-01-02,0.075
NASDAQ,WBSTP,2009-12-29,0.216
NASDAQ,WBSTP,2009-09-29,0.216
NASDAQ,WBSTP,2009-06-29,0.216
NASDAQ,WBSTP,2009-03-30,0.216
NASDAQ,WBSTP,2008-12-29,0.216
NASDAQ,WBSTP,2008-09-29,0.216
NASDAQ,WBSTP,2008-06-27,0.216
NASDAQ,WBSTP,2008-03-28,0.216
NASDAQ,WBSTP,2007-12-27,0.216
NASDAQ,WBSTP,2007-11-13,0.216
NASDAQ,WBSTP,2007-06-27,0.216
NASDAQ,WBSTP,2007-03-28,0.216
NASDAQ,WBSTP,2006-12-27,0.216
NASDAQ,WBSTP,2006-09-27,0.216
NASDAQ,WBSTP,2006-06-28,0.216
NASDAQ,WBSTP,2006-03-29,0.216
NASDAQ,WBSTP,2005-12-28,0.216
NASDAQ,WBSTP,2005-09-28,0.216
NASDAQ,WBSTP,2005-06-29,0.216
NASDAQ,WBSTP,2005-03-30,0.216
NASDAQ,WBSTP,2004-12-29,0.216
NASDAQ,WBSTP,2004-09-29,0.216
NASDAQ,WBSTP,2004-06-29,0.216
NASDAQ,WBSTP,2004-03-30,0.216
NASDAQ,WBSTP,2003-12-29,0.216
NASDAQ,WBSTP,2003-09-29,0.216
NASDAQ,WBSTP,2003-06-27,0.216
NASDAQ,WBSTP,2003-03-28,0.216
NASDAQ,WBSTP,2002-12-27,0.216
NASDAQ,WBSTP,2002-09-27,0.216
NASDAQ,WBSTP,2002-07-02,0.216
NASDAQ,WBSTP,2002-03-27,0.216
NASDAQ,WBSTP,2001-12-27,0.216
NASDAQ,WBSTP,2001-09-27,0.216
NASDAQ,WBSTP,2001-06-28,0.216
NASDAQ,WBSTP,2001-03-29,0.216
NASDAQ,WBSTP,2000-12-27,0.216
NASDAQ,WBSTP,2000-09-28,0.216
NASDAQ,WBSTP,2000-06-29,0.216
NASDAQ,WBSTP,2000-03-30,0.215
NASDAQ,WBSTP,1999-12-29,0.216
NASDAQ,WBSTP,1999-09-29,0.215
NASDAQ,WBSTP,1999-06-29,0.216
NASDAQ,WBSTP,1999-03-30,0.215
NASDAQ,WBSTP,1998-12-29,0.215
NASDAQ,WBSTP,1998-09-29,0.215
NASDAQ,WBSTP,1998-06-29,0.215
NASDAQ,WZEN,2005-12-27,0.073
NASDAQ,WZEN,2005-01-20,0.073
NASDAQ,WAIN,2009-11-25,0.08
NASDAQ,WAIN,2009-08-27,0.08
NASDAQ,WAIN,2009-05-21,0.08
NASDAQ,WAIN,2009-02-20,0.08
NASDAQ,WAIN,2008-11-21,0.08
NASDAQ,WAIN,2008-08-22,0.08
NASDAQ,WAIN,2008-05-22,0.08
NASDAQ,WAIN,2008-02-22,0.08
NASDAQ,WAIN,2007-11-21,0.08
NASDAQ,WAIN,2007-08-22,0.08
NASDAQ,WAIN,2007-05-16,0.07619
NASDAQ,WAIN,2007-02-21,0.07619
NASDAQ,WAIN,2006-11-20,0.06667
NASDAQ,WAIN,2006-08-23,0.06667
NASDAQ,WAIN,2006-05-17,0.0635
NASDAQ,WAIN,2006-02-22,0.0635
NASDAQ,WAIN,2005-11-21,0.05442
NASDAQ,WAIN,2005-08-24,0.05442
NASDAQ,WAIN,2005-05-18,0.05183
NASDAQ,WAIN,2005-02-23,0.04319
NASDAQ,WAIN,2004-11-22,0.04319
NASDAQ,WAIN,2004-08-25,0.04319
NASDAQ,WAIN,2004-05-19,0.03927
NASDAQ,WAIN,2004-02-25,0.03927
NASDAQ,WAIN,2003-11-24,0.03927
NASDAQ,WAIN,2003-08-27,0.03927
NASDAQ,WAIN,2003-05-30,0.01964
NASDAQ,WAIN,2003-05-28,0.02142
NASDAQ,WAIN,2003-02-26,0.02142
NASDAQ,WAIN,2002-11-20,0.02142
NASDAQ,WAIN,2002-08-28,0.02142
NASDAQ,WAIN,2002-06-19,0.01285
NASDAQ,WAIN,2002-05-22,0.01298
NASDAQ,WAIN,2002-02-25,0.01298
NASDAQ,WAIN,2001-11-20,0.01298
NASDAQ,WAIN,2001-08-22,0.01298
NASDAQ,WAIN,2001-05-23,0.0118
NASDAQ,WAIN,2001-02-21,0.0118
NASDAQ,WAIN,2000-11-21,0.0118
NASDAQ,WAIN,2000-08-23,0.0118
NASDAQ,WAIN,2000-05-24,0.0118
NASDAQ,WAIN,2000-02-23,0.0118
NASDAQ,WAIN,1999-11-23,0.0118
NASDAQ,WAIN,1999-08-25,0.0118
NASDAQ,WAIN,1999-05-26,0.0118
NASDAQ,WAIN,1999-02-24,0.0118
NASDAQ,WAIN,1998-11-24,0.0118
NASDAQ,WAIN,1998-08-26,0.0118
NASDAQ,WAIN,1998-05-27,0.0118
NASDAQ,WAIN,1998-02-25,0.0118
NASDAQ,WAIN,1997-11-25,0.00886
NASDAQ,WAIN,1997-08-27,0.00886
NASDAQ,WAIN,1997-05-28,0.00886
NASDAQ,WAIN,1997-02-26,0.00886
NASDAQ,WAIN,1996-11-26,0.00886
NASDAQ,WAIN,1996-05-29,0.00886
NASDAQ,WSFS,2009-11-04,0.12
NASDAQ,WSFS,2009-08-05,0.12
NASDAQ,WSFS,2009-05-06,0.12
NASDAQ,WSFS,2009-02-11,0.12
NASDAQ,WSFS,2008-11-05,0.12
NASDAQ,WSFS,2008-08-06,0.12
NASDAQ,WSFS,2008-05-07,0.12
NASDAQ,WSFS,2008-02-13,0.1
NASDAQ,WSFS,2007-11-07,0.1
NASDAQ,WSFS,2007-08-08,0.1
NASDAQ,WSFS,2007-05-09,0.1
NASDAQ,WSFS,2007-02-14,0.08
NASDAQ,WSFS,2006-11-08,0.08
NASDAQ,WSFS,2006-08-02,0.08
NASDAQ,WSFS,2006-05-10,0.08
NASDAQ,WSFS,2006-02-15,0.07
NASDAQ,WSFS,2005-11-02,0.07
NASDAQ,WSFS,2005-08-03,0.07
NASDAQ,WSFS,2005-05-11,0.07
NASDAQ,WSFS,2005-02-09,0.06
NASDAQ,WSFS,2004-11-01,0.06
NASDAQ,WSFS,2004-07-29,0.06
NASDAQ,WSFS,2004-05-05,0.06
NASDAQ,WSFS,2004-01-30,0.05
NASDAQ,WSFS,2003-10-31,0.05
NASDAQ,WSFS,2003-08-01,0.05
NASDAQ,WSFS,2003-05-02,0.05
NASDAQ,WSFS,2003-01-31,0.05
NASDAQ,WSFS,2002-11-01,0.05
NASDAQ,WSFS,2002-08-02,0.05
NASDAQ,WSFS,2002-05-03,0.05
NASDAQ,WSFS,2002-01-31,0.04
NASDAQ,WSFS,2001-11-01,0.04
NASDAQ,WSFS,2001-08-02,0.04
NASDAQ,WSFS,2001-05-03,0.04
NASDAQ,WSFS,2001-02-01,0.04
NASDAQ,WSFS,2000-11-02,0.04
NASDAQ,WSFS,2000-08-03,0.04
NASDAQ,WSFS,2000-05-02,0.04
NASDAQ,WSFS,2000-02-01,0.03
NASDAQ,WSFS,1999-11-05,0.03
NASDAQ,WSFS,1999-07-30,0.03
NASDAQ,WSFS,1999-04-29,0.03
NASDAQ,WSFS,1999-02-03,0.03
NASDAQ,WEYS,2009-11-30,0.15
NASDAQ,WEYS,2009-08-28,0.15
NASDAQ,WEYS,2009-05-28,0.15
NASDAQ,WEYS,2009-02-26,0.14
NASDAQ,WEYS,2008-11-26,0.14
NASDAQ,WEYS,2008-08-28,0.14
NASDAQ,WEYS,2008-05-29,0.14
NASDAQ,WEYS,2008-02-14,0.11
NASDAQ,WEYS,2007-11-29,0.11
NASDAQ,WEYS,2007-08-29,0.11
NASDAQ,WEYS,2007-05-30,0.11
NASDAQ,WEYS,2007-02-15,0.09
NASDAQ,WEYS,2006-11-29,0.09
NASDAQ,WEYS,2006-08-30,0.09
NASDAQ,WEYS,2006-05-30,0.09
NASDAQ,WEYS,2006-02-13,0.07
NASDAQ,WEYS,2005-11-29,0.07
NASDAQ,WEYS,2005-08-30,0.07
NASDAQ,WEYS,2005-05-27,0.07
NASDAQ,WEYS,2005-02-14,0.0275
NASDAQ,WEYS,2004-11-29,0.055
NASDAQ,WEYS,2004-08-30,0.055
NASDAQ,WEYS,2004-05-27,0.055
NASDAQ,WEYS,2004-03-04,0.05
NASDAQ,WEYS,2003-11-26,0.05
NASDAQ,WEYS,2003-08-27,0.03333
NASDAQ,WEYS,2003-05-28,0.04666
NASDAQ,WEYS,2003-02-27,0.04333
NASDAQ,WEYS,2002-11-27,0.04333
NASDAQ,WEYS,2002-08-28,0.04333
NASDAQ,WEYS,2002-05-29,0.04333
NASDAQ,WEYS,2002-02-28,0.04
NASDAQ,WEYS,2001-11-28,0.04
NASDAQ,WEYS,2001-08-29,0.04
NASDAQ,WEYS,2001-05-30,0.04
NASDAQ,WEYS,2001-03-01,0.03667
NASDAQ,WEYS,2000-11-29,0.03667
NASDAQ,WEYS,2000-08-30,0.03667
NASDAQ,WEYS,2000-05-30,0.03667
NASDAQ,WEYS,2000-03-02,0.03333
NASDAQ,WEYS,1999-11-29,0.03333
NASDAQ,WEYS,1999-08-30,0.03333
NASDAQ,WEYS,1999-05-27,0.03333
NASDAQ,WEYS,1999-03-04,0.03
NASDAQ,WEYS,1998-11-27,0.03
NASDAQ,WEYS,1998-08-28,0.03
NASDAQ,WEYS,1998-05-28,0.03
NASDAQ,WEYS,1998-02-27,0.02667
NASDAQ,WEYS,1997-11-26,0.02667
NASDAQ,WEYS,1997-08-28,0.02667
NASDAQ,WEYS,1997-05-29,0.02556
NASDAQ,WEYS,1997-02-28,0.02445
NASDAQ,WEYS,1996-11-26,0.02445
NASDAQ,WEYS,1996-08-28,0.02445
NASDAQ,WEYS,1996-05-29,0.02445
NASDAQ,WEYS,1996-03-01,0.02334
NASDAQ,WEYS,1995-11-29,0.02334
NASDAQ,WEYS,1995-08-30,0.02223
NASDAQ,WEYS,1995-05-25,0.02223
NASDAQ,WEYS,1995-02-28,0.02223
NASDAQ,WEYS,1994-11-25,0.02223
NASDAQ,WEYS,1994-08-26,0.02223
NASDAQ,WEYS,1994-05-25,0.02223
NASDAQ,WEYS,1994-03-01,0.02
NASDAQ,WEYS,1993-11-24,0.02
NASDAQ,WEYS,1993-08-26,0.02
NASDAQ,WEYS,1993-05-25,0.02
NASDAQ,WEYS,1993-03-02,0.02
NASDAQ,WEYS,1992-08-25,0.02
NASDAQ,WEYS,1992-05-26,0.02
NASDAQ,WEYS,1992-03-03,0.01666
NASDAQ,WEYS,1991-11-25,0.01666
NASDAQ,WEYS,1991-08-26,0.01666
NASDAQ,WBCO,2009-10-30,0.025
NASDAQ,WBCO,2009-08-03,0.025
NASDAQ,WBCO,2009-05-01,0.065
NASDAQ,WBCO,2009-01-30,0.065
NASDAQ,WBCO,2008-10-31,0.065
NASDAQ,WBCO,2008-08-01,0.065
NASDAQ,WBCO,2008-05-01,0.065
NASDAQ,WBCO,2008-02-01,0.06
NASDAQ,WBCO,2007-11-07,0.06
NASDAQ,WBCO,2007-08-08,0.06
NASDAQ,WBCO,2007-05-04,0.06
NASDAQ,WBCO,2007-02-08,0.05
NASDAQ,WBCO,2006-11-02,0.05
NASDAQ,WBCO,2006-08-08,0.0504
NASDAQ,WBCO,2006-05-04,0.0504
NASDAQ,WBCO,2006-02-09,0.0504
NASDAQ,WBCO,2005-11-09,0.044
NASDAQ,WBCO,2005-08-10,0.044
NASDAQ,WBCO,2005-05-06,0.033
NASDAQ,WBCO,2005-02-03,0.0438
NASDAQ,WBCO,2004-11-04,0.0438
NASDAQ,WBCO,2004-08-06,0.0438
NASDAQ,WBCO,2004-05-06,0.0438
NASDAQ,WBCO,2004-02-05,0.03809
NASDAQ,WBCO,2003-11-06,0.03652
NASDAQ,WBCO,2003-08-06,0.03652
NASDAQ,WBCO,2003-05-01,0.03652
NASDAQ,WBCO,2003-02-06,0.03652
NASDAQ,WBCO,2002-11-01,0.03391
NASDAQ,WBCO,2002-07-26,0.03083
NASDAQ,WBCO,2002-05-07,0.03083
NASDAQ,WBCO,2002-02-01,0.03083
NASDAQ,WBCO,2001-11-01,0.02845
NASDAQ,WBCO,2001-08-01,0.02845
NASDAQ,WBCO,2001-05-08,0.02845
NASDAQ,WBCO,2001-01-30,0.02845
NASDAQ,WBCO,2000-10-30,0.02371
NASDAQ,WBCO,2000-08-08,0.02371
NASDAQ,WBCO,2000-05-08,0.02371
NASDAQ,WBCO,2000-02-08,0.02371
NASDAQ,WBCO,1999-11-04,0.01897
NASDAQ,WBCO,1999-08-03,0.01897
NASDAQ,WBCO,1999-05-10,0.01897
NASDAQ,WBCO,1999-02-10,0.01897
NASDAQ,WBCO,1998-10-28,0.0166
NASDAQ,WBCO,1998-08-19,0.0166
NASDAQ,WSCI,2008-10-20,0.038
NASDAQ,WSCI,2008-06-30,0.038
NASDAQ,WSCI,2008-04-14,0.038
NASDAQ,WSCI,2008-01-18,0.038
NASDAQ,WSCI,2007-11-02,0.038
NASDAQ,WSCI,2007-06-29,0.038
NASDAQ,WSCI,2007-03-30,0.038
NASDAQ,WSCI,2007-01-16,0.038
NASDAQ,WSCI,2006-11-06,0.038
NASDAQ,WSCI,2006-06-30,0.038
NASDAQ,WSCI,2006-04-11,0.038
NASDAQ,WSCI,2006-01-13,0.038
NASDAQ,WSCI,2005-11-09,0.038
NASDAQ,WSCI,2005-07-06,0.038
NASDAQ,WSCI,2005-04-04,0.038
NASDAQ,WSCI,2005-01-19,0.038
NASDAQ,WSCI,2004-11-01,0.038
NASDAQ,WSCI,2004-07-12,0.038
NASDAQ,WSCI,2004-03-29,0.038
NASDAQ,WSCI,2004-01-21,0.038
NASDAQ,WSCI,2003-10-28,0.038
NASDAQ,WSCI,2003-07-23,0.038
NASDAQ,WSCI,1991-10-09,0.05
NASDAQ,WSCI,1991-07-03,0.05
NASDAQ,WSCI,1991-04-04,0.05
NASDAQ,WSCI,1990-10-03,0.05
NASDAQ,WSCI,1990-07-05,0.05
NASDAQ,WSCI,1990-04-05,0.05
