exchange,stock_symbol,date,dividends
NASDAQ,ONFC,2010-01-27,0.24
NASDAQ,ONFC,2009-07-24,0.24
NASDAQ,ONFC,2009-01-23,0.24
NASDAQ,ONFC,2008-07-25,0.24
NASDAQ,ONFC,2008-01-25,0.24
NASDAQ,ONFC,2007-07-20,0.24
NASDAQ,ONFC,2007-01-19,0.24
NASDAQ,ONFC,2006-07-21,0.23
NASDAQ,ONFC,2006-01-20,0.22
NASDAQ,ONFC,2005-07-22,0.21
NASDAQ,ONFC,2005-01-21,0.2
NASDAQ,ONFC,2004-07-23,0.19
NASDAQ,ONFC,2004-01-23,0.18667
NASDAQ,ONFC,2003-07-25,0.18667
NASDAQ,ONFC,2003-01-24,0.18
NASDAQ,ONFC,2002-07-12,0.17333
NASDAQ,ONFC,2002-01-17,0.16889
NASDAQ,ONFC,2001-08-03,0.16
NASDAQ,ONFC,2001-01-19,0.08
NASDAQ,ONFC,2000-07-21,0.07555
NASDAQ,ONFC,2000-01-21,0.03555
NASDAQ,ONFC,1999-07-23,0.03333
NASDAQ,ONAV,2009-02-20,0.5
NASDAQ,ONAV,2008-11-13,0.5
NASDAQ,ONAV,2008-08-14,0.5
NASDAQ,ONAV,2008-05-16,0.5
NASDAQ,ONAV,2008-02-19,0.5
NASDAQ,ONAV,2007-11-13,0.5
NASDAQ,ONAV,2007-08-15,0.5
NASDAQ,ONAV,2007-05-17,0.5
NASDAQ,ONAV,2007-02-13,0.5
NASDAQ,ONAV,2006-11-13,0.5
NASDAQ,OKSBP,2009-11-25,0.656
NASDAQ,OKSBP,2009-09-01,0.656
NASDAQ,OKSBP,2009-06-19,0.656
NASDAQ,OKSBP,2009-03-11,0.656
NASDAQ,OKSBP,2008-12-11,0.656
NASDAQ,OKSBP,2008-09-03,0.532
NASDAQ,ORRF,2009-11-10,0.22
NASDAQ,ORRF,2009-08-12,0.22
NASDAQ,ORRF,2009-05-13,0.22
NASDAQ,ORRF,2009-02-11,0.22
NASDAQ,ORRF,2008-11-05,0.22
NASDAQ,ORRF,2008-08-06,0.22
NASDAQ,ORRF,2008-05-07,0.22
NASDAQ,ORRF,2008-02-06,0.21
NASDAQ,ORRF,2007-11-01,0.21
NASDAQ,ORRF,2007-08-08,0.21
NASDAQ,ORRF,2007-05-09,0.2
NASDAQ,ORRF,2007-02-07,0.2
NASDAQ,ORRF,2006-11-06,0.19048
NASDAQ,ORRF,2006-08-07,0.19048
NASDAQ,ORRF,2006-05-08,0.19048
NASDAQ,ORRF,2006-02-06,0.17143
NASDAQ,ORRF,2005-12-08,0.15238
NASDAQ,ORRF,2005-10-04,0.14286
NASDAQ,ORRF,2005-07-05,0.13333
NASDAQ,ORRF,2005-04-01,0.12698
NASDAQ,ORRF,2005-01-06,0.11791
NASDAQ,ORRF,2004-09-30,0.11791
NASDAQ,ORRF,2004-06-30,0.10885
NASDAQ,ORRF,2003-12-29,0.1043
NASDAQ,ORRF,2003-10-02,0.09524
NASDAQ,ORRF,2003-07-01,0.09524
NASDAQ,ORRF,2003-03-31,0.08638
NASDAQ,ORRF,2002-12-31,0.08638
NASDAQ,ORRF,2002-10-02,0.07774
NASDAQ,ORRF,2002-07-05,0.07343
NASDAQ,ORRF,2002-04-02,0.07343
NASDAQ,ORRF,2001-12-28,0.0691
NASDAQ,ORRF,2001-10-03,0.06479
NASDAQ,ORRF,2001-07-02,0.0617
NASDAQ,ORRF,2001-03-29,0.0617
NASDAQ,ORRF,1999-12-29,0.05759
NASDAQ,ORCT,2000-07-03,28.125
NASDAQ,OICO,2009-11-06,0.05
NASDAQ,OICO,2009-08-12,0.05
NASDAQ,OICO,2009-05-12,0.05
NASDAQ,OICO,2009-02-10,0.05
NASDAQ,OICO,2008-11-06,0.05
NASDAQ,OICO,2008-08-12,0.05
NASDAQ,OICO,2008-05-12,0.05
NASDAQ,OICO,2008-02-12,0.05
NASDAQ,OICO,2007-11-13,0.05
NASDAQ,OICO,2007-08-24,0.05
NASDAQ,OICO,2007-05-14,0.05
NASDAQ,OICO,2007-02-07,0.05
NASDAQ,OICO,2006-11-22,0.05
NASDAQ,OICO,2006-08-24,0.05
NASDAQ,OICO,2006-07-05,0.05
NASDAQ,OICO,2006-04-05,0.05
NASDAQ,OPWV,2007-06-13,1.2
NASDAQ,OZRK,2010-01-14,0.14
NASDAQ,OZRK,2009-10-28,0.13
NASDAQ,OZRK,2009-07-29,0.13
NASDAQ,OZRK,2009-04-29,0.13
NASDAQ,OZRK,2009-01-28,0.13
NASDAQ,OZRK,2008-10-22,0.13
NASDAQ,OZRK,2008-07-23,0.13
NASDAQ,OZRK,2008-04-23,0.12
NASDAQ,OZRK,2008-01-23,0.12
NASDAQ,OZRK,2007-10-24,0.12
NASDAQ,OZRK,2007-07-25,0.11
NASDAQ,OZRK,2007-04-25,0.1
NASDAQ,OZRK,2007-01-24,0.1
NASDAQ,OZRK,2006-10-25,0.1
NASDAQ,OZRK,2006-07-26,0.1
NASDAQ,OZRK,2006-04-26,0.1
NASDAQ,OZRK,2006-01-25,0.1
NASDAQ,OZRK,2005-10-26,0.1
NASDAQ,OZRK,2005-07-27,0.1
NASDAQ,OZRK,2005-04-27,0.09
NASDAQ,OZRK,2005-02-02,0.08
NASDAQ,OZRK,2004-10-27,0.08
NASDAQ,OZRK,2004-07-28,0.08
NASDAQ,OZRK,2004-04-28,0.07
NASDAQ,OZRK,2004-01-28,0.07
NASDAQ,OZRK,2003-10-29,0.065
NASDAQ,OZRK,2003-07-30,0.06
NASDAQ,OZRK,2003-04-30,0.055
NASDAQ,OZRK,2003-01-23,0.05
NASDAQ,OZRK,2002-10-17,0.05
NASDAQ,OZRK,2002-07-18,0.04
NASDAQ,OZRK,2002-04-18,0.035
NASDAQ,OZRK,2002-01-16,0.03
NASDAQ,OZRK,2001-10-03,0.03
NASDAQ,OZRK,2001-07-05,0.03
NASDAQ,OZRK,2001-04-04,0.0275
NASDAQ,OZRK,2001-01-04,0.0275
NASDAQ,OZRK,2000-10-04,0.0275
NASDAQ,OZRK,2000-07-06,0.0275
NASDAQ,OZRK,2000-04-05,0.025
NASDAQ,OZRK,2000-01-05,0.025
NASDAQ,OZRK,1999-10-06,0.025
NASDAQ,OZRK,1999-07-07,0.025
NASDAQ,OZRK,1999-04-07,0.025
NASDAQ,OZRK,1999-01-06,0.025
NASDAQ,OZRK,1998-10-07,0.015
NASDAQ,OZRK,1998-07-08,0.015
NASDAQ,OZRK,1998-04-07,0.015
NASDAQ,OZRK,1998-01-07,0.0125
NASDAQ,OSBK,2010-02-05,0.085
NASDAQ,OSBK,2009-11-06,0.085
NASDAQ,OSBK,2009-07-30,0.085
NASDAQ,OSBK,2009-05-01,0.085
NASDAQ,OSBK,2009-02-05,0.085
NASDAQ,OSBK,2008-10-30,0.085
NASDAQ,OSBK,2008-08-08,0.085
NASDAQ,OSBK,2008-05-02,0.085
NASDAQ,OSBK,2008-02-06,0.085
NASDAQ,OSBK,2007-11-02,0.085
NASDAQ,OSBK,2007-07-27,0.08
NASDAQ,OSBK,2007-05-04,0.07
NASDAQ,OSBK,2007-02-02,0.06
NASDAQ,OVLY,2009-02-13,0.025
NASDAQ,OVLY,2008-11-17,0.025
NASDAQ,OVLY,2008-08-27,0.05
NASDAQ,OVLY,2007-08-24,0.19
NASDAQ,OVLY,2006-08-02,0.19
NASDAQ,OVLY,2005-08-01,0.16667
NASDAQ,OSBC,2009-12-23,0.01
NASDAQ,OSBC,2009-09-23,0.01
NASDAQ,OSBC,2009-06-24,0.04
NASDAQ,OSBC,2009-03-25,0.04
NASDAQ,OSBC,2008-12-23,0.16
NASDAQ,OSBC,2008-09-24,0.16
NASDAQ,OSBC,2008-06-25,0.16
NASDAQ,OSBC,2008-03-26,0.15
NASDAQ,OSBC,2007-12-26,0.15
NASDAQ,OSBC,2007-09-26,0.15
NASDAQ,OSBC,2007-06-27,0.15
NASDAQ,OSBC,2007-03-28,0.14
NASDAQ,OSBC,2006-12-27,0.14
NASDAQ,OSBC,2006-09-27,0.14
NASDAQ,OSBC,2006-06-28,0.14
NASDAQ,OSBC,2006-03-29,0.13
NASDAQ,OSBC,2005-12-28,0.13
NASDAQ,OSBC,2005-09-28,0.13
NASDAQ,OSBC,2005-06-29,0.13
NASDAQ,OSBC,2005-03-22,0.12
NASDAQ,OSBC,2004-12-29,0.12
NASDAQ,OSBC,2004-09-28,0.12
NASDAQ,OSBC,2004-06-23,0.12
NASDAQ,OSBC,2004-03-24,0.1
NASDAQ,OSBC,2003-12-23,0.1
NASDAQ,OSBC,2003-09-24,0.1
NASDAQ,OSBC,2003-06-26,0.1
NASDAQ,OSBC,2003-03-26,0.1
NASDAQ,OSBC,2002-12-24,0.1
NASDAQ,OSBC,2002-09-25,0.1
NASDAQ,OSBC,2002-06-26,0.1
NASDAQ,OSBC,2002-03-26,0.075
NASDAQ,OSBC,2001-12-26,0.09375
NASDAQ,OSBC,2001-09-21,0.075
NASDAQ,OSBC,2001-06-21,0.075
NASDAQ,OSBC,2001-03-27,0.05625
NASDAQ,OSBC,2000-12-27,0.05625
NASDAQ,OSBC,2000-09-22,0.05625
NASDAQ,OSBC,2000-06-22,0.05625
NASDAQ,OSBC,2000-03-24,0.05625
NASDAQ,OSBC,1999-12-21,0.05625
NASDAQ,OSBC,1999-09-20,0.05625
NASDAQ,OSBC,1999-06-17,0.05625
NASDAQ,OSBC,1999-03-18,0.04688
NASDAQ,OSBC,1998-12-17,0.04688
NASDAQ,OSBC,1998-09-17,0.04688
NASDAQ,OSBC,1998-06-18,0.03
NASDAQ,OSBC,1998-03-19,0.03
NASDAQ,OSBC,1997-12-18,0.03
NASDAQ,OSBC,1997-09-18,0.03
NASDAQ,OSBC,1997-06-19,0.03
NASDAQ,OSBC,1997-03-19,0.03
NASDAQ,OSBC,1996-12-19,0.03
NASDAQ,OSBC,1996-09-19,0.03
NASDAQ,OSBC,1996-06-19,0.03
NASDAQ,OSBC,1996-03-20,0.03
NASDAQ,OSBC,1995-12-20,0.03
NASDAQ,OSBC,1995-09-21,0.03
NASDAQ,OSBCP,2009-12-28,0.195
NASDAQ,OSBCP,2009-09-25,0.195
NASDAQ,OSBCP,2009-06-25,0.195
NASDAQ,OSBCP,2009-03-26,0.195
NASDAQ,OSBCP,2008-12-24,0.195
NASDAQ,OSBCP,2008-09-25,0.195
NASDAQ,OSBCP,2008-06-25,0.195
NASDAQ,OSBCP,2008-03-26,0.195
NASDAQ,OSBCP,2007-12-26,0.195
NASDAQ,OSBCP,2007-09-26,0.195
NASDAQ,OSBCP,2007-06-27,0.195
NASDAQ,OSBCP,2007-03-28,0.195
NASDAQ,OSBCP,2006-12-27,0.195
NASDAQ,OSBCP,2006-09-27,0.195
NASDAQ,OSBCP,2006-06-28,0.195
NASDAQ,OSBCP,2006-03-29,0.195
NASDAQ,OSBCP,2005-12-28,0.195
NASDAQ,OSBCP,2005-09-28,0.195
NASDAQ,OSBCP,2005-06-28,0.195
NASDAQ,OSBCP,2005-03-28,0.2
NASDAQ,OFLX,2009-12-17,2.0
NASDAQ,OFLX,2008-12-12,0.5
NASDAQ,OFLX,2007-12-31,0.7
NASDAQ,OFLX,2006-12-28,0.4
NASDAQ,OVBC,2010-01-28,0.21
NASDAQ,OVBC,2009-10-28,0.2
NASDAQ,OVBC,2009-07-29,0.2
NASDAQ,OVBC,2009-04-29,0.2
NASDAQ,OVBC,2009-01-29,0.2
NASDAQ,OVBC,2008-10-29,0.19
NASDAQ,OVBC,2008-07-23,0.19
NASDAQ,OVBC,2008-04-23,0.19
NASDAQ,OVBC,2008-01-23,0.19
NASDAQ,OVBC,2007-10-24,0.18
NASDAQ,OVBC,2007-07-25,0.18
NASDAQ,OVBC,2007-04-25,0.18
NASDAQ,OVBC,2007-01-31,0.17
NASDAQ,OVBC,2006-10-25,0.17
NASDAQ,OVBC,2006-07-26,0.17
NASDAQ,OVBC,2006-04-26,0.17
NASDAQ,OVBC,2006-02-01,0.16
NASDAQ,OVBC,2005-10-26,0.16
NASDAQ,OVBC,2005-07-27,0.16
NASDAQ,OVBC,2005-04-21,0.128
NASDAQ,OVBC,2005-01-26,0.152
NASDAQ,OVBC,2004-11-29,0.152
NASDAQ,OVBC,2004-10-27,0.152
NASDAQ,OVBC,2004-07-28,0.152
NASDAQ,OVBC,2004-04-22,0.152
NASDAQ,OVBC,2004-01-28,0.144
NASDAQ,OVBC,2003-10-29,0.144
NASDAQ,OVBC,2003-07-23,0.144
NASDAQ,OVBC,2003-04-16,0.144
NASDAQ,OVBC,2003-01-29,0.136
NASDAQ,OVBC,2002-10-23,0.136
NASDAQ,OVBC,2002-07-24,0.136
NASDAQ,OVBC,2002-04-18,0.136
NASDAQ,OVBC,2002-01-23,0.128
NASDAQ,OVBC,2001-12-19,0.128
NASDAQ,OVBC,2001-10-24,0.128
NASDAQ,OVBC,2001-07-25,0.128
NASDAQ,OVBC,2001-04-19,0.128
NASDAQ,OVBC,2001-01-24,0.12
NASDAQ,OVBC,2000-10-25,0.12
NASDAQ,OVBC,2000-07-26,0.12
NASDAQ,OVBC,2000-04-19,0.112
NASDAQ,OVBC,2000-01-26,0.112
NASDAQ,OVBC,1999-10-27,0.112
NASDAQ,OVBC,1999-07-28,0.112
NASDAQ,OVBC,1999-04-15,0.112
NASDAQ,OVBC,1999-01-27,0.0896
NASDAQ,OVBC,1998-10-28,0.0896
NASDAQ,OVBC,1998-07-29,0.0896
NASDAQ,OVBC,1998-04-16,0.0896
NASDAQ,OVBC,1998-01-28,0.08533
NASDAQ,OVBC,1997-10-29,0.08533
NASDAQ,OVBC,1997-07-24,0.08533
NASDAQ,OVBC,1997-04-17,0.08576
NASDAQ,OVBC,1997-01-23,0.08
NASDAQ,OVBC,1996-10-24,0.08
NASDAQ,OVBC,1996-07-23,0.08
NASDAQ,OVBC,1996-04-23,0.07488
NASDAQ,OFSI,2007-11-08,0.05
NASDAQ,OFSI,2007-08-02,0.05
NASDAQ,OFSI,2007-05-08,0.05
NASDAQ,OFSI,2007-02-07,0.05
NASDAQ,OFSI,2006-11-02,0.04
NASDAQ,OKSB,2009-12-15,0.024
NASDAQ,OKSB,2009-09-15,0.024
NASDAQ,OKSB,2009-06-15,0.024
NASDAQ,OKSB,2009-03-13,0.024
NASDAQ,OKSB,2008-12-15,0.095
NASDAQ,OKSB,2008-09-15,0.095
NASDAQ,OKSB,2008-06-13,0.095
NASDAQ,OKSB,2008-03-14,0.095
NASDAQ,OKSB,2007-12-17,0.093
NASDAQ,OKSB,2007-09-13,0.093
NASDAQ,OKSB,2007-06-14,0.093
NASDAQ,OKSB,2007-03-14,0.093
NASDAQ,OKSB,2006-12-14,0.083
NASDAQ,OKSB,2006-09-14,0.083
NASDAQ,OKSB,2006-06-15,0.083
NASDAQ,OKSB,2006-03-15,0.083
NASDAQ,OKSB,2005-12-15,0.075
NASDAQ,OKSB,2005-09-15,0.075
NASDAQ,OKSB,2005-06-15,0.075
NASDAQ,OKSB,2005-03-15,0.075
NASDAQ,OKSB,2004-12-16,0.07
NASDAQ,OKSB,2004-09-15,0.07
NASDAQ,OKSB,2004-06-16,0.07
NASDAQ,OKSB,2004-03-15,0.07
NASDAQ,OKSB,2003-12-17,0.063
NASDAQ,OKSB,2003-09-15,0.063
NASDAQ,OKSB,2003-06-16,0.0625
NASDAQ,OKSB,2003-03-14,0.0625
NASDAQ,OKSB,2002-12-18,0.055
NASDAQ,OKSB,2002-09-13,0.055
NASDAQ,OKSB,2002-06-14,0.055
NASDAQ,OKSB,2002-03-14,0.055
NASDAQ,OKSB,2001-12-13,0.04
NASDAQ,OKSB,2001-06-14,0.04
NASDAQ,OKSB,2001-03-15,0.04
NASDAQ,OKSB,2000-12-14,0.03667
NASDAQ,OKSB,2000-09-14,0.03667
NASDAQ,OKSB,2000-06-15,0.03667
NASDAQ,OKSB,2000-03-16,0.03667
NASDAQ,OKSB,1999-12-16,0.03333
NASDAQ,OKSB,1999-09-15,0.03333
NASDAQ,OKSB,1999-06-15,0.03333
NASDAQ,OKSB,1999-03-17,0.03333
NASDAQ,OKSB,1998-12-16,0.03
NASDAQ,OKSB,1998-09-15,0.03
NASDAQ,OKSB,1998-06-15,0.03
NASDAQ,OKSB,1998-05-13,0.03
NASDAQ,OKSB,1998-03-16,0.03
NASDAQ,OKSB,1997-12-17,0.02667
NASDAQ,OKSB,1997-09-15,0.02667
NASDAQ,OKSB,1997-06-13,0.02667
NASDAQ,OKSB,1997-03-14,0.02667
NASDAQ,OKSB,1996-12-17,0.02334
NASDAQ,OKSB,1996-09-16,0.02334
NASDAQ,OKSB,1995-12-14,0.02
NASDAQ,OKSB,1995-09-14,0.02
NASDAQ,OKSB,1995-06-15,0.02
NASDAQ,OKSB,1995-03-14,0.02
NASDAQ,OKSB,1994-12-13,0.01666
NASDAQ,OKSB,1994-09-13,0.01666
NASDAQ,OKSB,1994-06-28,0.01666
NASDAQ,OKSB,1994-03-15,0.01666
NASDAQ,OCNF,2008-10-29,0.77
NASDAQ,OCNF,2008-07-31,0.77
NASDAQ,OCNF,2008-05-14,0.77
NASDAQ,OCNF,2008-02-20,0.77
NASDAQ,OCNF,2007-11-01,0.513
NASDAQ,OCNF,2007-08-02,0.39
NASDAQ,OPOF,2009-11-24,0.1
NASDAQ,OPOF,2009-08-26,0.1
NASDAQ,OPOF,2009-05-28,0.1
NASDAQ,OPOF,2009-02-25,0.17
NASDAQ,OPOF,2008-11-25,0.17
NASDAQ,OPOF,2008-08-27,0.17
NASDAQ,OPOF,2008-05-28,0.16
NASDAQ,OPOF,2008-02-27,0.16
NASDAQ,OPOF,2007-11-28,0.16
NASDAQ,OPOF,2007-08-29,0.16
NASDAQ,OPOF,2007-05-29,0.144
NASDAQ,OPOF,2007-02-26,0.144
NASDAQ,OPOF,2006-11-28,0.144
NASDAQ,OPOF,2006-08-29,0.144
NASDAQ,OPOF,2006-05-26,0.136
NASDAQ,OPOF,2006-02-24,0.136
NASDAQ,OPOF,2005-11-28,0.136
NASDAQ,OPOF,2005-08-29,0.136
NASDAQ,OPOF,2005-05-26,0.128
NASDAQ,OPOF,2005-02-24,0.128
NASDAQ,OPOF,2004-11-26,0.128
NASDAQ,OPOF,2004-08-27,0.128
NASDAQ,OPOF,2004-05-26,0.12
NASDAQ,OPOF,2004-02-25,0.12
NASDAQ,OPOF,2003-11-25,0.12
NASDAQ,OPOF,2003-08-27,0.12
NASDAQ,OPOF,2003-05-28,0.096
NASDAQ,OPOF,2003-02-26,0.096
NASDAQ,OPOF,2002-11-26,0.096
NASDAQ,OPOF,2002-08-28,0.096
NASDAQ,OPOF,2002-05-29,0.08534
NASDAQ,OPOF,2002-02-26,0.08534
NASDAQ,OPOF,2001-11-28,0.08534
NASDAQ,OPOF,2001-08-29,0.08534
NASDAQ,OPOF,2001-05-29,0.08
NASDAQ,OPOF,2001-02-26,0.08
NASDAQ,OPOF,2000-11-28,0.08
NASDAQ,OPOF,2000-08-28,0.08
NASDAQ,OPOF,2000-05-25,0.07466
NASDAQ,ONXX,2007-02-26,0.0
NASDAQ,OLBK,2009-12-11,0.03
NASDAQ,OLBK,2009-09-15,0.03
NASDAQ,OLBK,2009-06-10,0.03
NASDAQ,OLBK,2009-03-11,0.03
NASDAQ,OLBK,2008-12-11,0.03
NASDAQ,OLBK,2008-09-23,0.03
NASDAQ,OLBK,2008-06-11,0.03
NASDAQ,OLBK,2008-03-12,0.03
NASDAQ,OLBK,2007-12-20,0.03
NASDAQ,OLBK,2007-09-20,0.03
NASDAQ,OLBK,2007-06-07,0.03
NASDAQ,OLBK,2007-03-05,0.03
NASDAQ,OLBK,2006-12-07,0.03
NASDAQ,OLBK,2006-09-06,0.03
NASDAQ,OLBK,2006-06-07,0.03
NASDAQ,OLBK,2006-03-03,0.025
NASDAQ,OLBK,2005-12-06,0.025
NASDAQ,OLBK,2005-09-06,0.026
NASDAQ,OLBK,2005-06-06,0.024
NASDAQ,OLBK,2005-03-03,0.03
NASDAQ,OLBK,2004-12-06,0.025
NASDAQ,OLBK,2004-09-03,0.025
NASDAQ,OLBK,2004-06-04,0.025
NASDAQ,OLBK,2004-02-26,0.025
NASDAQ,OCFC,2010-01-28,0.12
NASDAQ,OCFC,2009-10-29,0.2
NASDAQ,OCFC,2009-07-30,0.2
NASDAQ,OCFC,2009-04-29,0.2
NASDAQ,OCFC,2009-01-28,0.2
NASDAQ,OCFC,2008-10-29,0.2
NASDAQ,OCFC,2008-07-30,0.2
NASDAQ,OCFC,2008-04-30,0.2
NASDAQ,OCFC,2008-01-30,0.2
NASDAQ,OCFC,2007-10-31,0.2
NASDAQ,OCFC,2007-08-01,0.2
NASDAQ,OCFC,2007-04-25,0.2
NASDAQ,OCFC,2007-01-24,0.2
NASDAQ,OCFC,2006-10-25,0.2
NASDAQ,OCFC,2006-07-26,0.2
NASDAQ,OCFC,2006-04-26,0.2
NASDAQ,OCFC,2006-01-25,0.2
NASDAQ,OCFC,2005-10-26,0.2
NASDAQ,OCFC,2005-07-27,0.2
NASDAQ,OCFC,2005-04-27,0.2
NASDAQ,OCFC,2005-01-26,0.2
NASDAQ,OCFC,2004-10-27,0.2
NASDAQ,OCFC,2004-07-28,0.2
NASDAQ,OCFC,2004-04-28,0.2
NASDAQ,OCFC,2004-01-28,0.2
NASDAQ,OCFC,2003-10-29,0.2
NASDAQ,OCFC,2003-07-30,0.2
NASDAQ,OCFC,2003-04-30,0.2
NASDAQ,OCFC,2003-01-29,0.18
NASDAQ,OCFC,2002-10-30,0.18
NASDAQ,OCFC,2002-07-31,0.18
NASDAQ,OCFC,2002-05-01,0.17333
NASDAQ,OCFC,2002-01-30,0.16
NASDAQ,OCFC,2001-10-31,0.15333
NASDAQ,OCFC,2001-08-01,0.14
NASDAQ,OCFC,2001-05-02,0.14
NASDAQ,OCFC,2001-01-31,0.12667
NASDAQ,OCFC,2000-11-01,0.12667
NASDAQ,OCFC,2000-08-02,0.12667
NASDAQ,OCFC,2000-05-03,0.12667
NASDAQ,OCFC,2000-02-02,0.08
NASDAQ,OCFC,1999-10-28,0.1
NASDAQ,OCFC,1999-07-29,0.1
NASDAQ,OCFC,1999-04-29,0.1
NASDAQ,OCFC,1999-02-03,0.08
NASDAQ,OCFC,1998-10-29,0.08
NASDAQ,OCFC,1998-07-30,0.08
NASDAQ,OCFC,1998-04-30,0.08
NASDAQ,OCFC,1998-01-29,0.06667
NASDAQ,OCFC,1997-10-23,0.06667
NASDAQ,OCFC,1997-07-24,0.06667
NASDAQ,OCFC,1997-05-01,0.06667
NASDAQ,OTT,2009-12-11,0.42
NASDAQ,OTT,2009-09-11,0.42
NASDAQ,OTT,2009-06-11,0.42
NASDAQ,OTT,2009-03-11,0.42
NASDAQ,OTT,2008-12-11,0.42
NASDAQ,OTT,2008-09-11,0.42
NASDAQ,OTT,2008-06-11,0.42
NASDAQ,OTT,2008-03-12,0.42
NASDAQ,OTT,2007-12-12,0.42
NASDAQ,OTT,2007-09-12,0.42
NASDAQ,OTT,2007-06-13,0.42
NASDAQ,OTT,2007-03-13,0.42
NASDAQ,OTT,2006-12-13,0.42
NASDAQ,OTT,2006-09-13,0.42
NASDAQ,OTT,2006-06-13,0.42
NASDAQ,OTT,2006-03-13,0.42
NASDAQ,OTT,2005-12-13,0.42
NASDAQ,OTT,2005-09-13,0.42
NASDAQ,OTT,2005-06-13,0.42
NASDAQ,OTT,2005-03-11,0.449
NASDAQ,OMAB,2010-01-12,0.152
NASDAQ,OMAB,2009-10-09,0.146
NASDAQ,OMAB,2009-07-10,0.146
NASDAQ,OMAB,2009-04-09,0.209
NASDAQ,OMAB,2009-01-12,0.209
NASDAQ,OMAB,2008-10-09,0.209
NASDAQ,OMAB,2008-07-10,0.211
NASDAQ,OMAB,2008-04-10,0.204
NASDAQ,OMAB,2008-01-10,0.198
NASDAQ,OMAB,2007-10-10,0.197
NASDAQ,OMAB,2007-07-11,0.199
NASDAQ,ORGN,2007-11-15,0.09
NASDAQ,ORGN,2007-08-14,0.08
NASDAQ,ORGN,2007-05-16,0.06
NASDAQ,ORGN,2007-03-22,0.04
NASDAQ,ORGN,2006-11-09,0.03
NASDAQ,ORGN,2006-08-16,0.03
NASDAQ,ORGN,2006-05-17,0.03
NASDAQ,ORGN,2005-11-17,0.06
NASDAQ,ORGN,2005-08-18,0.06
NASDAQ,ORGN,2005-05-23,0.06
NASDAQ,ORGN,2005-03-22,0.04
NASDAQ,ORGN,2004-11-18,0.25
NASDAQ,ORGN,2004-07-29,0.06
NASDAQ,OPNT,2009-12-11,0.09
NASDAQ,OPNT,2009-09-11,0.09
NASDAQ,OPNT,2009-06-11,0.09
NASDAQ,ONEQ,2009-12-18,0.21
NASDAQ,ONEQ,2009-09-18,0.1
NASDAQ,ONEQ,2009-06-19,0.1
NASDAQ,ONEQ,2009-03-20,0.05
NASDAQ,ONEQ,2008-12-19,0.22
NASDAQ,ONEQ,2008-09-19,0.1
NASDAQ,ONEQ,2008-06-20,0.15
NASDAQ,ONEQ,2008-03-20,0.1
NASDAQ,ONEQ,2007-12-21,0.3
NASDAQ,ONEQ,2007-09-21,0.15
NASDAQ,ONEQ,2007-06-15,0.06
NASDAQ,ONEQ,2007-03-16,0.09
NASDAQ,ONEQ,2006-12-15,0.11
NASDAQ,ONEQ,2006-09-15,0.11
NASDAQ,ONEQ,2006-06-16,0.08
NASDAQ,ONEQ,2006-03-17,0.14
NASDAQ,ONEQ,2005-12-16,0.57
NASDAQ,ONEQ,2005-09-16,0.09
NASDAQ,ONEQ,2005-06-17,0.1
NASDAQ,ONEQ,2005-03-18,0.08
NASDAQ,ONEQ,2004-12-17,0.9
NASDAQ,ONEQ,2004-09-17,0.06
NASDAQ,ONEQ,2004-06-18,0.02
NASDAQ,ONEQ,2004-03-19,0.05
NASDAQ,ONEQ,2003-12-19,0.07
NASDAQ,ONVI,2002-05-06,3.9
NASDAQ,OTTR,2009-11-10,0.298
NASDAQ,OTTR,2009-08-12,0.298
NASDAQ,OTTR,2009-05-13,0.298
NASDAQ,OTTR,2009-02-11,0.298
NASDAQ,OTTR,2008-11-12,0.298
NASDAQ,OTTR,2008-08-13,0.298
NASDAQ,OTTR,2008-05-13,0.298
NASDAQ,OTTR,2008-02-13,0.298
NASDAQ,OTTR,2007-11-13,0.293
NASDAQ,OTTR,2007-08-13,0.293
NASDAQ,OTTR,2007-05-11,0.293
NASDAQ,OTTR,2007-02-13,0.293
NASDAQ,OTTR,2006-11-13,0.288
NASDAQ,OTTR,2006-08-11,0.288
NASDAQ,OTTR,2006-05-11,0.288
NASDAQ,OTTR,2006-02-13,0.288
NASDAQ,OTTR,2005-11-10,0.28
NASDAQ,OTTR,2005-08-11,0.28
NASDAQ,OTTR,2005-05-11,0.28
NASDAQ,OTTR,2005-02-11,0.28
NASDAQ,OTTR,2004-11-10,0.275
NASDAQ,OTTR,2004-08-11,0.275
NASDAQ,OTTR,2004-05-12,0.275
NASDAQ,OTTR,2004-02-11,0.275
NASDAQ,OTTR,2003-11-12,0.27
NASDAQ,OTTR,2003-08-13,0.27
NASDAQ,OTTR,2003-05-13,0.27
NASDAQ,OTTR,2003-02-12,0.27
NASDAQ,OTTR,2002-11-13,0.265
NASDAQ,OTTR,2002-08-13,0.265
NASDAQ,OTTR,2002-05-13,0.265
NASDAQ,OTTR,2002-02-13,0.265
NASDAQ,OTTR,2001-11-13,0.26
NASDAQ,OTTR,2001-08-13,0.26
NASDAQ,OTTR,2001-05-11,0.26
NASDAQ,OTTR,2001-02-13,0.26
NASDAQ,OTTR,2000-11-13,0.255
NASDAQ,OTTR,2000-08-11,0.255
NASDAQ,OTTR,2000-05-11,0.255
NASDAQ,OTTR,2000-02-11,0.255
NASDAQ,OTTR,1999-11-10,0.2475
NASDAQ,OTTR,1999-08-11,0.2475
NASDAQ,OTTR,1999-05-12,0.2475
NASDAQ,OTTR,1999-02-10,0.2475
NASDAQ,OTTR,1998-11-10,0.24
NASDAQ,OTTR,1998-08-12,0.24
NASDAQ,OTTR,1998-05-13,0.24
NASDAQ,OTTR,1998-02-11,0.24
NASDAQ,OTTR,1997-11-14,0.2325
NASDAQ,OTTR,1997-08-13,0.2325
NASDAQ,OTTR,1997-05-13,0.2325
NASDAQ,OTTR,1997-02-12,0.2325
NASDAQ,OTTR,1996-11-13,0.225
NASDAQ,OTTR,1996-08-13,0.225
NASDAQ,OTTR,1996-05-13,0.225
NASDAQ,OTTR,1996-02-13,0.225
NASDAQ,OTTR,1995-11-13,0.22
NASDAQ,OTTR,1995-08-11,0.22
NASDAQ,OTTR,1995-05-09,0.22
NASDAQ,OTTR,1995-02-09,0.22
NASDAQ,OTTR,1994-11-08,0.215
NASDAQ,OTTR,1994-08-09,0.215
NASDAQ,OTTR,1994-05-09,0.215
NASDAQ,OTTR,1994-02-09,0.215
NASDAQ,OTTR,1993-11-08,0.21
NASDAQ,OTTR,1993-08-09,0.21
NASDAQ,OTTR,1993-05-10,0.21
NASDAQ,OTTR,1993-02-08,0.21
NASDAQ,OTTR,1992-11-06,0.205
NASDAQ,OTTR,1992-08-10,0.205
NASDAQ,OTTR,1992-05-11,0.205
NASDAQ,OTTR,1992-02-10,0.205
NASDAQ,OTTR,1991-08-09,0.2
NASDAQ,OTTR,1991-05-09,0.2
NASDAQ,OTTR,1991-02-11,0.2
NASDAQ,OTTR,1990-11-08,0.195
NASDAQ,OTTR,1990-08-09,0.195
NASDAQ,ORCL,2010-01-14,0.05
NASDAQ,ORCL,2009-10-09,0.05
NASDAQ,ORCL,2009-07-13,0.05
NASDAQ,ORCL,2009-04-06,0.05
NASDAQ,OSHC,2010-02-03,0.06
NASDAQ,OSHC,2009-11-10,0.05
NASDAQ,OSHC,2009-08-05,0.05
NASDAQ,OSHC,2009-05-06,0.05
NASDAQ,OSHC,2009-02-12,0.05
NASDAQ,OSHC,2008-11-05,0.05
NASDAQ,OSHC,2008-07-30,0.05
NASDAQ,OSHC,2008-04-30,0.05
NASDAQ,OXPS,2009-03-18,0.08
NASDAQ,OXPS,2008-12-17,0.08
NASDAQ,OXPS,2008-09-17,0.08
NASDAQ,OXPS,2008-06-18,0.08
NASDAQ,OXPS,2008-03-18,0.08
NASDAQ,OXPS,2007-12-19,0.063
NASDAQ,OXPS,2007-09-12,0.063
NASDAQ,OXPS,2007-06-13,0.063
NASDAQ,OXPS,2007-03-14,0.063
NASDAQ,OXPS,2006-12-13,0.05
NASDAQ,OXPS,2006-09-13,0.05
NASDAQ,OXPS,2006-06-14,0.05
NASDAQ,OXPS,2006-03-15,0.05
NASDAQ,OXPS,2005-12-14,0.04
NASDAQ,OXPS,2005-09-14,0.04
NASDAQ,OXPS,2005-06-15,0.04
NASDAQ,ORIT,2009-12-03,0.075
NASDAQ,ORIT,2009-10-07,0.05
NASDAQ,ORIT,2009-07-08,0.05
NASDAQ,OBCI,1997-04-29,0.0329
NASDAQ,OBCI,1996-04-29,0.0329
