exchange,stock_symbol,date,dividends
NASDAQ,DINE,2009-10-13,2.0
NASDAQ,DINE,2001-12-24,0.108
NASDAQ,DINE,1997-10-16,0.03
NASDAQ,DINE,1997-04-02,0.06
NASDAQ,DINE,1996-10-08,0.06
NASDAQ,DINE,1996-04-02,0.03
NASDAQ,DINE,1995-10-03,0.6
NASDAQ,DINE,1995-04-03,0.3
NASDAQ,DINE,1994-09-30,0.3
NASDAQ,DINE,1994-04-04,0.3
NASDAQ,DINE,1993-10-01,0.2934
NASDAQ,DFZ,2009-11-12,0.05
NASDAQ,DFZ,2009-05-28,0.25
NASDAQ,DGICB,2010-01-28,0.1
NASDAQ,DGICB,2009-10-29,0.1
NASDAQ,DGICB,2009-07-30,0.1
NASDAQ,DGICB,2009-04-29,0.1
NASDAQ,DGICB,2009-01-29,0.093
NASDAQ,DGICB,2008-10-30,0.093
NASDAQ,DGICB,2008-07-30,0.093
NASDAQ,DGICB,2008-04-29,0.093
NASDAQ,DGICB,2008-01-30,0.078
NASDAQ,DGICB,2007-10-30,0.078
NASDAQ,DGICB,2007-08-02,0.078
NASDAQ,DGICB,2007-04-27,0.078
NASDAQ,DGICB,2007-01-30,0.07
NASDAQ,DGICB,2006-10-30,0.07
NASDAQ,DGICB,2006-07-28,0.07
NASDAQ,DGICB,2006-04-27,0.07
NASDAQ,DGICB,2006-01-30,0.06375
NASDAQ,DGICB,2005-10-28,0.06375
NASDAQ,DGICB,2005-07-28,0.06375
NASDAQ,DGICB,2005-04-28,0.06375
NASDAQ,DGICB,2005-01-28,0.05906
NASDAQ,DGICB,2004-10-28,0.05906
NASDAQ,DGICB,2004-07-29,0.05906
NASDAQ,DGICB,2004-04-28,0.05906
NASDAQ,DGICB,2004-01-29,0.05625
NASDAQ,DGICB,2003-10-31,0.05625
NASDAQ,DGICB,2003-07-30,0.05625
NASDAQ,DGICB,2003-04-29,0.05625
NASDAQ,DGICB,2003-01-30,0.05063
NASDAQ,DGICB,2002-10-30,0.05063
NASDAQ,DGICB,2002-07-31,0.05063
NASDAQ,DGICB,2002-04-29,0.05063
NASDAQ,DGICB,2002-01-30,0.05063
NASDAQ,DGICB,2001-10-30,0.05063
NASDAQ,DGICB,2001-07-30,0.05063
NASDAQ,DGICB,2001-05-11,0.05063
NASDAQ,DGICB,2001-01-30,0.05063
NASDAQ,DGICB,2000-10-30,0.05063
NASDAQ,DGICB,2000-07-28,0.05063
NASDAQ,DGICB,2000-04-27,0.05063
NASDAQ,DGICB,2000-01-28,0.05063
NASDAQ,DGICB,1999-10-28,0.05063
NASDAQ,DGICB,1999-07-29,0.05063
NASDAQ,DGICB,1999-04-29,0.05063
NASDAQ,DGICB,1999-01-28,0.04781
NASDAQ,DGICB,1998-10-29,0.04781
NASDAQ,DGICB,1998-07-30,0.04781
NASDAQ,DGICB,1998-04-29,0.04641
NASDAQ,DGICB,1998-01-29,0.04219
NASDAQ,DGICB,1997-10-30,0.04219
NASDAQ,DGICB,1997-07-30,0.04219
NASDAQ,DGICB,1997-04-29,0.03797
NASDAQ,DGICB,1997-01-30,0.03481
NASDAQ,DGICB,1996-10-30,0.03481
NASDAQ,DGICB,1996-07-30,0.03481
NASDAQ,DGICB,1996-04-29,0.03481
NASDAQ,DGICB,1996-01-30,0.03164
NASDAQ,DGICB,1995-10-30,0.03164
NASDAQ,DGICB,1995-07-28,0.03164
NASDAQ,DGICB,1995-04-25,0.03164
NASDAQ,DGICB,1995-01-23,0.02848
NASDAQ,DGICB,1994-07-22,0.02531
NASDAQ,DGICB,1994-04-22,0.02531
NASDAQ,DGICB,1993-10-25,0.02531
NASDAQ,DGICB,1993-07-21,0.02531
NASDAQ,DGICB,1993-04-21,0.02216
NASDAQ,DGICB,1992-10-21,0.02216
NASDAQ,DGICB,1992-07-21,0.02216
NASDAQ,DGICB,1992-04-21,0.01898
NASDAQ,DGICB,1992-01-21,0.01898
NASDAQ,DGICB,1991-10-22,0.01898
NASDAQ,DGICB,1991-07-23,0.01898
NASDAQ,DGICB,1991-04-23,0.01898
NASDAQ,DGICB,1991-01-18,0.01898
NASDAQ,DGICB,1990-10-23,0.01898
NASDAQ,DISH,2008-01-02,3.766
NASDAQ,DISH,2004-12-06,1.0
NASDAQ,DXYN,1998-09-10,0.05
NASDAQ,DXYN,1998-05-13,0.05
NASDAQ,DXYN,1998-03-04,0.05
NASDAQ,DXYN,1995-11-21,0.05
NASDAQ,DXYN,1994-11-21,0.05
NASDAQ,DXYN,1994-08-23,0.05
NASDAQ,DXYN,1994-05-12,0.05
NASDAQ,DXYN,1994-02-22,0.05
NASDAQ,DXYN,1993-11-22,0.05
NASDAQ,DXYN,1993-08-24,0.05
NASDAQ,DXYN,1993-05-17,0.05
NASDAQ,DXYN,1993-02-26,0.05
NASDAQ,DXYN,1992-11-19,0.05
NASDAQ,DXYN,1992-08-28,0.05
NASDAQ,DXYN,1992-05-08,0.05
NASDAQ,DXYN,1992-03-09,0.05
NASDAQ,DXYN,1991-11-21,0.05
NASDAQ,DXYN,1991-08-23,0.1
NASDAQ,DXYN,1991-05-10,0.1
NASDAQ,DXYN,1991-02-25,0.17
NASDAQ,DXYN,1990-08-20,0.17
NASDAQ,DXYN,1990-05-10,0.17
NASDAQ,DGICA,2010-01-28,0.113
NASDAQ,DGICA,2009-10-29,0.113
NASDAQ,DGICA,2009-07-30,0.113
NASDAQ,DGICA,2009-04-29,0.113
NASDAQ,DGICA,2009-01-29,0.105
NASDAQ,DGICA,2008-10-30,0.105
NASDAQ,DGICA,2008-07-30,0.105
NASDAQ,DGICA,2008-04-29,0.105
NASDAQ,DGICA,2008-01-30,0.09
NASDAQ,DGICA,2007-10-30,0.09
NASDAQ,DGICA,2007-08-02,0.09
NASDAQ,DGICA,2007-04-27,0.09
NASDAQ,DGICA,2007-01-30,0.083
NASDAQ,DGICA,2006-10-30,0.083
NASDAQ,DGICA,2006-07-28,0.083
NASDAQ,DGICA,2006-04-27,0.083
NASDAQ,DGICA,2006-01-30,0.075
NASDAQ,DGICA,2005-10-28,0.075
NASDAQ,DGICA,2005-07-28,0.075
NASDAQ,DGICA,2005-04-28,0.075
NASDAQ,DGICA,2005-01-28,0.0675
NASDAQ,DGICA,2004-10-28,0.0675
NASDAQ,DGICA,2004-07-29,0.0675
NASDAQ,DGICA,2004-04-28,0.0675
NASDAQ,DGICA,2004-01-29,0.06188
NASDAQ,DGICA,2003-10-31,0.06188
NASDAQ,DGICA,2003-07-30,0.06188
NASDAQ,DRCO,1993-01-15,0.04167
NASDAQ,DRAM,2008-02-27,0.06
NASDAQ,DRAM,2007-11-28,0.06
NASDAQ,DRAM,2007-08-31,0.06
NASDAQ,DRAM,2007-06-11,0.06
NASDAQ,DRAM,2007-03-05,0.06
NASDAQ,DRAM,2006-11-27,0.06
NASDAQ,DRAM,2006-09-01,0.06
NASDAQ,DRAM,2006-06-12,0.06
NASDAQ,DRAM,2006-03-07,0.06
NASDAQ,DRAM,2005-11-28,0.05
NASDAQ,DRAM,2005-08-29,0.05
NASDAQ,DRAM,2005-06-13,0.05
NASDAQ,DMLP,2010-01-21,0.322
NASDAQ,DMLP,2009-10-22,0.287
NASDAQ,DMLP,2009-07-22,0.271
NASDAQ,DMLP,2009-04-23,0.401
NASDAQ,DMLP,2009-01-22,0.542
NASDAQ,DMLP,2008-10-16,0.948
NASDAQ,DMLP,2008-07-17,0.769
NASDAQ,DMLP,2008-04-17,0.572
NASDAQ,DMLP,2008-01-23,0.515
NASDAQ,DMLP,2007-10-19,0.561
NASDAQ,DMLP,2007-07-19,0.474
NASDAQ,DMLP,2007-04-19,0.461
NASDAQ,DMLP,2007-01-26,0.479
NASDAQ,DMLP,2006-10-19,0.516
NASDAQ,DMLP,2006-07-20,0.778
NASDAQ,DMLP,2006-04-27,0.73
NASDAQ,DMLP,2006-01-26,0.806
NASDAQ,DMLP,2005-10-20,0.577
NASDAQ,DMLP,2005-07-21,0.515
NASDAQ,DMLP,2005-04-27,0.481
NASDAQ,DMLP,2005-01-28,0.426
NASDAQ,DMLP,2004-10-21,0.476
NASDAQ,DMLP,2004-07-22,0.415
NASDAQ,DMLP,2004-04-28,0.416
NASDAQ,DMLP,2004-01-22,0.391
NASDAQ,DMLP,2003-10-29,0.423
NASDAQ,DMLP,2003-07-24,0.458
NASDAQ,DMLP,2003-04-24,0.206
NASDAQ,DTPI,2009-11-18,0.07
NASDAQ,DTPI,2009-08-28,0.07
NASDAQ,DTPI,2009-06-08,0.07
NASDAQ,DTPI,2008-11-19,0.35
NASDAQ,DTPI,2007-11-16,0.35
NASDAQ,DTPI,2006-11-20,0.3
NASDAQ,DGAS,2009-11-25,0.325
NASDAQ,DGAS,2009-08-27,0.325
NASDAQ,DGAS,2009-05-28,0.32
NASDAQ,DGAS,2009-02-26,0.32
NASDAQ,DGAS,2008-11-26,0.32
NASDAQ,DGAS,2008-08-27,0.32
NASDAQ,DGAS,2008-05-28,0.31
NASDAQ,DGAS,2008-02-27,0.31
NASDAQ,DGAS,2007-11-28,0.31
NASDAQ,DGAS,2007-08-29,0.31
NASDAQ,DGAS,2007-05-30,0.305
NASDAQ,DGAS,2007-02-27,0.305
NASDAQ,DGAS,2006-11-29,0.305
NASDAQ,DGAS,2006-08-30,0.305
NASDAQ,DGAS,2006-05-26,0.3
NASDAQ,DGAS,2006-02-27,0.3
NASDAQ,DGAS,2005-11-29,0.3
NASDAQ,DGAS,2005-08-30,0.3
NASDAQ,DGAS,2005-05-26,0.295
NASDAQ,DGAS,2005-02-24,0.295
NASDAQ,DGAS,2004-11-29,0.295
NASDAQ,DGAS,2004-08-30,0.295
NASDAQ,DGAS,2004-05-27,0.295
NASDAQ,DGAS,2004-02-26,0.295
NASDAQ,DGAS,2003-11-26,0.295
NASDAQ,DGAS,2003-08-27,0.295
NASDAQ,DGAS,2003-05-28,0.295
NASDAQ,DGAS,2003-02-26,0.295
NASDAQ,DGAS,2002-11-26,0.295
NASDAQ,DGAS,2002-08-28,0.295
NASDAQ,DGAS,2002-05-29,0.29
NASDAQ,DGAS,2002-02-27,0.29
NASDAQ,DGAS,2001-11-28,0.29
NASDAQ,DGAS,2001-08-29,0.29
NASDAQ,DGAS,2001-05-30,0.285
NASDAQ,DGAS,2001-02-27,0.285
NASDAQ,DGAS,2000-11-29,0.285
NASDAQ,DGAS,2000-08-29,0.285
NASDAQ,DGAS,2000-05-26,0.285
NASDAQ,DGAS,2000-02-28,0.285
NASDAQ,DGAS,1999-11-29,0.285
NASDAQ,DGAS,1999-08-27,0.285
NASDAQ,DGAS,1999-05-26,0.285
NASDAQ,DGAS,1999-02-25,0.285
NASDAQ,DGAS,1998-11-27,0.285
NASDAQ,DGAS,1998-08-27,0.285
NASDAQ,DGAS,1998-05-28,0.285
NASDAQ,DGAS,1998-02-26,0.285
NASDAQ,DGAS,1997-11-28,0.285
NASDAQ,DGAS,1997-08-28,0.285
NASDAQ,DGAS,1997-05-29,0.285
NASDAQ,DGAS,1997-02-26,0.285
NASDAQ,DGAS,1996-11-27,0.285
NASDAQ,DGAS,1996-08-28,0.285
NASDAQ,DGAS,1996-05-29,0.28
NASDAQ,DGAS,1996-02-27,0.28
NASDAQ,DGAS,1995-11-28,0.28
NASDAQ,DGAS,1995-08-30,0.28
NASDAQ,DGAS,1995-05-25,0.28
NASDAQ,DGAS,1995-02-23,0.28
NASDAQ,DGAS,1994-11-25,0.28
NASDAQ,DGAS,1994-08-26,0.28
NASDAQ,DGAS,1994-05-24,0.28
NASDAQ,DGAS,1994-02-23,0.275
NASDAQ,DGAS,1993-11-24,0.275
NASDAQ,DGAS,1993-08-26,0.275
NASDAQ,DGAS,1993-05-25,0.275
NASDAQ,DGAS,1993-02-24,0.27
NASDAQ,DGAS,1992-11-27,0.27
NASDAQ,DGAS,1992-08-26,0.27
NASDAQ,DGAS,1992-05-28,0.27
NASDAQ,DGAS,1992-02-25,0.27
NASDAQ,DGAS,1991-11-26,0.27
NASDAQ,DGAS,1991-08-26,0.27
NASDAQ,DGAS,1991-05-24,0.27
NASDAQ,DGAS,1991-02-26,0.27
NASDAQ,DGAS,1990-11-26,0.27
NASDAQ,DGAS,1990-08-27,0.27
NASDAQ,DANKY,1999-06-24,0.056
NASDAQ,DANKY,1998-06-24,0.055
NASDAQ,DANKY,1997-12-10,0.048
NASDAQ,DANKY,1997-06-25,0.045
NASDAQ,DANKY,1996-12-13,0.04
NASDAQ,DANKY,1996-06-21,0.035
NASDAQ,DANKY,1995-12-15,0.03
NASDAQ,DANKY,1995-06-27,0.028
NASDAQ,DANKY,1994-12-16,0.028
NASDAQ,DANKY,1994-05-31,0.0225
NASDAQ,DANKY,1993-12-06,0.016
NASDAQ,DANKY,1993-06-07,0.016
NASDAQ,DSWL,2009-12-11,0.1
NASDAQ,DSWL,2009-03-10,0.04
NASDAQ,DSWL,2008-10-21,0.08
NASDAQ,DSWL,2008-10-20,0.08
NASDAQ,DSWL,2008-07-07,0.12
NASDAQ,DSWL,2008-02-29,0.17
NASDAQ,DSWL,2007-11-28,0.1
NASDAQ,DSWL,2007-08-29,0.17
NASDAQ,DSWL,2007-07-24,0.17
NASDAQ,DSWL,2007-07-02,0.17
NASDAQ,DSWL,2007-02-21,0.17
NASDAQ,DSWL,2006-11-28,0.17
NASDAQ,DSWL,2006-08-21,0.17
NASDAQ,DSWL,2006-06-28,0.14
NASDAQ,DSWL,2006-03-29,0.14
NASDAQ,DSWL,2005-12-20,0.16
NASDAQ,DSWL,2005-08-18,0.16
NASDAQ,DSWL,2005-06-24,0.17
NASDAQ,DSWL,2005-03-11,0.17333
NASDAQ,DSWL,2004-11-24,0.16
NASDAQ,DSWL,2004-08-19,0.16
NASDAQ,DSWL,2004-06-23,0.16
NASDAQ,DSWL,2004-03-05,0.16
NASDAQ,DSWL,2003-11-13,0.16
NASDAQ,DSWL,2003-08-27,0.30667
NASDAQ,DSWL,2003-03-06,0.13333
NASDAQ,DSWL,2002-11-19,0.12667
NASDAQ,DSWL,2002-08-19,0.12667
NASDAQ,DSWL,2002-06-13,0.12445
NASDAQ,DSWL,2002-02-07,0.10667
NASDAQ,DSWL,2001-11-08,0.10667
NASDAQ,DSWL,2001-08-16,0.10667
NASDAQ,DSWL,2001-06-20,0.25333
NASDAQ,DSWL,2000-11-20,0.14667
NASDAQ,DSWL,2000-06-20,0.24445
NASDAQ,DSWL,1999-11-19,0.14667
NASDAQ,DSWL,1999-06-11,0.07333
NASDAQ,DSWL,1998-11-19,0.07333
NASDAQ,DSWL,1997-11-28,0.07778
NASDAQ,DSWL,1997-06-12,0.072
NASDAQ,DMND,2010-01-22,0.045
NASDAQ,DMND,2009-10-15,0.045
NASDAQ,DMND,2009-07-22,0.045
NASDAQ,DMND,2009-04-16,0.045
NASDAQ,DMND,2009-01-14,0.045
NASDAQ,DMND,2008-10-14,0.045
NASDAQ,DMND,2008-07-17,0.045
NASDAQ,DMND,2008-04-15,0.045
NASDAQ,DMND,2008-01-18,0.045
NASDAQ,DMND,2007-10-10,0.045
NASDAQ,DMND,2007-07-18,0.03
NASDAQ,DMND,2007-04-11,0.03
NASDAQ,DMND,2007-01-24,0.03
NASDAQ,DMND,2006-10-16,0.03
NASDAQ,DMND,2006-07-13,0.03
NASDAQ,DMND,2006-04-06,0.03
NASDAQ,DMND,2005-12-16,0.03
NASDAQ,DNBK,2009-11-04,0.02
NASDAQ,DNBK,2009-08-05,0.02
NASDAQ,DNBK,2009-05-06,0.02
NASDAQ,DNBK,2009-02-04,0.02
NASDAQ,DNBK,2008-11-05,0.02
NASDAQ,DNBK,2008-08-06,0.02
NASDAQ,DAKT,2009-06-05,0.095
NASDAQ,DAKT,2008-06-06,0.09
NASDAQ,DAKT,2007-06-04,0.07
NASDAQ,DAKT,2006-06-05,0.06
NASDAQ,DAKT,2005-06-10,0.05
NASDAQ,DFR,2008-08-26,0.85
NASDAQ,DFR,2007-12-26,4.2
NASDAQ,DFR,2007-11-02,4.2
NASDAQ,DFR,2007-08-03,4.2
NASDAQ,DFR,2007-05-03,4.2
NASDAQ,DFR,2006-12-27,4.2
NASDAQ,DFR,2006-11-03,4.0
NASDAQ,DFR,2006-08-02,3.8
NASDAQ,DFR,2006-05-02,3.6
NASDAQ,DFR,2005-12-28,3.5
NASDAQ,DFR,2005-11-03,3.0
NASDAQ,DASTY,2009-06-17,0.644
NASDAQ,DASTY,2008-06-12,0.715
NASDAQ,DASTY,2007-06-26,0.591
NASDAQ,DASTY,2006-06-29,0.533
NASDAQ,DASTY,2005-06-23,0.479
NASDAQ,DASTY,2004-06-17,0.405
NASDAQ,DASTY,2003-06-13,0.373
NASDAQ,DASTY,2002-06-13,0.297
NASDAQ,DASTY,2001-06-20,0.264
NASDAQ,DASTY,2000-06-28,0.243
NASDAQ,DASTY,1999-06-28,0.04
NASDAQ,DASTY,1998-06-26,0.035
NASDAQ,DASTY,1997-07-15,0.0275
NASDAQ,DASTY,1997-06-26,0.0275
NASDAQ,DCOM,2010-01-28,0.14
NASDAQ,DCOM,2009-10-28,0.14
NASDAQ,DCOM,2009-07-29,0.14
NASDAQ,DCOM,2009-04-28,0.14
NASDAQ,DCOM,2009-01-29,0.14
NASDAQ,DCOM,2008-10-29,0.14
NASDAQ,DCOM,2008-07-29,0.14
NASDAQ,DCOM,2008-04-28,0.14
NASDAQ,DCOM,2008-01-29,0.14
NASDAQ,DCOM,2007-10-29,0.14
NASDAQ,DCOM,2007-07-27,0.14
NASDAQ,DCOM,2007-04-26,0.14
NASDAQ,DCOM,2007-01-29,0.14
NASDAQ,DCOM,2006-10-30,0.14
NASDAQ,DCOM,2006-08-02,0.14
NASDAQ,DCOM,2006-04-27,0.14
NASDAQ,DCOM,2006-01-27,0.14
NASDAQ,DCOM,2005-10-28,0.14
NASDAQ,DCOM,2005-07-28,0.14
NASDAQ,DCOM,2005-04-28,0.14
NASDAQ,DCOM,2005-01-27,0.14
NASDAQ,DCOM,2004-10-28,0.14
NASDAQ,DCOM,2004-07-28,0.14
NASDAQ,DCOM,2004-04-28,0.14
NASDAQ,DCOM,2004-01-28,0.13333
NASDAQ,DCOM,2003-10-28,0.11333
NASDAQ,DCOM,2003-07-29,0.11333
NASDAQ,DCOM,2003-04-28,0.09333
NASDAQ,DCOM,2003-01-28,0.09333
NASDAQ,DCOM,2002-10-29,0.08
NASDAQ,DCOM,2002-07-29,0.08
NASDAQ,DCOM,2002-04-26,0.06667
NASDAQ,DCOM,2002-01-25,0.06667
NASDAQ,DCOM,2001-10-26,0.06667
NASDAQ,DCOM,2001-07-26,0.0563
NASDAQ,DCOM,2001-04-26,0.0563
NASDAQ,DCOM,2001-01-26,0.0563
NASDAQ,DCOM,2000-10-27,0.0563
NASDAQ,DCOM,2000-07-26,0.0563
NASDAQ,DCOM,2000-04-26,0.05037
NASDAQ,DCOM,2000-01-24,0.05037
NASDAQ,DCOM,1999-10-27,0.05037
NASDAQ,DCOM,1999-07-28,0.04445
NASDAQ,DCOM,1999-04-28,0.04445
NASDAQ,DCOM,1999-01-27,0.04148
NASDAQ,DCOM,1998-10-21,0.03555
NASDAQ,DCOM,1998-07-29,0.02963
NASDAQ,DCOM,1998-04-22,0.02667
NASDAQ,DCOM,1998-01-28,0.0237
NASDAQ,DCOM,1997-10-27,0.01778
NASDAQ,DBLEP,2009-12-17,0.578
NASDAQ,DBLEP,2009-09-16,0.578
NASDAQ,DBLEP,2009-06-17,0.578
NASDAQ,DBLEP,2009-03-18,0.578
NASDAQ,DBLEP,2008-12-17,0.578
NASDAQ,DBLEP,2008-09-17,0.578
NASDAQ,DBLEP,2008-06-18,0.578
NASDAQ,DBLEP,2008-03-18,0.578
NASDAQ,DBLEP,2007-12-19,0.578
NASDAQ,DBLEP,2007-09-26,0.546
NASDAQ,DSPG,2002-11-04,1.757
NASDAQ,DROOY,2009-10-07,0.063
NASDAQ,DROOY,2008-10-08,0.128
NASDAQ,DROOY,2005-07-20,0.02
NASDAQ,DHFT,2009-12-17,0.12
NASDAQ,DHFT,2009-08-20,0.21
NASDAQ,DHFT,2008-12-16,0.1
NASDAQ,DHFT,2008-08-27,0.325
NASDAQ,DHFT,2007-12-18,2.155
NASDAQ,DHFT,2007-07-31,0.337
NASDAQ,DHFT,2006-12-19,0.967
NASDAQ,DHFT,2006-08-01,0.187
NASDAQ,DHFT,2005-12-20,0.412
NASDAQ,DHFT,2005-08-02,0.412
NASDAQ,DHFT,2004-12-21,1.066
NASDAQ,DHFT,2004-08-11,0.1
NASDAQ,DHFT,2003-12-23,0.655
NASDAQ,DHFT,2003-08-05,0.08
NASDAQ,DHFT,2002-12-23,0.701
NASDAQ,DHFT,2002-07-30,0.08
NASDAQ,DHFT,2001-12-24,2.47
NASDAQ,DHFT,2001-08-03,0.15
NASDAQ,DHFT,2000-12-19,2.489
NASDAQ,DHFT,2000-08-01,0.2
NASDAQ,DHFT,1999-12-16,2.493
NASDAQ,DHFT,1999-08-04,0.01
NASDAQ,DHFT,1998-12-17,2.132
NASDAQ,DHFT,1998-07-23,0.01
NASDAQ,DHFT,1997-12-24,0.01
NASDAQ,DHFT,1997-12-19,0.01
NASDAQ,DHFT,1997-07-24,0.01
NASDAQ,DHFT,1997-01-31,0.01
NASDAQ,DHFT,1995-12-20,0.01
NASDAQ,DHFT,1994-12-19,0.01
NASDAQ,DHFT,1993-12-17,0.01
NASDAQ,DHIL,2008-10-10,10.0
NASDAQ,DRYS,2008-10-10,0.2
NASDAQ,DRYS,2008-08-06,0.2
NASDAQ,DRYS,2008-04-15,0.2
NASDAQ,DRYS,2008-01-16,0.2
NASDAQ,DRYS,2007-10-11,0.2
NASDAQ,DRYS,2007-07-12,0.2
NASDAQ,DRYS,2007-04-12,0.2
NASDAQ,DRYS,2007-01-12,0.2
NASDAQ,DRYS,2006-09-27,0.2
NASDAQ,DRYS,2006-06-28,0.2
NASDAQ,DRYS,2006-04-12,0.2
NASDAQ,DRYS,2006-01-12,0.2
NASDAQ,DRYS,2005-09-28,0.2
NASDAQ,DRYS,2005-06-24,0.2
NASDAQ,DNBF,2009-12-08,0.03
NASDAQ,DNBF,2009-09-08,0.065
NASDAQ,DNBF,2009-06-08,0.065
NASDAQ,DNBF,2009-03-06,0.065
NASDAQ,DNBF,2008-12-24,0.065
NASDAQ,DNBF,2008-09-08,0.13
NASDAQ,DNBF,2008-06-06,0.13
NASDAQ,DNBF,2008-03-11,0.13
NASDAQ,DNBF,2007-12-06,0.12381
NASDAQ,DNBF,2007-09-06,0.12381
NASDAQ,DNBF,2007-06-06,0.12381
NASDAQ,DNBF,2007-03-07,0.12381
NASDAQ,DNBF,2006-12-07,0.11791
NASDAQ,DNBF,2006-09-06,0.11791
NASDAQ,DNBF,2006-06-07,0.11791
NASDAQ,DNBF,2006-03-08,0.11791
NASDAQ,DNBF,2005-12-07,0.1123
NASDAQ,DNBF,2005-09-07,0.1123
NASDAQ,DNBF,2005-06-08,0.1123
NASDAQ,DNBF,2005-03-08,0.1123
NASDAQ,DNBF,2004-12-08,0.10695
NASDAQ,DNBF,2004-09-08,0.10695
NASDAQ,DNBF,2004-06-08,0.10695
NASDAQ,DNBF,2004-03-08,0.10695
NASDAQ,DNBF,2003-12-08,0.10186
NASDAQ,DNBF,2003-09-08,0.10186
NASDAQ,DNBF,2003-06-06,0.10186
NASDAQ,DNBF,2003-03-06,0.10186
NASDAQ,DNBF,2002-12-06,0.10186
NASDAQ,DNBF,2002-09-06,0.10186
NASDAQ,DNBF,2002-06-06,0.10186
NASDAQ,DNBF,2002-03-06,0.10186
NASDAQ,DNBF,2001-12-06,0.09701
NASDAQ,DNBF,2001-09-06,0.09701
NASDAQ,DNBF,2001-06-06,0.09701
NASDAQ,DNBF,2000-09-06,0.09239
