exchange,stock_symbol,date,dividends
NASDAQ,SMHG,2009-12-30,0.045
NASDAQ,SMHG,2009-09-29,0.045
NASDAQ,SMHG,2009-06-29,0.045
NASDAQ,SMHG,2009-03-31,0.045
NASDAQ,SMHG,2008-12-31,0.045
NASDAQ,SMHG,2008-09-29,0.045
NASDAQ,SMHG,2008-06-26,0.045
NASDAQ,SMHG,2008-03-31,0.045
NASDAQ,SMHG,2007-12-31,0.045
NASDAQ,SMHG,2007-10-01,0.045
NASDAQ,SMHG,2007-06-27,0.045
NASDAQ,SMHG,2007-03-30,0.045
NASDAQ,SMHG,2006-12-29,0.045
NASDAQ,SMHG,2006-09-29,0.045
NASDAQ,SMHG,2006-06-28,0.045
NASDAQ,SMHG,2006-03-29,0.045
NASDAQ,SMHG,2005-12-29,0.045
NASDAQ,SMHG,2005-09-29,0.045
NASDAQ,SMHG,2005-06-29,0.045
NASDAQ,SMHG,2005-03-30,0.045
NASDAQ,SMHG,2004-12-30,0.038
NASDAQ,SMHG,2004-09-29,0.038
NASDAQ,SMHG,2004-06-29,0.038
NASDAQ,SMHG,2004-03-30,0.038
NASDAQ,SMHG,2003-12-29,0.03
NASDAQ,SMHG,2003-09-29,0.03
NASDAQ,SMHG,2003-06-27,0.03
NASDAQ,SMHG,2003-03-28,0.03
NASDAQ,SMHG,2002-12-17,0.025
NASDAQ,SMHG,2002-09-24,0.025
NASDAQ,SMHG,2002-06-21,0.025
NASDAQ,SMHG,2002-03-21,0.025
NASDAQ,STBK,2007-08-08,0.02857
NASDAQ,STBK,2007-05-02,0.02857
NASDAQ,STBK,2007-02-01,0.02857
NASDAQ,STBK,2006-11-06,0.02857
NASDAQ,STBK,2006-08-09,0.02721
NASDAQ,STBK,2006-05-11,0.02721
NASDAQ,STBK,2006-02-08,0.02721
NASDAQ,STBK,2005-11-08,0.02721
NASDAQ,STBK,2005-08-15,0.02721
NASDAQ,STBK,2005-05-16,0.02721
NASDAQ,STBK,2005-02-09,0.02721
NASDAQ,STBK,2004-11-08,0.01814
NASDAQ,STBK,2004-08-10,0.01814
NASDAQ,STBK,2004-05-10,0.01728
NASDAQ,STBK,2004-02-10,0.01728
NASDAQ,STRZ,2008-05-02,0.6
NASDAQ,STRZ,2007-05-04,0.6
NASDAQ,STRZ,2006-05-09,0.85
NASDAQ,STRZ,2005-05-10,0.75
NASDAQ,STRZ,2004-05-05,0.5
NASDAQ,SEIC,2009-12-31,0.09
NASDAQ,SEIC,2009-06-16,0.08
NASDAQ,SEIC,2009-01-02,0.08
NASDAQ,SEIC,2008-06-13,0.08
NASDAQ,SEIC,2008-01-02,0.07
NASDAQ,SEIC,2007-06-06,0.07
NASDAQ,SEIC,2006-12-29,0.06
NASDAQ,SEIC,2006-06-06,0.06
NASDAQ,SEIC,2005-12-29,0.055
NASDAQ,SEIC,2005-06-06,0.055
NASDAQ,SEIC,2004-12-31,0.05
NASDAQ,SEIC,2004-06-04,0.05
NASDAQ,SEIC,2004-01-02,0.045
NASDAQ,SEIC,2003-06-05,0.035
NASDAQ,SEIC,2002-12-31,0.03
NASDAQ,SEIC,2002-05-23,0.03
NASDAQ,SEIC,2002-01-02,0.025
NASDAQ,SEIC,2001-06-08,0.025
NASDAQ,SEIC,2001-01-04,0.02
NASDAQ,SEIC,2000-06-01,0.02
NASDAQ,SEIC,2000-01-05,0.01666
NASDAQ,SEIC,1999-06-14,0.00833
NASDAQ,SEIC,1998-12-31,0.00666
NASDAQ,SEIC,1998-06-12,0.00666
NASDAQ,SEIC,1997-12-29,0.00583
NASDAQ,SEIC,1997-06-10,0.00583
NASDAQ,SEIC,1996-12-27,0.005
NASDAQ,SEIC,1996-06-10,0.005
NASDAQ,SEIC,1995-12-27,0.00417
NASDAQ,SEIC,1995-06-02,0.00417
NASDAQ,SEIC,1993-12-17,0.0025
NASDAQ,SEIC,1993-06-15,0.0025
NASDAQ,SEIC,1992-12-21,0.00154
NASDAQ,SEIC,1992-06-15,0.00154
NASDAQ,SEIC,1991-12-12,0.00154
NASDAQ,SEIC,1991-06-12,0.00104
NASDAQ,SEIC,1990-06-12,0.00104
NASDAQ,SSFN,2010-01-13,0.09
NASDAQ,SSFN,2009-10-13,0.09
NASDAQ,SSFN,2009-07-13,0.09048
NASDAQ,SSFN,2009-04-13,0.09048
NASDAQ,SSFN,2009-01-13,0.09048
NASDAQ,SSFN,2008-10-10,0.08571
NASDAQ,SSFN,2008-07-11,0.08617
NASDAQ,SSFN,2008-04-11,0.08163
NASDAQ,SSFN,2008-01-11,0.08163
NASDAQ,SSFN,2007-10-11,0.078
NASDAQ,SSFN,2007-07-11,0.07774
NASDAQ,SSFN,2007-04-11,0.07774
NASDAQ,SSFN,2007-01-10,0.07774
NASDAQ,SSFN,2006-10-11,0.06565
NASDAQ,SSFN,2006-07-12,0.06581
NASDAQ,SSFN,2006-04-11,0.06581
NASDAQ,SSFN,2006-01-11,0.06581
NASDAQ,SSFN,2005-07-13,0.05486
NASDAQ,SSFN,2005-04-13,0.05289
NASDAQ,SSFN,2005-01-12,0.05289
NASDAQ,SSFN,2004-07-13,0.04477
NASDAQ,SSFN,2004-04-13,0.04477
NASDAQ,SSFN,2004-01-13,0.04477
NASDAQ,SSFN,2003-07-11,0.03731
NASDAQ,SSFN,2003-04-11,0.03553
NASDAQ,SSFN,2003-01-13,0.03553
NASDAQ,SSFN,2002-10-10,0.03199
NASDAQ,SSFN,2002-07-11,0.03046
NASDAQ,SSFN,2002-04-11,0.03046
NASDAQ,SSFN,2002-01-11,0.03046
NASDAQ,SSFN,2001-10-11,0.02707
NASDAQ,SSFN,2001-07-12,0.02579
NASDAQ,SSFN,2001-04-10,0.02579
NASDAQ,STBA,2010-01-28,0.15
NASDAQ,STBA,2009-09-28,0.15
NASDAQ,STBA,2009-06-26,0.15
NASDAQ,STBA,2009-03-27,0.31
NASDAQ,STBA,2008-12-29,0.31
NASDAQ,STBA,2008-09-29,0.31
NASDAQ,STBA,2008-06-27,0.31
NASDAQ,STBA,2008-03-28,0.31
NASDAQ,STBA,2007-12-27,0.31
NASDAQ,STBA,2007-09-27,0.3
NASDAQ,STBA,2007-06-27,0.3
NASDAQ,STBA,2007-03-28,0.3
NASDAQ,STBA,2006-12-27,0.3
NASDAQ,STBA,2006-09-27,0.29
NASDAQ,STBA,2006-06-28,0.29
NASDAQ,STBA,2006-03-29,0.29
NASDAQ,STBA,2005-12-28,0.29
NASDAQ,STBA,2005-09-28,0.28
NASDAQ,STBA,2005-06-29,0.28
NASDAQ,STBA,2005-03-30,0.28
NASDAQ,STBA,2004-12-29,0.27
NASDAQ,STBA,2004-09-29,0.27
NASDAQ,STBA,2004-06-28,0.27
NASDAQ,STBA,2004-03-29,0.26
NASDAQ,STBA,2003-12-29,0.26
NASDAQ,STBA,2003-09-29,0.26
NASDAQ,STBA,2003-06-27,0.25
NASDAQ,STBA,2003-03-28,0.25
NASDAQ,STBA,2002-12-27,0.25
NASDAQ,STBA,2002-09-27,0.24
NASDAQ,STBA,2002-06-27,0.24
NASDAQ,STBA,2002-03-27,0.24
NASDAQ,STBA,2001-12-27,0.24
NASDAQ,STBA,2001-09-27,0.23
NASDAQ,STBA,2001-06-27,0.23
NASDAQ,STBA,2001-03-28,0.22
NASDAQ,STBA,2000-12-27,0.22
NASDAQ,STBA,2000-09-27,0.21
NASDAQ,STBA,2000-06-28,0.21
NASDAQ,STBA,2000-03-29,0.2
NASDAQ,STBA,1999-12-29,0.2
NASDAQ,STBA,1999-09-29,0.19
NASDAQ,STBA,1999-06-29,0.19
NASDAQ,STBA,1999-03-30,0.18
NASDAQ,STBA,1998-12-29,0.18
NASDAQ,STBA,1998-09-29,0.165
NASDAQ,STBA,1998-06-29,0.165
NASDAQ,STBA,1998-03-30,0.15
NASDAQ,STBA,1997-12-29,0.15
NASDAQ,STBA,1997-09-29,0.14
NASDAQ,STBA,1997-06-27,0.14
NASDAQ,STBA,1997-03-27,0.125
NASDAQ,STBA,1996-12-30,0.125
NASDAQ,STBA,1996-09-27,0.12
NASDAQ,STBA,1996-06-27,0.12
NASDAQ,STBA,1996-03-28,0.105
NASDAQ,STBA,1995-12-28,0.105
NASDAQ,STBA,1995-09-28,0.09
NASDAQ,STBA,1995-06-29,0.09
NASDAQ,STBA,1995-03-28,0.075
NASDAQ,STBA,1994-12-27,0.075
NASDAQ,STBA,1994-09-27,0.075
NASDAQ,STBA,1994-06-27,0.0675
NASDAQ,STBA,1994-03-25,0.0675
NASDAQ,STBA,1993-12-28,0.0625
NASDAQ,STBA,1993-10-08,0.0625
NASDAQ,STBA,1993-09-27,0.0625
NASDAQ,STBA,1993-06-28,0.0625
NASDAQ,STBA,1993-03-26,0.055
NASDAQ,STBA,1992-12-28,0.055
NASDAQ,STBA,1992-09-25,0.05
NASDAQ,SMTB,2009-09-09,0.04
NASDAQ,SMTB,2009-06-10,0.04
NASDAQ,SMTB,2009-03-11,0.04
NASDAQ,SMTB,2008-12-10,0.04
NASDAQ,SMTB,2008-09-10,0.04
NASDAQ,SMTB,2008-06-11,0.04
NASDAQ,SMTB,2008-03-12,0.04
NASDAQ,SMTB,2007-12-12,0.04
NASDAQ,SMTB,2007-09-12,0.04
NASDAQ,SMTB,2007-06-13,0.04
NASDAQ,SMTB,2007-03-14,0.036
NASDAQ,SMTB,2006-12-13,0.03636
NASDAQ,SMTB,2006-09-13,0.03636
NASDAQ,SMTB,2006-06-14,0.03636
NASDAQ,SMTB,2006-03-15,0.03636
NASDAQ,SMTB,2005-12-14,0.03636
NASDAQ,SMTB,2005-09-14,0.03636
NASDAQ,SMTB,2005-06-15,0.03636
NASDAQ,SMTB,2005-03-16,0.03636
NASDAQ,SMTB,2004-12-15,0.0303
NASDAQ,SMTB,2004-09-15,0.0303
NASDAQ,SMTB,2004-06-16,0.0303
NASDAQ,SMTB,2004-03-17,0.0303
NASDAQ,SMTB,2003-12-18,0.02727
NASDAQ,SMTB,2003-09-17,0.02727
NASDAQ,SMTB,2003-06-20,0.02727
NASDAQ,SMTB,2003-03-19,0.02727
NASDAQ,SMTB,2002-12-16,0.02273
NASDAQ,SMTB,2002-09-18,0.02273
NASDAQ,SMTB,2002-06-19,0.02273
NASDAQ,SMTB,2002-03-18,0.02273
NASDAQ,SMTB,2001-12-20,0.0197
NASDAQ,SMTB,2001-09-20,0.0197
NASDAQ,SMTB,2001-06-18,0.0197
NASDAQ,SMTB,2001-03-14,0.0197
NASDAQ,SMTB,2000-12-13,0.01818
NASDAQ,SCMR,2009-12-16,10.0
NASDAQ,SHLO,2008-02-29,1.0
NASDAQ,SHLO,2007-01-03,2.5
NASDAQ,SPAN,2009-11-18,0.1
NASDAQ,SPAN,2009-08-17,0.09
NASDAQ,SPAN,2009-05-20,0.09
NASDAQ,SPAN,2009-02-19,0.09
NASDAQ,SPAN,2008-11-17,0.09
NASDAQ,SPAN,2008-08-13,0.09
NASDAQ,SPAN,2008-05-13,0.09
NASDAQ,SPAN,2008-02-15,0.08
NASDAQ,SPAN,2007-11-13,0.08
NASDAQ,SPAN,2007-08-17,0.08
NASDAQ,SPAN,2007-06-07,5.0
NASDAQ,SPAN,2007-05-21,0.08
NASDAQ,SPAN,2007-02-14,0.08
NASDAQ,SPAN,2006-11-15,0.06
NASDAQ,SPAN,2006-08-15,0.06
NASDAQ,SPAN,2006-05-11,0.045
NASDAQ,SPAN,2006-02-13,0.045
NASDAQ,SPAN,2005-11-10,0.045
NASDAQ,SPAN,2005-08-15,0.045
NASDAQ,SPAN,2005-05-12,0.04
NASDAQ,SPAN,2005-02-18,0.04
NASDAQ,SPAN,2004-12-20,0.4
NASDAQ,SPAN,2004-11-16,0.04
NASDAQ,SPAN,2004-08-12,0.04
NASDAQ,SPAN,2004-05-12,0.035
NASDAQ,SPAN,2004-02-11,0.035
NASDAQ,SPAN,2003-11-13,0.035
NASDAQ,SPAN,2003-08-13,0.035
NASDAQ,SPAN,2003-05-13,0.035
NASDAQ,SPAN,2003-02-12,0.035
NASDAQ,SPAN,2002-11-13,0.035
NASDAQ,SPAN,2002-08-13,0.03
NASDAQ,SPAN,2002-05-13,0.03
NASDAQ,SPAN,2002-02-13,0.03
NASDAQ,SPAN,2001-11-14,0.03
NASDAQ,SPAN,2001-08-13,0.03
NASDAQ,SPAN,2001-05-11,0.03
NASDAQ,SPAN,2001-02-13,0.03
NASDAQ,SPAN,2000-11-14,0.03
NASDAQ,SPAN,2000-08-11,0.03
NASDAQ,SPAN,2000-05-11,0.03
NASDAQ,SPAN,2000-02-11,0.025
NASDAQ,SPAN,1999-11-12,0.025
NASDAQ,SPAN,1999-08-12,0.025
NASDAQ,SPAN,1999-05-13,0.025
NASDAQ,SPAN,1999-02-10,0.025
NASDAQ,SPAN,1998-11-12,0.025
NASDAQ,SPAN,1998-08-12,0.025
NASDAQ,SPAN,1998-05-13,0.025
NASDAQ,SPAN,1998-02-11,0.025
NASDAQ,SPAN,1997-11-13,0.025
NASDAQ,SPAN,1997-08-13,0.025
NASDAQ,SPAN,1997-05-13,0.025
NASDAQ,SPAN,1997-02-12,0.025
NASDAQ,SPAN,1996-11-13,0.025
NASDAQ,SPAN,1996-08-13,0.025
NASDAQ,SPAN,1996-05-15,0.025
NASDAQ,SPAN,1996-02-13,0.025
NASDAQ,SPAN,1995-11-13,0.025
NASDAQ,SPAN,1995-08-11,0.025
NASDAQ,SPAN,1995-05-11,0.025
NASDAQ,SPAN,1995-02-09,0.025
NASDAQ,SPAN,1994-11-08,0.025
NASDAQ,SPAN,1994-08-09,0.025
NASDAQ,SPAN,1994-05-12,0.025
NASDAQ,SPAN,1994-02-10,0.025
NASDAQ,SPAN,1993-11-10,0.025
NASDAQ,SPAN,1993-08-10,0.025
NASDAQ,SPAN,1993-05-12,0.025
NASDAQ,SPAN,1992-11-12,0.025
NASDAQ,SPAN,1992-07-29,0.025
NASDAQ,SPAN,1992-05-12,0.025
NASDAQ,SPAN,1992-02-13,0.025
NASDAQ,SPAN,1991-11-18,0.025
NASDAQ,SPAN,1991-05-09,0.02
NASDAQ,SPAN,1991-02-11,0.02
NASDAQ,SCBT,2009-11-04,0.17
NASDAQ,SCBT,2009-08-05,0.17
NASDAQ,SCBT,2009-05-13,0.17
NASDAQ,SCBT,2009-02-04,0.17
NASDAQ,SCBT,2008-10-29,0.17
NASDAQ,SCBT,2008-07-30,0.17
NASDAQ,SCBT,2008-05-07,0.17
NASDAQ,SCBT,2008-01-30,0.17
NASDAQ,SCBT,2007-10-31,0.17
NASDAQ,SCBT,2007-08-01,0.17
NASDAQ,SCBT,2007-05-09,0.17
NASDAQ,SCBT,2007-01-31,0.1619
NASDAQ,SCBT,2006-11-01,0.1619
NASDAQ,SCBT,2006-08-02,0.1619
NASDAQ,SCBT,2006-05-11,0.1619
NASDAQ,SCBT,2006-05-10,0.1619
NASDAQ,SCBT,2006-02-01,0.1619
NASDAQ,SCBT,2005-11-02,0.1619
NASDAQ,SCBT,2005-08-03,0.1619
NASDAQ,SCBT,2005-05-11,0.1619
NASDAQ,SCBT,2005-02-02,0.1619
NASDAQ,SCBT,2004-11-03,0.15419
NASDAQ,SCBT,2004-07-28,0.15419
NASDAQ,SCBT,2004-05-12,0.15419
NASDAQ,SCBT,2004-01-28,0.15419
NASDAQ,SCBT,2003-10-29,0.15419
NASDAQ,SCBT,2003-07-30,0.15419
NASDAQ,SCBT,2003-04-30,0.14512
NASDAQ,SCBT,2003-02-05,0.14512
NASDAQ,SCBT,2002-10-30,0.13192
NASDAQ,SCBT,2002-07-31,0.13192
NASDAQ,SCBT,2002-05-01,0.13192
NASDAQ,SCBT,2002-01-30,0.12369
NASDAQ,SCBT,2001-10-31,0.12369
NASDAQ,SCBT,2001-08-01,0.11544
NASDAQ,SCBT,2001-05-02,0.11544
NASDAQ,SCBT,2001-01-31,0.11544
NASDAQ,SCBT,2000-11-01,0.11544
NASDAQ,SCBT,2000-08-02,0.11544
NASDAQ,SCBT,2000-05-10,0.10719
NASDAQ,SCBT,2000-02-02,0.10719
NASDAQ,SCBT,1999-11-10,0.10719
NASDAQ,SCBT,1999-07-28,0.10719
NASDAQ,SCBT,1999-04-28,0.10719
NASDAQ,SCBT,1999-02-03,0.10719
NASDAQ,SCBT,1998-10-21,0.09745
NASDAQ,SCBT,1998-07-22,0.09745
NASDAQ,SCBT,1998-04-22,0.08246
NASDAQ,SCBT,1998-01-21,0.08246
NASDAQ,SCBT,1997-10-22,0.08246
NASDAQ,SCBT,1997-07-23,0.07496
NASDAQ,SCBT,1997-04-23,0.07121
NASDAQ,SAVB,2010-02-03,0.02
NASDAQ,SAVB,2009-10-28,0.02
NASDAQ,SAVB,2009-07-29,0.02
NASDAQ,SAVB,2009-04-29,0.02
NASDAQ,SAVB,2009-02-04,0.125
NASDAQ,SAVB,2008-10-29,0.125
NASDAQ,SAVB,2008-07-30,0.125
NASDAQ,SAVB,2008-04-30,0.125
NASDAQ,SAVB,2008-02-06,0.125
NASDAQ,SAVB,2007-10-24,0.12
NASDAQ,SAVB,2007-07-25,0.12
NASDAQ,SAVB,2007-04-25,0.12
NASDAQ,SAVB,2007-02-07,0.12
NASDAQ,SAVB,2006-10-25,0.112
NASDAQ,SAVB,2006-07-26,0.112
NASDAQ,SAVB,2006-04-26,0.112
NASDAQ,SAVB,2006-02-08,0.112
NASDAQ,SAVB,2005-10-26,0.108
NASDAQ,SAVB,2005-07-27,0.108
NASDAQ,SAVB,2005-04-27,0.108
NASDAQ,SAVB,2005-02-03,0.108
NASDAQ,SAVB,2004-10-27,0.1056
NASDAQ,SAVB,2004-07-28,0.1056
NASDAQ,SAVB,2004-05-05,0.1056
NASDAQ,SAVB,2004-02-12,0.1024
NASDAQ,SAVB,2003-10-29,0.1024
NASDAQ,SAVB,2003-07-23,0.1024
NASDAQ,SAVB,2003-04-23,0.1024
NASDAQ,SAVB,2003-02-05,0.09891
NASDAQ,SAVB,2002-10-23,0.09891
NASDAQ,SAVB,2002-07-24,0.09891
NASDAQ,SAVB,2002-04-23,0.09891
NASDAQ,SAVB,2002-02-06,0.09309
NASDAQ,SAVB,2001-10-24,0.09309
NASDAQ,SAVB,2001-07-25,0.09309
NASDAQ,SAVB,2001-04-25,0.09309
NASDAQ,SAVB,2001-01-31,0.07934
NASDAQ,SAVB,2000-10-25,0.07934
NASDAQ,SAVB,2000-04-26,0.07934
NASDAQ,SAVB,2000-01-26,0.06347
NASDAQ,SAVB,1999-10-27,0.06347
NASDAQ,SAVB,1999-07-28,0.06347
NASDAQ,SAVB,1999-04-28,0.06347
NASDAQ,SAVB,1999-01-29,0.0529
NASDAQ,SAVB,1998-10-28,0.0529
NASDAQ,SAVB,1998-07-29,0.0529
NASDAQ,SAVB,1998-04-29,0.0529
NASDAQ,SAVB,1998-02-04,0.02115
NASDAQ,SAVB,1997-10-29,0.02115
NASDAQ,SAVB,1997-07-30,0.02115
NASDAQ,SAVB,1997-04-30,0.02115
NASDAQ,SAVB,1997-02-05,0.01058
NASDAQ,SAVB,1996-10-30,0.01058
NASDAQ,SAVB,1996-07-31,0.01058
NASDAQ,SAVB,1996-05-01,0.01058
NASDAQ,SAVB,1996-01-31,0.00882
NASDAQ,SAVB,1995-11-01,0.00882
NASDAQ,SPLS,2009-12-21,0.083
NASDAQ,SPLS,2009-09-23,0.083
NASDAQ,SPLS,2009-06-24,0.083
NASDAQ,SPLS,2009-03-25,0.083
NASDAQ,SPLS,2008-03-26,0.33
NASDAQ,SPLS,2007-03-28,0.29
NASDAQ,SPLS,2006-03-29,0.22
NASDAQ,SPLS,2005-03-23,0.16667
NASDAQ,SPLS,2004-04-22,0.13333
NASDAQ,SIEB,2008-06-19,0.1
NASDAQ,SIEB,2007-06-18,0.12
NASDAQ,SIEB,2006-08-17,0.08
NASDAQ,SIEB,2001-06-19,0.04
NASDAQ,SIEB,2000-06-19,0.04
NASDAQ,SIEB,1999-10-19,0.04
NASDAQ,SIEB,1999-07-02,0.04
NASDAQ,SIEB,1999-03-31,0.04
NASDAQ,SIEB,1999-01-13,0.04
NASDAQ,SIEB,1998-10-07,0.03
NASDAQ,SIEB,1998-07-07,0.03
NASDAQ,SIEB,1998-03-18,0.0225
NASDAQ,SIEB,1997-12-26,0.0225
NASDAQ,SIEB,1996-11-12,2.875
NASDAQ,SIEB,1996-10-31,0.0225
NASDAQ,SIEB,1995-10-31,0.0225
NASDAQ,SIEB,1995-08-01,0.0225
NASDAQ,SIEB,1995-04-28,0.0225
NASDAQ,SIEB,1995-01-27,0.0225
NASDAQ,SIEB,1994-10-28,0.0225
NASDAQ,SIEB,1994-07-29,0.0225
NASDAQ,SIEB,1994-04-29,0.0225
NASDAQ,SIEB,1993-10-28,0.0225
NASDAQ,SIEB,1993-04-29,0.0225
NASDAQ,SPIL,2009-07-13,0.274
NASDAQ,SPIL,2008-07-24,0.74
NASDAQ,SPIL,2007-07-27,0.49604
NASDAQ,SPIL,2006-08-01,0.22871
NASDAQ,SPIL,2005-07-28,0.09845
NASDAQ,SAFT,2009-11-27,0.4
NASDAQ,SAFT,2009-08-28,0.4
NASDAQ,SAFT,2009-05-28,0.4
NASDAQ,SAFT,2009-02-26,0.4
NASDAQ,SAFT,2008-11-26,0.4
NASDAQ,SAFT,2008-08-28,0.4
NASDAQ,SAFT,2008-05-29,0.4
NASDAQ,SAFT,2008-02-28,0.4
NASDAQ,SAFT,2007-11-29,0.4
NASDAQ,SAFT,2007-08-29,0.4
NASDAQ,SAFT,2007-05-30,0.25
NASDAQ,SAFT,2007-02-27,0.25
NASDAQ,SAFT,2006-11-29,0.25
NASDAQ,SAFT,2006-08-30,0.25
NASDAQ,SAFT,2006-05-30,0.18
NASDAQ,SAFT,2006-02-27,0.18
NASDAQ,SAFT,2005-11-29,0.18
NASDAQ,SAFT,2005-08-30,0.18
NASDAQ,SAFT,2005-05-27,0.12
NASDAQ,SAFT,2005-02-25,0.12
NASDAQ,SAFT,2004-11-29,0.12
NASDAQ,SAFT,2004-08-30,0.12
NASDAQ,SAFT,2004-05-27,0.1
NASDAQ,SAFT,2004-02-26,0.1
NASDAQ,SAFT,2003-11-26,0.1
NASDAQ,SAFT,2003-08-27,0.1
NASDAQ,SAFT,2003-05-29,0.07
NASDAQ,SAFT,2003-02-27,0.07
NASDAQ,SPAR,2009-11-12,0.05
NASDAQ,SPAR,2009-04-13,0.08
NASDAQ,SPAR,2008-11-13,0.05
NASDAQ,SPAR,2008-05-14,0.05
NASDAQ,SPAR,2007-11-09,0.08
NASDAQ,SPAR,2007-05-11,0.05333
NASDAQ,SPAR,2006-11-13,0.07111
NASDAQ,SPAR,2006-05-11,0.04889
NASDAQ,SPAR,2005-11-10,0.06667
NASDAQ,SPAR,2005-05-11,0.04889
NASDAQ,SPAR,2004-11-10,0.06222
NASDAQ,SPAR,2004-05-12,0.03555
NASDAQ,SPAR,2003-11-12,0.06667
NASDAQ,SPAR,2003-05-14,0.02222
NASDAQ,SPAR,2002-10-23,0.02667
NASDAQ,SPAR,2002-05-23,0.04445
NASDAQ,SPAR,2001-06-05,0.03111
NASDAQ,SPAR,2001-05-24,0.03111
NASDAQ,SPAR,2000-06-05,0.03111
NASDAQ,SPAR,2000-05-26,0.03111
NASDAQ,SPAR,1999-05-26,0.008
NASDAQ,SPAR,1998-05-27,0.008
NASDAQ,SPAR,1998-04-16,0.008
NASDAQ,SPAR,1997-04-16,0.008
NASDAQ,SPAR,1997-03-25,0.00533
NASDAQ,SPAR,1996-03-25,0.00533
NASDAQ,SPAR,1995-06-02,0.00533
NASDAQ,SPAR,1994-06-13,0.00533
NASDAQ,SPAR,1993-07-09,0.00533
NASDAQ,SPAR,1992-06-22,0.00355
NASDAQ,SPAR,1991-06-17,0.00237
NASDAQ,SPAR,1990-08-09,0.00237
NASDAQ,STEI,2010-01-12,0.03
NASDAQ,STEI,2009-10-09,0.03
NASDAQ,STEI,2009-07-13,0.025
NASDAQ,STEI,2009-04-13,0.025
NASDAQ,STEI,2009-01-12,0.025
NASDAQ,STEI,2008-10-10,0.025
NASDAQ,STEI,2008-07-10,0.025
NASDAQ,STEI,2008-04-10,0.025
NASDAQ,STEI,2008-01-14,0.025
NASDAQ,STEI,2007-10-10,0.025
NASDAQ,STEI,2007-07-10,0.025
NASDAQ,STEI,2007-04-10,0.025
NASDAQ,STEI,2007-01-11,0.025
NASDAQ,STEI,2006-10-10,0.025
NASDAQ,STEI,2006-07-11,0.025
NASDAQ,STEI,2006-04-11,0.025
NASDAQ,STEI,2006-01-10,0.025
NASDAQ,STEI,2005-09-30,0.025
NASDAQ,STEI,2005-07-13,0.025
NASDAQ,STEI,2005-04-13,0.025
NASDAQ,STEI,2000-07-12,0.02
NASDAQ,STEI,2000-04-13,0.02
NASDAQ,STEI,2000-01-12,0.02
NASDAQ,STEI,1999-10-06,0.02
NASDAQ,STEI,1999-07-07,0.02
NASDAQ,STEI,1999-04-07,0.02
NASDAQ,STEI,1999-01-06,0.02
NASDAQ,STEI,1998-10-07,0.02
NASDAQ,STEI,1998-07-08,0.02
NASDAQ,STEI,1998-04-06,0.02
NASDAQ,STEI,1998-01-14,0.01
NASDAQ,STEI,1997-10-08,0.01
NASDAQ,STEI,1997-07-09,0.01
NASDAQ,STEI,1997-04-02,0.01
NASDAQ,STEI,1997-01-08,0.01
NASDAQ,STEI,1996-10-02,0.01
NASDAQ,STEI,1996-07-10,0.01
NASDAQ,STEI,1996-04-02,0.00666
NASDAQ,STEI,1996-01-10,0.00666
NASDAQ,STEI,1995-10-04,0.00666
NASDAQ,STEI,1995-07-12,0.00333
NASDAQ,STEI,1995-04-03,0.00333
NASDAQ,STEI,1994-12-30,0.00333
NASDAQ,STEI,1994-10-03,0.00333
NASDAQ,STEI,1994-07-11,0.00333
NASDAQ,STEI,1994-04-04,0.00333
NASDAQ,STEI,1994-01-03,0.00333
NASDAQ,STEI,1993-10-04,0.00222
NASDAQ,STEI,1993-07-12,0.00222
NASDAQ,STEI,1993-01-14,0.00222
NASDAQ,STEI,1992-10-05,0.00222
NASDAQ,SPTN,2009-11-27,0.05
NASDAQ,SPTN,2009-08-28,0.05
NASDAQ,SPTN,2009-05-28,0.05
NASDAQ,SPTN,2009-02-26,0.05
NASDAQ,SPTN,2008-11-26,0.05
NASDAQ,SPTN,2008-08-28,0.05
NASDAQ,SPTN,2008-05-29,0.05
NASDAQ,SPTN,2008-02-28,0.05
NASDAQ,SPTN,2007-11-29,0.05
NASDAQ,SPTN,2007-08-29,0.05
NASDAQ,SPTN,2007-05-30,0.05
NASDAQ,SPTN,2007-02-27,0.05
NASDAQ,SPTN,2006-11-29,0.05
NASDAQ,SPTN,2006-08-30,0.05
NASDAQ,SPTN,2006-05-30,0.05
NASDAQ,SPTN,2006-02-27,0.05
NASDAQ,SHOO,2006-11-09,1.0
NASDAQ,SHOO,2005-11-09,0.66667
NASDAQ,SYBTP,2009-12-28,0.25
NASDAQ,SYBTP,2009-09-25,0.25
NASDAQ,SYBTP,2009-06-25,0.25
NASDAQ,SYBTP,2009-04-07,0.272
NASDAQ,SIFI,2008-12-30,0.04
NASDAQ,SIFI,2008-10-01,0.04
NASDAQ,SIFI,2008-07-02,0.04
NASDAQ,SIFI,2008-04-02,0.04
NASDAQ,SIFI,2008-01-02,0.04
NASDAQ,SIFI,2007-10-03,0.04
NASDAQ,SIFI,2007-07-03,0.04
NASDAQ,SIFI,2007-04-03,0.04
NASDAQ,SIFI,2007-01-04,0.04
NASDAQ,SIFI,2007-01-03,0.04
NASDAQ,SIFI,2006-10-04,0.04
NASDAQ,SIFI,2006-07-05,0.04
NASDAQ,SIFI,2006-04-05,0.04
NASDAQ,SIFI,2006-01-04,0.03
NASDAQ,SIFI,2005-10-05,0.03
NASDAQ,SIFI,2005-07-06,0.03
NASDAQ,SIFI,2005-04-06,0.03
NASDAQ,SCMFO,2009-12-11,0.199
NASDAQ,SCMFO,2009-09-11,0.199
NASDAQ,SCMFO,2009-06-11,0.199
NASDAQ,SCMFO,2009-03-11,0.199
NASDAQ,SCMFO,2008-12-11,0.199
NASDAQ,SCMFO,2008-09-11,0.199
NASDAQ,SCMFO,2008-06-11,0.199
NASDAQ,SCMFO,2008-03-12,0.199
NASDAQ,SCMFO,2007-12-12,0.199
NASDAQ,SCMFO,2007-09-14,0.199
NASDAQ,SCMFO,2007-06-15,0.199
NASDAQ,SCMFO,2007-03-13,0.199
NASDAQ,SCMFO,2006-12-13,0.199
NASDAQ,SCMFO,2006-09-13,0.199
NASDAQ,SCMFO,2006-05-11,0.035
NASDAQ,SCMFO,2006-03-13,0.199
NASDAQ,SCMFO,2005-09-13,0.199
NASDAQ,SCMFO,2005-06-13,0.199
NASDAQ,SCMFO,2005-03-11,0.199
NASDAQ,SCMFO,2004-12-13,0.199
NASDAQ,SCMFO,2004-09-13,0.199
NASDAQ,SCMFO,2004-06-14,0.199
NASDAQ,SMBC,2009-11-10,0.12
NASDAQ,SMBC,2009-08-12,0.12
NASDAQ,SMBC,2009-05-13,0.12
NASDAQ,SMBC,2009-02-11,0.12
NASDAQ,SMBC,2008-11-12,0.12
NASDAQ,SMBC,2008-08-13,0.12
NASDAQ,SMBC,2008-05-13,0.1
NASDAQ,SMBC,2008-02-13,0.1
NASDAQ,SMBC,2007-11-13,0.1
NASDAQ,SMBC,2007-08-13,0.1
NASDAQ,SMBC,2007-05-11,0.09
NASDAQ,SMBC,2007-02-13,0.09
NASDAQ,SMBC,2006-11-13,0.09
NASDAQ,SMBC,2006-08-11,0.09
NASDAQ,SMBC,2006-05-11,0.09
NASDAQ,SMBC,2006-02-13,0.09
NASDAQ,SMBC,2005-11-10,0.09
NASDAQ,SMBC,2005-08-25,0.09
NASDAQ,SMBC,2005-05-12,0.09
NASDAQ,SMBC,2005-02-11,0.09
NASDAQ,SMBC,2004-11-10,0.09
NASDAQ,SMBC,2004-08-12,0.09
NASDAQ,SMBC,2004-05-12,0.09
NASDAQ,SMBC,2004-02-11,0.09
NASDAQ,SMBC,2003-11-12,0.09
NASDAQ,SMBC,2003-08-13,0.09
NASDAQ,SMBC,2003-05-13,0.07
NASDAQ,SMBC,2003-02-12,0.07
NASDAQ,SMBC,2002-11-13,0.07
NASDAQ,SMBC,2002-08-13,0.07
NASDAQ,SMBC,2002-05-13,0.0625
NASDAQ,SMBC,2002-02-13,0.0625
NASDAQ,SMBC,2001-11-14,0.0625
NASDAQ,SMBC,2001-08-13,0.0625
NASDAQ,SMBC,2001-05-11,0.0625
NASDAQ,SMBC,2001-02-13,0.0625
NASDAQ,SMBC,2000-11-13,0.0625
NASDAQ,SMBC,2000-08-11,0.0625
NASDAQ,SMBC,2000-05-11,0.0625
NASDAQ,SMBC,2000-02-10,0.0625
NASDAQ,SMBC,1999-11-09,0.0625
NASDAQ,SMBC,1999-08-10,0.0625
NASDAQ,SMBC,1999-05-12,0.0625
NASDAQ,SMBC,1999-02-10,0.0625
NASDAQ,SMBC,1998-11-13,0.0625
NASDAQ,SMBC,1998-08-12,0.0625
NASDAQ,SMBC,1998-05-12,0.0625
NASDAQ,SMBC,1998-02-10,0.0625
NASDAQ,SMBC,1997-11-07,0.0625
NASDAQ,SMBC,1997-08-12,0.0625
NASDAQ,SMBC,1997-05-13,0.0625
NASDAQ,SMBC,1997-02-18,0.0625
NASDAQ,SMBC,1996-11-15,0.0625
NASDAQ,SMBC,1996-08-13,0.0625
NASDAQ,SMBC,1996-05-13,0.0625
NASDAQ,SMBC,1996-02-12,0.0375
NASDAQ,SMBC,1995-11-13,0.0375
NASDAQ,SMBC,1995-08-11,0.0375
NASDAQ,SMBC,1995-05-09,0.0375
NASDAQ,SALM,2007-08-16,0.42
NASDAQ,SALM,2006-07-13,0.6
NASDAQ,SMMF,2009-05-28,0.06
NASDAQ,SMMF,2008-11-26,0.18
NASDAQ,SMMF,2008-05-29,0.18
NASDAQ,SMMF,2007-11-29,0.17
NASDAQ,SMMF,2007-05-30,0.17
NASDAQ,SMMF,2006-11-29,0.16
NASDAQ,SMMF,2006-05-30,0.16
NASDAQ,SMMF,2005-11-29,0.16
NASDAQ,SMMF,2005-05-27,0.14
NASDAQ,SMMF,2004-11-29,0.135
NASDAQ,SMMF,2004-05-27,0.125
NASDAQ,SMMF,2003-11-26,0.115
NASDAQ,SMMF,2003-05-29,0.1
NASDAQ,SMMF,2002-11-27,0.095
NASDAQ,SMMF,2002-05-30,0.0925
NASDAQ,SMMF,2001-11-28,0.0875
NASDAQ,SMMF,2001-05-30,0.0875
NASDAQ,SYBT,2009-12-10,0.17
NASDAQ,SYBT,2009-09-10,0.17
NASDAQ,SYBT,2009-06-11,0.17
NASDAQ,SYBT,2009-03-12,0.17
NASDAQ,SYBT,2008-12-11,0.17
NASDAQ,SYBT,2008-09-11,0.17
NASDAQ,SYBT,2008-06-12,0.17
NASDAQ,SYBT,2008-03-13,0.17
NASDAQ,SYBT,2007-12-12,0.16
NASDAQ,SYBT,2007-09-12,0.16
NASDAQ,SYBT,2007-06-13,0.16
NASDAQ,SYBT,2007-03-14,0.15
NASDAQ,SYBT,2006-12-13,0.15
NASDAQ,SYBT,2006-09-13,0.15
NASDAQ,SYBT,2006-06-14,0.14
NASDAQ,SYBT,2006-03-15,0.13333
NASDAQ,SYBT,2005-12-14,0.12381
NASDAQ,SYBT,2005-09-14,0.11429
NASDAQ,SYBT,2005-06-15,0.10476
NASDAQ,SYBT,2005-03-11,0.10476
NASDAQ,SYBT,2004-12-15,0.10476
NASDAQ,SYBT,2004-09-15,0.09524
NASDAQ,SYBT,2004-06-10,0.09524
NASDAQ,SYBT,2004-03-26,0.0
NASDAQ,SYBT,2004-03-12,0.07619
NASDAQ,SYBT,2003-12-10,0.07619
NASDAQ,SYBT,2003-09-18,0.0381
NASDAQ,SYBT,2003-06-11,0.07143
NASDAQ,SYBT,2003-03-12,0.06667
NASDAQ,SYBT,2002-12-11,0.06667
NASDAQ,SYBT,2002-09-11,0.0619
NASDAQ,SYBT,2002-06-12,0.0619
NASDAQ,SYBT,2002-03-13,0.05714
NASDAQ,SYBT,2001-12-12,0.05714
NASDAQ,SYBT,2001-06-13,0.05238
NASDAQ,SYBT,2001-03-14,0.05238
NASDAQ,SYBT,2000-12-13,0.04762
NASDAQ,SYBT,2000-09-12,0.04762
NASDAQ,SYBT,2000-06-14,0.04762
NASDAQ,SYBT,2000-03-15,0.04286
NASDAQ,SYBT,1999-12-16,0.04286
NASDAQ,SYBT,1999-09-14,0.0381
NASDAQ,SYBT,1999-06-14,0.0381
NASDAQ,SYBT,1999-03-17,0.0381
NASDAQ,SYBT,1998-12-17,0.03571
NASDAQ,SYBT,1998-09-11,0.03571
NASDAQ,SYBT,1998-06-11,0.02857
NASDAQ,SYBT,1998-03-18,0.02857
NASDAQ,SYBT,1997-12-15,0.02857
NASDAQ,SYBT,1997-09-12,0.02857
NASDAQ,SYBT,1997-06-12,0.02857
NASDAQ,SYBT,1997-03-12,0.02857
NASDAQ,SYBT,1996-12-13,0.02381
NASDAQ,SYBT,1996-09-16,0.02381
NASDAQ,SYBT,1996-06-12,0.02381
NASDAQ,SYBT,1996-03-13,0.02381
NASDAQ,SYBT,1995-12-19,0.01726
NASDAQ,SYBT,1995-09-13,0.01726
NASDAQ,SYBT,1995-06-14,0.01726
NASDAQ,SYBT,1995-03-09,0.01726
NASDAQ,SYBT,1994-12-12,0.01726
NASDAQ,SYBT,1994-10-03,0.01726
NASDAQ,SYBT,1994-09-15,0.01905
NASDAQ,SYBT,1994-06-14,0.01905
NASDAQ,SYBT,1994-03-21,0.01548
NASDAQ,SYBT,1993-12-02,0.01548
NASDAQ,STMP,2004-02-05,3.5
NASDAQ,STRT,2008-12-15,0.15
NASDAQ,STRT,2008-09-15,0.15
NASDAQ,STRT,2008-06-13,0.15
NASDAQ,STRT,2008-03-13,0.15
NASDAQ,STRT,2007-12-13,0.15
NASDAQ,STRT,2007-09-12,1.15
NASDAQ,SIVBO,2009-12-29,0.438
NASDAQ,SIVBO,2009-09-28,0.438
NASDAQ,SIVBO,2009-06-26,0.438
NASDAQ,SIVBO,2009-03-27,0.438
NASDAQ,SIVBO,2008-12-29,0.438
NASDAQ,SIVBO,2008-09-26,0.438
NASDAQ,SLGN,2009-11-27,0.19
NASDAQ,SLGN,2009-08-28,0.19
NASDAQ,SLGN,2009-05-28,0.19
NASDAQ,SLGN,2009-03-09,0.19
NASDAQ,SLGN,2008-11-26,0.17
NASDAQ,SLGN,2008-08-27,0.17
NASDAQ,SLGN,2008-05-28,0.17
NASDAQ,SLGN,2008-03-07,0.17
NASDAQ,SLGN,2007-11-28,0.16
NASDAQ,SLGN,2007-08-29,0.16
NASDAQ,SLGN,2007-05-30,0.16
NASDAQ,SLGN,2007-03-01,0.16
NASDAQ,SLGN,2006-11-29,0.12
NASDAQ,SLGN,2006-08-30,0.12
NASDAQ,SLGN,2006-05-30,0.12
NASDAQ,SLGN,2006-03-09,0.12
NASDAQ,SLGN,2005-11-29,0.1
NASDAQ,SLGN,2005-08-30,0.1
NASDAQ,SLGN,2005-05-27,0.1
NASDAQ,SLGN,2005-02-25,0.1
NASDAQ,SLGN,2004-11-29,0.075
NASDAQ,SLGN,2004-08-30,0.075
NASDAQ,SLGN,2004-05-27,0.075
NASDAQ,SBIBN,2009-12-11,0.519
NASDAQ,SBIBN,2009-09-11,0.519
NASDAQ,SBIBN,2009-06-11,0.519
NASDAQ,SBIBN,2009-03-11,0.519
NASDAQ,SBIBN,2008-12-11,0.519
NASDAQ,SBIBN,2008-09-11,0.519
NASDAQ,SBIBN,2008-06-11,0.519
NASDAQ,SBIBN,2008-03-12,0.519
NASDAQ,SBIBN,2007-12-20,0.519
NASDAQ,SBIBN,2007-09-12,0.519
NASDAQ,SBIBN,2007-06-13,0.519
NASDAQ,SBIBN,2007-03-15,0.519
NASDAQ,SBIBN,2006-12-13,0.519
NASDAQ,SBIBN,2006-09-13,0.519
NASDAQ,SBIBN,2006-06-13,0.519
NASDAQ,SBIBN,2006-03-13,0.519
NASDAQ,SBIBN,2005-12-13,0.519
NASDAQ,SBIBN,2005-09-13,0.519
NASDAQ,SBIBN,2005-06-13,0.519
NASDAQ,SBIBN,2005-03-11,0.519
NASDAQ,SBIBN,2004-12-13,0.519
NASDAQ,SBIBN,2004-09-13,0.519
NASDAQ,SBIBN,2004-06-14,0.519
NASDAQ,SBIBN,2004-03-11,0.519
NASDAQ,SBIBN,2003-12-11,0.519
NASDAQ,SPOR,2006-05-03,0.25
NASDAQ,SIGI,2009-11-10,0.13
NASDAQ,SIGI,2009-08-12,0.13
NASDAQ,SIGI,2009-05-13,0.13
NASDAQ,SIGI,2009-02-11,0.13
NASDAQ,SIGI,2008-11-12,0.13
NASDAQ,SIGI,2008-08-13,0.13
NASDAQ,SIGI,2008-05-13,0.13
NASDAQ,SIGI,2008-02-13,0.13
NASDAQ,SIGI,2007-11-13,0.13
NASDAQ,SIGI,2007-08-13,0.12
NASDAQ,SIGI,2007-05-11,0.12
NASDAQ,SIGI,2007-02-09,0.12
NASDAQ,SIGI,2006-11-13,0.11
NASDAQ,SIGI,2006-08-11,0.11
NASDAQ,SIGI,2006-05-11,0.11
NASDAQ,SIGI,2006-02-13,0.11
NASDAQ,SIGI,2005-11-10,0.11
NASDAQ,SIGI,2005-08-11,0.095
NASDAQ,SIGI,2005-05-12,0.095
NASDAQ,SIGI,2005-02-11,0.095
NASDAQ,SIGI,2004-11-10,0.095
NASDAQ,SIGI,2004-08-12,0.085
NASDAQ,SIGI,2004-05-06,0.085
NASDAQ,SIGI,2004-02-12,0.085
NASDAQ,SIGI,2003-11-13,0.085
NASDAQ,SIGI,2003-08-14,0.075
NASDAQ,SIGI,2003-05-15,0.075
NASDAQ,SIGI,2003-02-13,0.075
NASDAQ,SIGI,2002-11-14,0.075
NASDAQ,SIGI,2002-08-15,0.075
NASDAQ,SIGI,2002-05-16,0.075
NASDAQ,SIGI,2002-02-14,0.075
NASDAQ,SIGI,2001-11-15,0.075
NASDAQ,SIGI,2001-08-16,0.075
NASDAQ,SIGI,2001-05-11,0.075
NASDAQ,SIGI,2001-02-15,0.075
NASDAQ,SIGI,2000-11-13,0.075
NASDAQ,SIGI,2000-08-11,0.075
NASDAQ,SIGI,2000-05-11,0.075
NASDAQ,SIGI,2000-02-11,0.075
NASDAQ,SIGI,1999-11-10,0.075
NASDAQ,SIGI,1999-08-12,0.075
NASDAQ,SIGI,1999-05-12,0.075
NASDAQ,SIGI,1999-02-11,0.07
NASDAQ,SIGI,1998-11-12,0.07
NASDAQ,SIGI,1998-08-12,0.07
NASDAQ,SIGI,1998-05-13,0.07
NASDAQ,SIGI,1998-02-11,0.07
NASDAQ,SIGI,1997-11-13,0.07
NASDAQ,SIGI,1997-08-13,0.07
NASDAQ,SIGI,1997-05-13,0.07
NASDAQ,SIGI,1997-02-12,0.07
NASDAQ,SIGI,1996-11-13,0.07
NASDAQ,SIGI,1996-08-13,0.07
NASDAQ,SIGI,1996-05-13,0.07
NASDAQ,SIGI,1996-02-20,0.07
NASDAQ,SIGI,1995-11-13,0.07
NASDAQ,SIGI,1995-08-11,0.07
NASDAQ,SIGI,1995-05-09,0.07
NASDAQ,SIGI,1995-02-09,0.07
NASDAQ,SIGI,1994-11-08,0.07
NASDAQ,SIGI,1994-08-09,0.07
NASDAQ,SIGI,1994-05-10,0.07
NASDAQ,SIGI,1994-02-09,0.07
NASDAQ,SIGI,1993-11-08,0.07
NASDAQ,SIGI,1993-08-10,0.07
NASDAQ,SIGI,1993-05-11,0.07
NASDAQ,SIGI,1992-11-09,0.07
NASDAQ,SIGI,1992-08-10,0.07
NASDAQ,SIGI,1992-05-11,0.07
NASDAQ,SIGI,1992-02-10,0.065
NASDAQ,SIGI,1991-11-08,0.065
NASDAQ,SIGI,1991-08-09,0.065
NASDAQ,SIGI,1991-05-09,0.065
NASDAQ,SIGI,1990-11-08,0.065
NASDAQ,SIGI,1990-08-09,0.065
NASDAQ,SBCF,2009-03-13,0.01
NASDAQ,SBCF,2008-12-16,0.01
NASDAQ,SBCF,2008-09-17,0.01
NASDAQ,SBCF,2008-06-18,0.16
NASDAQ,SBCF,2008-03-17,0.16
NASDAQ,SBCF,2007-12-18,0.16
NASDAQ,SBCF,2007-09-19,0.16
NASDAQ,SBCF,2007-06-13,0.16
NASDAQ,SBCF,2007-03-16,0.16
NASDAQ,SBCF,2006-12-19,0.16
NASDAQ,SBCF,2006-09-13,0.15
NASDAQ,SBCF,2006-06-14,0.15
NASDAQ,SBCF,2006-03-17,0.15
NASDAQ,SBCF,2005-12-13,0.15
NASDAQ,SBCF,2005-09-14,0.15
NASDAQ,SBCF,2005-06-15,0.14
NASDAQ,SBCF,2005-03-11,0.14
NASDAQ,SBCF,2004-12-14,0.14
NASDAQ,SBCF,2004-09-15,0.14
NASDAQ,SBCF,2004-06-16,0.13
NASDAQ,SBCF,2004-03-15,0.13
NASDAQ,SBCF,2003-12-16,0.13
NASDAQ,SBCF,2003-09-12,0.13
NASDAQ,SBCF,2003-06-18,0.1
NASDAQ,SBCF,2003-03-14,0.1
NASDAQ,SBCF,2002-12-17,0.1
NASDAQ,SBCF,2002-09-18,0.09091
NASDAQ,SBCF,2002-06-19,0.09091
NASDAQ,SBCF,2002-03-15,0.09091
NASDAQ,SBCF,2001-12-18,0.09091
NASDAQ,SBCF,2001-09-19,0.08485
NASDAQ,SBCF,2001-06-13,0.08485
NASDAQ,SBCF,2001-03-16,0.08485
NASDAQ,SBCF,2000-12-19,0.08485
NASDAQ,SBCF,2000-09-13,0.07879
NASDAQ,SBCF,2000-06-14,0.07879
NASDAQ,SBCF,2000-03-16,0.07879
NASDAQ,SBCF,1999-12-14,0.07879
NASDAQ,SBCF,1999-09-15,0.07273
NASDAQ,SBCF,1999-06-16,0.07273
NASDAQ,SBCF,1999-03-12,0.07273
NASDAQ,SBCF,1998-12-15,0.06666
NASDAQ,SBCF,1998-09-16,0.06666
NASDAQ,SBCF,1998-06-17,0.06666
NASDAQ,SBCF,1998-03-13,0.06666
NASDAQ,SBCF,1997-12-16,0.06666
NASDAQ,SBCF,1997-09-17,0.06061
NASDAQ,SBCF,1997-06-18,0.06061
NASDAQ,SBCF,1997-03-14,0.06061
NASDAQ,SBCF,1996-12-17,0.06061
NASDAQ,SBCF,1996-09-18,0.04545
NASDAQ,SBCF,1996-06-19,0.04545
NASDAQ,SBCF,1996-03-18,0.04545
NASDAQ,SBCF,1995-12-15,0.04545
NASDAQ,SBCF,1995-09-13,0.03939
NASDAQ,SBCF,1995-06-14,0.03939
NASDAQ,SBCF,1995-03-15,0.03939
NASDAQ,SBCF,1994-12-09,0.03939
NASDAQ,SBCF,1994-09-12,0.03636
NASDAQ,SBCF,1994-06-13,0.03636
NASDAQ,SBCF,1994-03-09,0.03636
NASDAQ,SBCF,1993-12-10,0.03636
NASDAQ,SBCF,1993-09-13,0.03334
NASDAQ,SBCF,1993-06-14,0.03334
NASDAQ,SBCF,1993-03-10,0.03334
NASDAQ,SBCF,1992-12-11,0.03334
NASDAQ,SBCF,1992-09-14,0.0303
NASDAQ,SBCF,1992-06-15,0.0303
NASDAQ,SBCF,1992-03-12,0.0303
NASDAQ,SBCF,1991-12-13,0.0303
NASDAQ,SBCF,1991-06-10,0.0303
NASDAQ,SBCF,1991-03-11,0.0303
NASDAQ,SBCF,1990-12-07,0.0303
NASDAQ,SBCF,1990-09-10,0.0303
NASDAQ,SBCF,1990-06-04,0.0303
NASDAQ,SUBK,2009-12-11,0.22
NASDAQ,SUBK,2009-09-11,0.22
NASDAQ,SUBK,2009-06-11,0.22
NASDAQ,SUBK,2009-03-11,0.22
NASDAQ,SUBK,2008-12-11,0.22
NASDAQ,SUBK,2008-09-11,0.22
NASDAQ,SUBK,2008-06-11,0.22
NASDAQ,SUBK,2008-03-12,0.22
NASDAQ,SUBK,2007-12-12,0.22
NASDAQ,SUBK,2007-09-12,0.22
NASDAQ,SUBK,2007-06-13,0.22
NASDAQ,SUBK,2007-03-13,0.22
NASDAQ,SUBK,2006-12-13,0.22
NASDAQ,SUBK,2006-09-13,0.22
NASDAQ,SUBK,2006-06-13,0.22
NASDAQ,SUBK,2006-03-13,0.22
NASDAQ,SUBK,2005-12-13,0.2
NASDAQ,SUBK,2005-09-13,0.2
NASDAQ,SUBK,2005-06-13,0.2
NASDAQ,SUBK,2005-03-11,0.19
NASDAQ,SUBK,2004-12-13,0.19
NASDAQ,SUBK,2004-09-13,0.19
NASDAQ,SUBK,2004-06-14,0.19
NASDAQ,SUBK,2004-03-11,0.19
NASDAQ,SUBK,2003-12-11,0.19
NASDAQ,SUBK,2003-09-11,0.19
NASDAQ,SUBK,2003-06-11,0.19
NASDAQ,SUBK,2003-03-12,0.19
NASDAQ,SUBK,2002-12-11,0.17
NASDAQ,SUBK,2002-09-11,0.17
NASDAQ,SUBK,2002-06-12,0.17
NASDAQ,SUBK,2002-03-13,0.15
NASDAQ,SUBK,2001-12-12,0.14
NASDAQ,SUBK,2001-06-13,0.14
NASDAQ,SUBK,2001-03-13,0.14
NASDAQ,SUBK,2000-12-13,0.115
NASDAQ,SUBK,2000-09-13,0.115
NASDAQ,SUBK,2000-06-13,0.115
NASDAQ,SUBK,2000-03-13,0.105
NASDAQ,SUBK,1999-12-13,0.105
NASDAQ,SUBK,1999-09-13,0.105
NASDAQ,SUBK,1999-06-11,0.105
NASDAQ,SUBK,1999-03-11,0.105
NASDAQ,SUBK,1998-12-11,0.09
NASDAQ,SUBK,1998-09-11,0.09
NASDAQ,SUBK,1998-06-11,0.09
NASDAQ,SUBK,1998-03-11,0.09
NASDAQ,SUBK,1997-12-11,0.09
NASDAQ,SUBK,1997-09-11,0.09
NASDAQ,SUBK,1997-06-11,0.0825
NASDAQ,SUBK,1997-03-12,0.0825
NASDAQ,SUBK,1996-12-11,0.0825
NASDAQ,SUBK,1996-09-11,0.075
NASDAQ,SUBK,1996-06-12,0.075
NASDAQ,SUBK,1996-03-13,0.075
NASDAQ,SUBK,1995-12-13,0.075
NASDAQ,SUBK,1995-09-13,0.05
NASDAQ,SUBK,1995-06-13,0.05
NASDAQ,SUBK,1995-03-09,0.05
NASDAQ,SUBK,1994-12-09,0.0475
NASDAQ,SUBK,1994-09-09,0.0425
NASDAQ,SUBK,1994-06-13,0.0425
NASDAQ,SUBK,1994-03-09,0.0425
NASDAQ,SUBK,1993-12-09,0.0425
NASDAQ,SUBK,1993-09-09,0.0425
NASDAQ,SUBK,1993-06-09,0.0425
NASDAQ,SUBK,1993-03-09,0.0425
NASDAQ,SUBK,1992-12-09,0.0375
NASDAQ,SUBK,1992-09-09,0.0375
NASDAQ,SUBK,1992-06-08,0.0375
NASDAQ,SUBK,1992-03-09,0.035
NASDAQ,STLD,2009-12-29,0.075
NASDAQ,STLD,2009-09-28,0.075
NASDAQ,STLD,2009-06-26,0.075
NASDAQ,STLD,2009-03-27,0.1
NASDAQ,STLD,2008-12-29,0.1
NASDAQ,STLD,2008-09-26,0.1
NASDAQ,STLD,2008-06-26,0.1
NASDAQ,STLD,2008-03-27,0.05
NASDAQ,STLD,2007-12-27,0.075
NASDAQ,STLD,2007-09-26,0.075
NASDAQ,STLD,2007-06-27,0.075
NASDAQ,STLD,2007-03-28,0.075
NASDAQ,STLD,2006-12-28,0.075
NASDAQ,STLD,2006-09-27,0.075
NASDAQ,STLD,2006-06-28,0.05
NASDAQ,STLD,2006-03-29,0.05
NASDAQ,STLD,2005-12-28,0.025
NASDAQ,STLD,2005-09-28,0.025
NASDAQ,STLD,2005-06-28,0.025
NASDAQ,STLD,2005-03-29,0.025
NASDAQ,STLD,2004-12-29,0.025
NASDAQ,STLD,2004-09-28,0.01875
NASDAQ,STLD,2004-07-22,0.01875
NASDAQ,SCHW,2009-11-10,0.06
NASDAQ,SCHW,2009-08-12,0.06
NASDAQ,SCHW,2009-05-06,0.06
NASDAQ,SCHW,2009-02-11,0.06
NASDAQ,SCHW,2008-11-12,0.06
NASDAQ,SCHW,2008-08-06,0.06
NASDAQ,SCHW,2008-05-07,0.05
NASDAQ,SCHW,2008-02-06,0.05
NASDAQ,SCHW,2007-11-07,0.05
NASDAQ,SCHW,2007-07-20,1.05
NASDAQ,SCHW,2007-05-09,0.05
NASDAQ,SCHW,2007-02-07,0.05
NASDAQ,SCHW,2006-11-06,0.05
NASDAQ,SCHW,2006-08-04,0.03
NASDAQ,SCHW,2006-05-04,0.03
NASDAQ,SCHW,2006-02-06,0.025
NASDAQ,SCHW,2005-11-07,0.025
NASDAQ,SCHW,2005-08-05,0.022
NASDAQ,SCHW,2005-05-05,0.022
NASDAQ,SCHW,2005-02-07,0.02
NASDAQ,SCHW,2004-11-03,0.02
NASDAQ,SCHW,2004-08-03,0.02
NASDAQ,SCHW,2004-05-03,0.02
NASDAQ,SCHW,2004-02-03,0.013
NASDAQ,SCHW,2003-11-05,0.013
NASDAQ,SCHW,2003-08-05,0.014
NASDAQ,SCHW,2003-05-05,0.011
NASDAQ,SCHW,2003-02-05,0.011
NASDAQ,SCHW,2002-11-06,0.011
NASDAQ,SCHW,2002-08-06,0.011
NASDAQ,SCHW,2002-05-06,0.011
NASDAQ,SCHW,2002-02-06,0.011
NASDAQ,SCHW,2001-08-07,0.011
NASDAQ,SCHW,2001-05-07,0.011
NASDAQ,SCHW,2001-02-07,0.011
NASDAQ,SCHW,2000-11-08,0.011
NASDAQ,SCHW,2000-08-08,0.011
NASDAQ,SCHW,2000-05-08,0.00933
NASDAQ,SCHW,2000-02-08,0.00933
NASDAQ,SCHW,1999-11-09,0.00933
NASDAQ,SCHW,1999-08-10,0.01
NASDAQ,SCHW,1999-05-10,0.00933
NASDAQ,SCHW,1999-02-10,0.00933
NASDAQ,SCHW,1998-11-10,0.00933
NASDAQ,SCHW,1998-08-11,0.00889
NASDAQ,SCHW,1998-05-11,0.00889
NASDAQ,SCHW,1998-02-11,0.00889
NASDAQ,SCHW,1997-11-12,0.00889
NASDAQ,SCHW,1997-08-12,0.00741
NASDAQ,SCHW,1997-05-12,0.00741
NASDAQ,SCHW,1997-02-12,0.00741
NASDAQ,SCHW,1996-10-30,0.00741
NASDAQ,SCHW,1996-07-30,0.00741
NASDAQ,SCHW,1996-04-29,0.00593
NASDAQ,SCHW,1996-01-30,0.00593
NASDAQ,SCHW,1995-10-30,0.00593
NASDAQ,SCHW,1995-07-28,0.00593
NASDAQ,SCHW,1995-04-25,0.00444
NASDAQ,SCHW,1995-01-26,0.00444
NASDAQ,SCHW,1994-10-26,0.00346
NASDAQ,SCHW,1994-07-26,0.00346
NASDAQ,SCHW,1994-04-26,0.00346
NASDAQ,SCHW,1994-01-26,0.00346
NASDAQ,SCHW,1993-10-26,0.00247
NASDAQ,SCHW,1993-07-27,0.00247
NASDAQ,SCHW,1993-04-27,0.00247
NASDAQ,SCHW,1993-01-26,0.00198
NASDAQ,SCHW,1992-10-27,0.00198
NASDAQ,SCHW,1992-07-28,0.00198
NASDAQ,SCHW,1992-04-27,0.00198
NASDAQ,SCHW,1992-01-28,0.00132
NASDAQ,SCHW,1991-10-29,0.00132
NASDAQ,SCHW,1991-07-26,0.0011
NASDAQ,SCHW,1991-04-25,0.00088
NASDAQ,SCHW,1991-01-28,0.00088
NASDAQ,SCHW,1990-10-26,0.00088
NASDAQ,SCHW,1990-07-26,0.00066
NASDAQ,SCHW,1990-04-25,0.00066
NASDAQ,SCHW,1990-01-26,0.00066
NASDAQ,SCHW,1989-10-26,0.00066
NASDAQ,SCHW,1989-07-26,0.00066
NASDAQ,SPPRP,2010-01-28,0.067
NASDAQ,SPPRP,2009-12-29,0.067
NASDAQ,SPPRP,2009-11-27,0.067
NASDAQ,SPPRP,2009-10-28,0.067
NASDAQ,SPPRP,2009-09-29,0.067
NASDAQ,SPPRP,2009-08-28,0.067
NASDAQ,SPPRP,2009-07-29,0.067
NASDAQ,SPPRP,2009-06-29,0.067
NASDAQ,SPPRP,2009-05-28,0.067
NASDAQ,SPPRP,2009-04-29,0.067
NASDAQ,SPPRP,2009-03-30,0.067
NASDAQ,SPPRP,2009-02-25,0.067
NASDAQ,SPPRP,2009-01-28,0.067
NASDAQ,SPPRP,2009-01-02,0.067
NASDAQ,SPPRP,2008-11-26,0.067
NASDAQ,SPPRP,2008-10-29,0.067
NASDAQ,SPPRP,2008-09-29,0.067
NASDAQ,SPPRP,2008-08-27,0.067
NASDAQ,SPPRP,2008-06-27,0.067
NASDAQ,SPPRP,2008-05-28,0.067
NASDAQ,SPPRP,2008-04-29,0.067
NASDAQ,SPPRP,2008-03-28,0.067
NASDAQ,SPPRP,2008-02-27,0.067
NASDAQ,SPPRP,2008-01-30,0.067
NASDAQ,SPPRP,2007-12-27,0.067
NASDAQ,SPPRP,2007-11-28,0.067
NASDAQ,SPPRP,2007-10-30,0.067
NASDAQ,SPPRP,2007-09-27,0.067
NASDAQ,SPPRP,2007-08-29,0.067
NASDAQ,SPPRP,2007-07-30,0.067
NASDAQ,SPPRP,2007-07-27,0.067
NASDAQ,SWWC,2009-11-02,0.05
NASDAQ,SWWC,2009-07-23,0.025
NASDAQ,SWWC,2009-04-16,0.025
NASDAQ,SWWC,2009-01-05,0.025
NASDAQ,SWWC,2008-09-26,0.06
NASDAQ,SWWC,2008-06-26,0.06
NASDAQ,SWWC,2008-03-26,0.06
NASDAQ,SWWC,2007-12-26,0.06
NASDAQ,SWWC,2007-09-26,0.058
NASDAQ,SWWC,2007-06-27,0.058
NASDAQ,SWWC,2007-03-28,0.058
NASDAQ,SWWC,2006-12-27,0.058
NASDAQ,SWWC,2006-09-27,0.052
NASDAQ,SWWC,2006-06-28,0.052
NASDAQ,SWWC,2006-03-28,0.052
NASDAQ,SWWC,2005-12-28,0.052
NASDAQ,SWWC,2005-09-28,0.04762
NASDAQ,SWWC,2005-06-28,0.04762
NASDAQ,SWWC,2005-03-29,0.04762
NASDAQ,SWWC,2004-12-29,0.04808
NASDAQ,SWWC,2004-09-28,0.04808
NASDAQ,SWWC,2004-06-28,0.04353
NASDAQ,SWWC,2004-03-29,0.04353
NASDAQ,SWWC,2003-12-29,0.04286
NASDAQ,SWWC,2003-09-26,0.03946
NASDAQ,SWWC,2003-06-26,0.03946
NASDAQ,SWWC,2003-03-27,0.03946
NASDAQ,SWWC,2002-12-27,0.0415
NASDAQ,SWWC,2002-09-26,0.03629
NASDAQ,SWWC,2002-06-26,0.03629
NASDAQ,SWWC,2002-03-26,0.03629
NASDAQ,SWWC,2001-12-27,0.03629
NASDAQ,SWWC,2001-09-26,0.03455
NASDAQ,SWWC,2001-06-27,0.03455
NASDAQ,SWWC,2001-03-28,0.03455
NASDAQ,SWWC,2000-12-27,0.03455
NASDAQ,SWWC,2000-09-27,0.03455
NASDAQ,SWWC,2000-06-28,0.02962
NASDAQ,SWWC,2000-03-29,0.02962
NASDAQ,SWWC,1999-12-29,0.02962
NASDAQ,SWWC,1999-09-28,0.02633
NASDAQ,SWWC,1999-06-28,0.02633
NASDAQ,SWWC,1999-03-29,0.02633
NASDAQ,SWWC,1998-12-29,0.02633
NASDAQ,SWWC,1998-09-28,0.02633
NASDAQ,SWWC,1998-06-26,0.02238
NASDAQ,SWWC,1998-03-27,0.02238
NASDAQ,SWWC,1997-12-30,0.02238
NASDAQ,SWWC,1997-09-26,0.02257
NASDAQ,SWWC,1997-06-26,0.02257
NASDAQ,SWWC,1997-03-26,0.02257
NASDAQ,SWWC,1996-12-30,0.02207
NASDAQ,SWWC,1996-09-26,0.02508
NASDAQ,SWWC,1996-06-26,0.02508
NASDAQ,SWWC,1996-03-27,0.02508
NASDAQ,SWWC,1995-12-28,0.02382
NASDAQ,SWWC,1995-12-27,0.02508
NASDAQ,SWWC,1995-09-27,0.02508
NASDAQ,SWWC,1995-06-28,0.02508
NASDAQ,SWWC,1995-03-27,0.02508
NASDAQ,SWWC,1994-12-23,0.02508
NASDAQ,SWWC,1994-09-26,0.02508
NASDAQ,SWWC,1994-06-24,0.02508
NASDAQ,SWWC,1994-03-25,0.02508
NASDAQ,SWWC,1993-12-27,0.02683
NASDAQ,SWWC,1993-09-24,0.02683
NASDAQ,SWWC,1993-06-24,0.05817
NASDAQ,SWWC,1993-03-25,0.06018
NASDAQ,SWWC,1992-12-24,0.06018
NASDAQ,SWWC,1992-09-24,0.05817
NASDAQ,SWWC,1992-06-24,0.05315
NASDAQ,SWWC,1992-03-25,0.05315
NASDAQ,SWWC,1991-12-24,0.05315
NASDAQ,SWWC,1991-09-24,0.05817
NASDAQ,SWWC,1991-06-24,0.05817
NASDAQ,SWWC,1991-03-22,0.05817
NASDAQ,SWWC,1990-12-24,0.05817
NASDAQ,SWWC,1990-09-24,0.05567
NASDAQ,SWWC,1990-06-25,0.05567
NASDAQ,SWWC,1990-03-26,0.05567
NASDAQ,SSBI,2009-11-06,0.09
NASDAQ,SSBI,2009-08-07,0.09
NASDAQ,SSBI,2009-05-08,0.09
NASDAQ,SSBI,2009-05-07,0.09
NASDAQ,SSBI,2009-02-10,0.09
NASDAQ,SSBI,2008-11-07,0.09
NASDAQ,SSBI,2008-08-08,0.09
NASDAQ,SSBI,2008-05-08,0.09
NASDAQ,SSBI,2008-02-07,0.09
NASDAQ,SSBI,2007-11-08,0.09
NASDAQ,SSBI,2007-08-21,0.09
NASDAQ,SSBI,2007-05-08,0.09
NASDAQ,SSBI,2007-02-07,0.09
NASDAQ,SSBI,2006-11-08,0.09
NASDAQ,SSBI,2006-08-08,0.09
NASDAQ,SGC,2009-11-16,0.135
NASDAQ,SGC,2009-08-17,0.135
NASDAQ,SGC,2009-05-11,0.135
NASDAQ,SGC,2009-02-13,0.135
NASDAQ,SGC,2008-11-10,0.135
NASDAQ,SGC,2008-08-11,0.135
NASDAQ,SGC,2008-05-12,0.135
NASDAQ,SGC,2008-02-11,0.135
NASDAQ,SGC,2007-11-08,0.135
NASDAQ,SGC,2007-08-09,0.135
NASDAQ,SGC,2007-05-14,0.135
NASDAQ,SGC,2007-02-09,0.135
NASDAQ,SGC,2006-11-10,0.135
NASDAQ,SGC,2006-08-10,0.135
NASDAQ,SGC,2006-05-15,0.135
NASDAQ,SGC,2006-02-10,0.135
NASDAQ,SGC,2005-11-09,0.135
NASDAQ,SGC,2005-07-28,0.135
NASDAQ,SGC,2005-05-12,0.135
NASDAQ,SGC,2005-02-17,0.135
NASDAQ,SGC,2004-11-10,0.135
NASDAQ,SGC,2004-07-29,0.135
NASDAQ,SGC,2004-05-13,0.135
NASDAQ,SGC,2004-02-19,0.135
NASDAQ,SGC,2003-11-06,0.135
NASDAQ,SGC,2003-07-31,0.135
NASDAQ,SGC,2003-05-08,0.135
NASDAQ,SGC,2003-02-12,0.135
NASDAQ,SGC,2002-11-06,0.135
NASDAQ,SGC,2002-08-01,0.135
NASDAQ,SGC,2002-05-09,0.135
NASDAQ,SGC,2002-02-13,0.135
NASDAQ,SGC,2001-11-07,0.135
NASDAQ,SGC,2001-08-02,0.135
NASDAQ,SGC,2001-05-10,0.135
NASDAQ,SGC,2001-02-21,0.135
NASDAQ,SGC,2000-11-08,0.135
NASDAQ,SGC,2000-08-03,0.135
NASDAQ,SGC,2000-05-11,0.135
NASDAQ,SGC,2000-02-10,0.135
NASDAQ,SGC,1999-11-10,0.135
NASDAQ,SGC,1999-08-12,0.135
NASDAQ,SGC,1999-05-13,0.135
NASDAQ,SGC,1999-02-10,0.135
NASDAQ,SGC,1998-11-12,0.135
NASDAQ,SGC,1998-08-06,0.125
NASDAQ,SGC,1998-05-14,0.125
NASDAQ,SGC,1998-02-11,0.125
NASDAQ,SGC,1997-11-06,0.125
NASDAQ,SGC,1997-08-07,0.11
NASDAQ,SGC,1997-05-08,0.11
NASDAQ,SGC,1997-02-12,0.11
NASDAQ,SGC,1996-11-14,0.11
NASDAQ,SGC,1996-08-08,0.09
NASDAQ,SGC,1996-05-09,0.08
NASDAQ,SGC,1996-02-14,0.09
NASDAQ,SGC,1995-11-16,0.09
NASDAQ,SGC,1995-08-11,0.09
NASDAQ,SGC,1995-05-05,0.09
NASDAQ,SGC,1995-02-13,0.08
NASDAQ,SGC,1994-11-14,0.08
NASDAQ,SGC,1994-08-15,0.08
NASDAQ,SGC,1994-05-11,0.08
NASDAQ,SGC,1994-02-14,0.08
NASDAQ,SGC,1993-10-29,0.07
NASDAQ,SGC,1993-08-11,0.07
NASDAQ,SGC,1993-05-05,0.07
NASDAQ,SGC,1993-02-10,0.07
NASDAQ,SGC,1992-11-09,0.062
NASDAQ,SGC,1992-08-06,0.062
NASDAQ,SGC,1992-05-06,0.0625
NASDAQ,SVBI,2009-09-28,0.03
NASDAQ,SVBI,2009-06-26,0.03
NASDAQ,SVBI,2009-03-27,0.03
NASDAQ,SVBI,2008-12-29,0.06
NASDAQ,SVBI,2008-09-26,0.06
NASDAQ,SVBI,2008-06-26,0.06
NASDAQ,SVBI,2008-03-27,0.06
NASDAQ,SVBI,2007-12-27,0.06
NASDAQ,SVBI,2007-09-26,0.06
NASDAQ,SVBI,2007-06-27,0.06
NASDAQ,SVBI,2007-03-28,0.06
NASDAQ,SVBI,2006-12-27,0.05455
NASDAQ,SVBI,2006-09-27,0.05455
NASDAQ,SVBI,2006-06-28,0.05455
NASDAQ,SVBI,2006-03-29,0.05455
NASDAQ,SVBI,2005-12-28,0.04959
NASDAQ,SVBI,2005-09-28,0.04959
NASDAQ,SVBI,2005-06-28,0.04959
NASDAQ,SVBI,2005-03-29,0.04959
NASDAQ,SVBI,2004-12-29,0.02273
NASDAQ,SVBI,2004-09-28,0.04545
NASDAQ,SVBI,2004-06-28,0.04132
NASDAQ,SVBI,2004-03-29,0.04132
NASDAQ,SVBI,2003-12-29,0.03719
NASDAQ,SVBI,2003-09-26,0.03719
NASDAQ,SVBI,2003-06-26,0.03305
NASDAQ,SVBI,2003-03-27,0.03305
NASDAQ,SVBI,2002-12-27,0.02479
NASDAQ,SVBI,2002-10-11,0.02479
NASDAQ,STLY,2008-11-05,0.1
NASDAQ,STLY,2008-08-06,0.1
NASDAQ,STLY,2008-05-07,0.1
NASDAQ,STLY,2008-02-13,0.1
NASDAQ,STLY,2007-11-07,0.1
NASDAQ,STLY,2007-08-08,0.1
NASDAQ,STLY,2007-05-09,0.1
NASDAQ,STLY,2007-02-14,0.1
NASDAQ,STLY,2006-11-08,0.08
NASDAQ,STLY,2006-08-09,0.08
NASDAQ,STLY,2006-05-10,0.08
NASDAQ,STLY,2006-02-15,0.08
NASDAQ,STLY,2005-11-09,0.06
NASDAQ,STLY,2005-08-10,0.06
NASDAQ,STLY,2005-05-11,0.06
NASDAQ,STLY,2005-02-16,0.06
NASDAQ,STLY,2004-11-09,0.05
NASDAQ,STLY,2004-08-11,0.05
NASDAQ,STLY,2004-05-12,0.05
NASDAQ,STLY,2004-02-11,0.05
NASDAQ,STLY,2003-11-12,0.025
NASDAQ,STLY,2003-08-13,0.025
NASDAQ,STLY,2003-05-14,0.025
NASDAQ,SPPR,2008-12-29,0.08
NASDAQ,SPPR,2008-09-26,0.128
NASDAQ,SPPR,2008-06-26,0.128
NASDAQ,SPPR,2008-03-27,0.128
NASDAQ,SPPR,2007-12-27,0.128
NASDAQ,SPPR,2007-09-26,0.125
NASDAQ,SPPR,2007-06-27,0.115
NASDAQ,SPPR,2007-03-28,0.113
NASDAQ,SPPR,2006-12-07,0.11
NASDAQ,SPPR,2006-09-27,0.105
NASDAQ,SPPR,2006-06-28,0.1
NASDAQ,SPPR,2006-03-29,0.09
NASDAQ,SPPR,2005-12-28,0.07
NASDAQ,SPPR,2005-09-28,0.07
NASDAQ,SPPR,2005-06-28,0.06
NASDAQ,SPPR,2005-04-13,0.06
NASDAQ,SPPR,2004-12-29,0.05
NASDAQ,SPPR,2004-09-28,0.05
NASDAQ,SPPR,2004-06-28,0.05
NASDAQ,SPPR,2004-03-29,0.05
NASDAQ,SPPR,2003-12-29,0.05
NASDAQ,SPPR,2003-09-26,0.05
NASDAQ,SPPR,2003-08-14,0.04
NASDAQ,SPPR,2003-06-26,0.03
NASDAQ,SPPR,2001-03-28,0.077
NASDAQ,SPPR,2001-02-26,0.077
NASDAQ,SPPR,2001-01-29,0.077
NASDAQ,SPPR,2000-12-27,0.077
NASDAQ,SPPR,2000-11-28,0.077
NASDAQ,SPPR,2000-10-27,0.077
NASDAQ,SPPR,2000-09-27,0.077
NASDAQ,SPPR,2000-08-29,0.077
NASDAQ,SPPR,2000-07-27,0.077
NASDAQ,SPPR,2000-06-28,0.075
NASDAQ,SPPR,2000-05-26,0.075
NASDAQ,SPPR,2000-04-26,0.075
NASDAQ,SPPR,2000-03-29,0.075
NASDAQ,SPPR,2000-02-25,0.075
NASDAQ,SPPR,2000-01-27,0.075
NASDAQ,SPPR,1999-12-29,0.075
NASDAQ,SPPR,1999-11-26,0.075
NASDAQ,SPPR,1999-10-19,0.075
NASDAQ,SPPR,1999-09-27,0.075
NASDAQ,SPPR,1999-08-27,0.075
NASDAQ,SPPR,1999-07-28,0.075
NASDAQ,SPPR,1999-06-28,0.075
NASDAQ,SPPR,1999-05-26,0.075
NASDAQ,SPPR,1999-04-28,0.075
NASDAQ,SPPR,1999-03-29,0.075
NASDAQ,SPPR,1999-02-24,0.075
NASDAQ,SPPR,1999-02-02,0.075
NASDAQ,SPPR,1998-12-29,0.075
NASDAQ,SPPR,1998-11-25,0.075
NASDAQ,SPPR,1998-10-28,0.075
NASDAQ,SPPR,1998-09-28,0.075
NASDAQ,SPPR,1998-08-27,0.075
NASDAQ,SPPR,1998-08-06,0.075
NASDAQ,SPPR,1998-06-23,0.075
NASDAQ,SPPR,1998-06-16,0.075
NASDAQ,SPPR,1998-06-04,0.067
NASDAQ,SPPR,1998-03-30,0.067
NASDAQ,SPPR,1998-02-25,0.067
NASDAQ,SPPR,1998-01-28,0.067
NASDAQ,SPPR,1997-12-29,0.067
NASDAQ,SPPR,1997-11-25,0.067
NASDAQ,SPPR,1997-10-29,0.067
NASDAQ,SPPR,1997-09-22,0.19
NASDAQ,SPPR,1997-07-03,0.19
NASDAQ,SPPR,1997-03-20,0.19
NASDAQ,SPPR,1996-11-26,0.19
NASDAQ,SPPR,1996-09-26,0.19
NASDAQ,SPPR,1996-06-20,0.19
NASDAQ,SPPR,1995-12-20,0.19
NASDAQ,SPPR,1995-09-27,0.19
NASDAQ,SPPR,1995-07-03,0.15
NASDAQ,SPPR,1995-04-04,0.15
NASDAQ,SOMH,2009-11-12,0.05
NASDAQ,SOMH,2009-08-13,0.05
NASDAQ,SOMH,2009-05-13,0.05
NASDAQ,SOMH,2009-02-11,0.05
NASDAQ,SOMH,2008-11-12,0.05
NASDAQ,SOMH,2008-08-13,0.05
NASDAQ,SOMH,2008-05-14,0.048
NASDAQ,SOMH,2008-02-13,0.0381
NASDAQ,SOMH,2007-11-13,0.0381
NASDAQ,SOMH,2007-08-15,0.0381
NASDAQ,SOMH,2007-05-11,0.03619
NASDAQ,SOMH,2007-02-14,0.02721
NASDAQ,SOMH,2006-11-13,0.02721
NASDAQ,SOMH,2006-08-29,0.02721
NASDAQ,SOMH,2006-05-11,0.0263
NASDAQ,SOMH,2006-02-09,0.01728
NASDAQ,SOMH,2005-11-02,0.01728
NASDAQ,SOMH,2005-05-13,0.01642
NASDAQ,STFC,2009-12-10,0.15
NASDAQ,STFC,2009-09-10,0.15
NASDAQ,STFC,2009-06-11,0.15
NASDAQ,STFC,2009-03-11,0.15
NASDAQ,STFC,2008-12-11,0.15
NASDAQ,STFC,2008-09-11,0.15
NASDAQ,STFC,2008-06-12,0.15
NASDAQ,STFC,2008-03-13,0.15
NASDAQ,STFC,2007-12-11,0.15
NASDAQ,STFC,2007-09-12,0.15
NASDAQ,STFC,2007-06-13,0.1
NASDAQ,STFC,2007-03-14,0.1
NASDAQ,STFC,2006-12-13,0.1
NASDAQ,STFC,2006-09-13,0.1
NASDAQ,STFC,2006-06-13,0.09
NASDAQ,STFC,2006-03-13,0.09
NASDAQ,STFC,2005-12-13,0.09
NASDAQ,STFC,2005-09-13,0.09
NASDAQ,STFC,2005-06-13,0.045
NASDAQ,STFC,2005-03-16,0.045
NASDAQ,STFC,2004-12-13,0.045
NASDAQ,STFC,2004-09-13,0.045
NASDAQ,STFC,2004-06-14,0.04
NASDAQ,STFC,2004-03-17,0.04
NASDAQ,STFC,2003-12-17,0.04
NASDAQ,STFC,2003-09-11,0.04
NASDAQ,STFC,2003-06-11,0.035
NASDAQ,STFC,2003-03-13,0.035
NASDAQ,STFC,2002-12-11,0.035
NASDAQ,STFC,2002-09-10,0.035
NASDAQ,STFC,2002-06-10,0.033
NASDAQ,STFC,2002-03-12,0.033
NASDAQ,STFC,2001-12-11,0.033
NASDAQ,STFC,2001-09-07,0.033
NASDAQ,STFC,2001-06-08,0.03
NASDAQ,STFC,2001-03-13,0.03
NASDAQ,STFC,2000-12-11,0.03
NASDAQ,STFC,2000-09-07,0.03
NASDAQ,STFC,2000-06-08,0.028
NASDAQ,STFC,2000-03-13,0.028
NASDAQ,STFC,1999-12-09,0.028
NASDAQ,STFC,1999-09-08,0.028
NASDAQ,STFC,1999-06-08,0.025
NASDAQ,STFC,1999-03-15,0.025
NASDAQ,STFC,1998-12-09,0.025
NASDAQ,STFC,1998-09-09,0.025
NASDAQ,STFC,1998-06-08,0.0225
NASDAQ,STFC,1998-03-13,0.0225
NASDAQ,STFC,1997-12-10,0.0225
NASDAQ,STFC,1997-09-10,0.0225
NASDAQ,STFC,1997-06-06,0.02
NASDAQ,STFC,1997-03-11,0.02
NASDAQ,STFC,1996-12-10,0.02
NASDAQ,STFC,1996-09-11,0.02
NASDAQ,STFC,1996-06-06,0.01834
NASDAQ,STFC,1996-03-11,0.01834
NASDAQ,STFC,1995-12-08,0.01834
NASDAQ,STFC,1995-09-08,0.01834
NASDAQ,STFC,1995-06-09,0.01666
NASDAQ,STFC,1995-03-09,0.01666
NASDAQ,STFC,1994-12-02,0.01666
NASDAQ,STFC,1994-09-01,0.01666
NASDAQ,STFC,1994-06-01,0.015
NASDAQ,STFC,1994-03-09,0.015
NASDAQ,STFC,1993-12-02,0.015
NASDAQ,STFC,1993-09-01,0.015
NASDAQ,STFC,1993-06-07,0.01333
NASDAQ,STFC,1993-03-12,0.01333
NASDAQ,STFC,1992-11-27,0.01333
NASDAQ,STFC,1992-09-01,0.01333
NASDAQ,STFC,1992-06-02,0.01167
NASDAQ,STFC,1991-11-27,0.01167
NASDAQ,STFC,1991-08-28,0.01167
NASDAQ,STSA,2008-09-26,0.1
NASDAQ,STSA,2008-06-26,0.1
NASDAQ,STSA,2008-03-27,0.1
NASDAQ,STSA,2007-12-27,0.095
NASDAQ,STSA,2007-09-26,0.09
NASDAQ,STSA,2007-06-27,0.085
NASDAQ,STSA,2007-03-28,0.08
NASDAQ,STSA,2006-12-28,0.075
NASDAQ,STSA,2006-12-27,0.075
NASDAQ,STSA,2006-09-27,0.07
NASDAQ,STSA,2006-06-28,0.065
NASDAQ,STSA,2006-03-29,0.06
NASDAQ,STSA,2005-12-28,0.055
NASDAQ,STSA,2005-09-28,0.05
NASDAQ,STSA,1993-03-09,0.10763
NASDAQ,STSA,1992-12-08,0.10763
NASDAQ,STON,2010-02-03,0.555
NASDAQ,STON,2009-11-04,0.555
NASDAQ,STON,2009-08-05,0.555
NASDAQ,STON,2009-05-06,0.555
NASDAQ,STON,2009-02-02,0.555
NASDAQ,STON,2008-10-23,0.555
NASDAQ,STON,2008-08-01,0.535
NASDAQ,STON,2008-05-01,0.515
NASDAQ,STON,2008-01-31,0.515
NASDAQ,STON,2007-10-17,0.515
NASDAQ,STON,2007-08-01,0.515
NASDAQ,STON,2007-05-02,0.5
NASDAQ,STON,2007-01-31,0.5
NASDAQ,STON,2006-11-01,0.49
NASDAQ,STON,2006-08-02,0.48
NASDAQ,STON,2006-05-03,0.48
NASDAQ,STON,2006-02-03,0.475
NASDAQ,STON,2005-10-28,0.463
NASDAQ,STON,2005-10-27,0.463
NASDAQ,STON,2005-08-03,0.463
NASDAQ,STON,2005-05-04,0.463
NASDAQ,STON,2005-02-03,0.513
NASDAQ,SERV,2009-12-14,0.01
NASDAQ,SERV,2009-09-23,0.01
NASDAQ,SERV,2009-06-16,0.02
NASDAQ,SERV,2009-03-27,0.02
NASDAQ,SERV,2008-12-15,0.038
NASDAQ,SERV,2008-09-25,0.038
NASDAQ,SERV,2008-06-13,0.0381
NASDAQ,SERV,2008-03-17,0.03429
NASDAQ,SERV,2007-12-10,0.03429
NASDAQ,SERV,2007-09-10,0.03429
NASDAQ,SERV,2007-06-05,0.03429
NASDAQ,SERV,2007-03-19,0.03429
NASDAQ,SERV,2006-12-07,0.03429
NASDAQ,SERV,2006-09-21,0.03429
NASDAQ,SERV,2006-06-01,0.03429
NASDAQ,SERV,2006-03-16,0.03429
NASDAQ,SERV,2005-12-15,0.03429
NASDAQ,SERV,2005-09-08,0.03463
NASDAQ,SERV,2005-06-02,0.03463
NASDAQ,SERV,2005-03-10,0.03463
NASDAQ,SERV,2004-12-01,0.03463
NASDAQ,SERV,2004-09-08,0.03463
NASDAQ,SERV,2004-06-16,0.17316
NASDAQ,SERV,2004-03-17,0.03463
NASDAQ,SERV,2003-12-04,0.03463
NASDAQ,SERV,2003-09-22,0.03463
NASDAQ,SERV,2003-06-09,0.03463
NASDAQ,SERV,2003-03-07,0.03463
NASDAQ,SERV,2002-12-05,0.03463
NASDAQ,SERV,2002-09-04,0.03463
NASDAQ,SERV,2002-06-10,0.03463
NASDAQ,SERV,2002-03-07,0.03463
NASDAQ,SERV,2001-12-12,0.03463
NASDAQ,SERV,2001-09-05,0.03463
NASDAQ,SERV,2001-06-11,0.03463
NASDAQ,SERV,2001-03-08,0.03463
NASDAQ,SERV,2000-12-13,0.03463
NASDAQ,SERV,2000-09-06,0.03463
NASDAQ,SERV,2000-06-12,0.03463
NASDAQ,SERV,2000-03-09,0.03463
NASDAQ,SERV,1999-12-08,0.03463
NASDAQ,SERV,1999-09-07,0.03463
NASDAQ,SERV,1999-06-14,0.03463
NASDAQ,SERV,1999-03-08,0.04329
NASDAQ,SERV,1998-12-07,0.04329
NASDAQ,SERV,1998-09-01,0.04329
NASDAQ,SERV,1998-06-10,0.04329
NASDAQ,SERV,1998-03-12,0.03463
NASDAQ,SERV,1997-12-08,0.03463
NASDAQ,SERV,1997-09-03,0.03463
NASDAQ,SERV,1997-06-12,0.03463
NASDAQ,SERV,1997-03-06,0.01731
NASDAQ,SERV,1996-12-09,0.01731
NASDAQ,SERV,1996-09-04,0.01299
NASDAQ,SERV,1996-06-05,0.01299
NASDAQ,SERV,1996-03-06,0.01299
NASDAQ,SERV,1995-12-07,0.02597
NASDAQ,SERV,1995-09-08,0.02597
NASDAQ,SERV,1995-06-06,0.02597
NASDAQ,SERV,1995-03-06,0.02597
NASDAQ,SERV,1994-12-05,0.02597
NASDAQ,SERV,1994-09-06,0.02597
NASDAQ,SERV,1994-06-06,0.02597
NASDAQ,SERV,1994-03-04,0.02597
NASDAQ,SERV,1993-12-06,0.02597
NASDAQ,SERV,1993-09-03,0.02597
NASDAQ,SERV,1993-06-04,0.01731
NASDAQ,SERV,1993-03-04,0.01731
NASDAQ,SERV,1992-12-08,0.01731
NASDAQ,SERV,1992-09-03,0.01731
NASDAQ,SERV,1992-06-04,0.04329
NASDAQ,SERV,1992-03-09,0.04329
NASDAQ,SERV,1991-12-09,0.04329
NASDAQ,SERV,1991-09-05,0.04329
NASDAQ,SERV,1991-06-06,0.04329
NASDAQ,SERV,1991-03-06,0.04329
NASDAQ,SERV,1990-09-05,0.04329
NASDAQ,SIVB,1992-05-12,0.00375
NASDAQ,SIVB,1991-09-10,0.00375
NASDAQ,SIVB,1990-08-13,0.00375
NASDAQ,SHPGY,2009-09-09,0.064
NASDAQ,SHPGY,2009-03-11,0.233
NASDAQ,SHPGY,2008-09-10,0.064
NASDAQ,SHPGY,2008-03-12,0.194
NASDAQ,SHPGY,2007-09-12,0.064
NASDAQ,SHPGY,2007-03-14,0.157
NASDAQ,SHPGY,2006-09-13,0.058
NASDAQ,SHPGY,2006-03-15,0.133
NASDAQ,SHPGY,2005-09-14,0.055
NASDAQ,SHPGY,2005-03-16,0.116
NASDAQ,SHPGY,2004-09-15,0.055
NASDAQ,STBC,2009-11-18,0.05
NASDAQ,STBC,2009-08-19,0.05
NASDAQ,STBC,2009-05-20,0.05
NASDAQ,STBC,2009-02-19,0.05
NASDAQ,STBC,2008-11-19,0.1
NASDAQ,STBC,2008-08-20,0.1
NASDAQ,STBC,2008-05-21,0.15
NASDAQ,STBC,2008-02-20,0.15
NASDAQ,STBC,2007-11-14,0.15
NASDAQ,STBC,2007-08-15,0.15
NASDAQ,STBC,2007-03-21,0.15
NASDAQ,STBC,2006-11-30,0.15
NASDAQ,STBC,2006-08-23,0.15
NASDAQ,STBC,2006-05-04,0.15
NASDAQ,STBC,2005-12-14,0.15
NASDAQ,STBC,2005-09-07,0.15
NASDAQ,STBC,2005-06-15,0.125
NASDAQ,STBC,2005-03-09,0.125
NASDAQ,STBC,2004-12-08,0.125
NASDAQ,STBC,2004-09-08,0.125
NASDAQ,STBC,2004-06-09,0.125
NASDAQ,STBC,2004-03-10,0.11111
NASDAQ,STBC,2003-12-10,0.11111
NASDAQ,STBC,2003-09-10,0.11111
NASDAQ,STBC,2003-06-11,0.11111
NASDAQ,STBC,2003-03-12,0.10582
NASDAQ,STBC,2002-12-11,0.10582
NASDAQ,STBC,2002-09-11,0.10582
NASDAQ,STBC,2002-06-12,0.10582
NASDAQ,STBC,2002-03-13,0.10078
NASDAQ,STBC,2001-12-12,0.10078
NASDAQ,STBC,2001-06-06,0.10078
NASDAQ,STBC,2001-03-14,0.08913
NASDAQ,STBC,2000-12-13,0.08913
NASDAQ,STBC,2000-09-13,0.08913
NASDAQ,STBC,2000-06-07,0.08913
NASDAQ,STBC,2000-03-15,0.08253
NASDAQ,STBC,1999-12-15,0.08253
NASDAQ,STBC,1999-09-15,0.08253
NASDAQ,STBC,1999-06-09,0.08253
NASDAQ,STBC,1999-03-24,0.07187
NASDAQ,STBC,1998-12-16,0.07187
NASDAQ,STBC,1998-09-16,0.06887
NASDAQ,STBC,1998-06-10,0.06887
NASDAQ,STBC,1998-03-25,0.06844
NASDAQ,STBC,1997-12-17,0.06844
NASDAQ,STBC,1997-09-17,0.06844
NASDAQ,STBC,1997-07-03,0.05704
NASDAQ,STBC,1997-06-11,0.06844
NASDAQ,STBC,1997-03-12,0.05704
NASDAQ,STBC,1996-12-18,0.05704
NASDAQ,STBC,1996-09-18,0.05704
NASDAQ,STBC,1996-06-12,0.05228
NASDAQ,STBC,1996-03-13,0.0352
NASDAQ,STBC,1995-12-13,0.0352
NASDAQ,STBC,1995-09-13,0.0352
NASDAQ,SHEN,2009-11-06,0.32
NASDAQ,SHEN,2008-11-07,0.3
NASDAQ,SHEN,2007-11-09,0.27
NASDAQ,SHEN,2006-11-13,0.25
NASDAQ,SHEN,2005-11-09,0.15333
NASDAQ,SHEN,2004-11-09,0.14333
NASDAQ,SHEN,2003-11-12,0.13
NASDAQ,SHEN,2002-11-13,0.12333
NASDAQ,SHEN,2001-11-07,0.11667
NASDAQ,SAFM,2010-02-05,0.15
NASDAQ,SAFM,2009-10-02,0.15
NASDAQ,SAFM,2009-07-31,0.14
NASDAQ,SAFM,2009-05-01,0.14
NASDAQ,SAFM,2009-02-06,0.14
NASDAQ,SAFM,2008-10-03,0.14
NASDAQ,SAFM,2008-08-08,0.14
NASDAQ,SAFM,2008-05-02,0.14
NASDAQ,SAFM,2008-02-01,0.14
NASDAQ,SAFM,2007-10-04,0.14
NASDAQ,SAFM,2007-08-03,0.12
NASDAQ,SAFM,2007-05-04,0.12
NASDAQ,SAFM,2007-02-02,0.12
NASDAQ,SAFM,2006-10-05,0.12
NASDAQ,SAFM,2006-08-04,0.12
NASDAQ,SAFM,2006-05-05,0.12
NASDAQ,SAFM,2006-02-03,0.12
NASDAQ,SAFM,2005-10-13,0.12
NASDAQ,SAFM,2005-08-05,0.1
NASDAQ,SAFM,2005-05-06,0.1
NASDAQ,SAFM,2005-02-04,0.1
NASDAQ,SAFM,2004-10-07,0.6
NASDAQ,SAFM,2004-08-06,0.08
NASDAQ,SAFM,2004-04-30,0.08
NASDAQ,SAFM,2004-02-06,0.08
NASDAQ,SAFM,2003-10-09,0.41333
NASDAQ,SAFM,2003-08-08,0.06667
NASDAQ,SAFM,2003-05-02,0.06667
NASDAQ,SAFM,2003-01-31,0.06667
NASDAQ,SAFM,2002-10-04,0.06667
NASDAQ,SAFM,2002-08-02,0.06667
NASDAQ,SAFM,2002-05-03,0.06667
NASDAQ,SAFM,2002-02-01,0.06667
NASDAQ,SAFM,2001-10-04,0.03333
NASDAQ,SAFM,2001-08-03,0.03333
NASDAQ,SAFM,2001-05-04,0.03333
NASDAQ,SAFM,2001-02-02,0.03333
NASDAQ,SAFM,2000-10-05,0.03333
NASDAQ,SAFM,2000-08-04,0.03333
NASDAQ,SAFM,2000-04-28,0.03333
NASDAQ,SAFM,2000-02-04,0.03333
NASDAQ,SAFM,1999-10-01,0.03333
NASDAQ,SAFM,1999-09-13,0.03333
NASDAQ,SAFM,1999-07-30,0.03333
NASDAQ,SAFM,1999-04-30,0.03333
NASDAQ,SAFM,1999-02-04,0.03333
NASDAQ,SAFM,1998-10-02,0.03333
NASDAQ,SAFM,1998-07-31,0.03333
NASDAQ,SAFM,1998-05-01,0.03333
NASDAQ,SAFM,1998-02-06,0.03333
NASDAQ,SAFM,1997-10-03,0.03333
NASDAQ,SAFM,1997-08-01,0.03333
NASDAQ,SAFM,1997-05-02,0.03333
NASDAQ,SAFM,1997-01-31,0.03333
NASDAQ,SAFM,1996-10-04,0.03333
NASDAQ,SAFM,1996-08-02,0.03333
NASDAQ,SAFM,1996-05-03,0.03333
NASDAQ,SAFM,1996-02-02,0.03333
NASDAQ,SAFM,1995-09-29,0.03333
NASDAQ,SAFM,1995-08-04,0.03333
NASDAQ,SAFM,1995-05-03,0.03333
NASDAQ,SAFM,1995-02-01,0.03333
NASDAQ,SAFM,1994-09-27,0.03333
NASDAQ,SAFM,1994-08-02,0.03333
NASDAQ,SAFM,1994-05-03,0.03333
NASDAQ,SAFM,1994-02-01,0.03333
NASDAQ,SAFM,1993-09-28,0.03333
NASDAQ,SAFM,1993-08-03,0.03333
NASDAQ,SAFM,1993-05-04,0.03333
NASDAQ,SAFM,1993-02-03,0.03333
NASDAQ,SAFM,1992-09-29,0.03333
NASDAQ,SAFM,1992-08-04,0.03333
NASDAQ,SAFM,1992-05-05,0.03333
NASDAQ,SAFM,1992-02-04,0.03333
NASDAQ,SAFM,1991-10-01,0.03333
NASDAQ,SAFM,1991-07-30,0.03333
NASDAQ,SAFM,1991-04-30,0.03333
NASDAQ,SAFM,1991-01-29,0.03333
NASDAQ,SAFM,1990-10-02,0.03333
NASDAQ,SAFM,1990-05-01,0.03333
NASDAQ,SAFM,1990-01-30,0.03333
NASDAQ,SASR,2009-12-03,0.01
NASDAQ,SASR,2009-09-02,0.12
NASDAQ,SASR,2009-06-04,0.12
NASDAQ,SASR,2009-02-27,0.12
NASDAQ,SASR,2008-11-26,0.24
NASDAQ,SASR,2008-09-04,0.24
NASDAQ,SASR,2008-06-05,0.24
NASDAQ,SASR,2008-03-06,0.24
NASDAQ,SASR,2007-11-21,0.23
NASDAQ,SASR,2007-09-06,0.23
NASDAQ,SASR,2007-06-07,0.23
NASDAQ,SASR,2007-03-08,0.23
NASDAQ,SASR,2006-11-22,0.22
NASDAQ,SASR,2006-09-07,0.22
NASDAQ,SASR,2006-06-08,0.22
NASDAQ,SASR,2006-02-28,0.22
NASDAQ,SASR,2005-11-23,0.22
NASDAQ,SASR,2005-09-08,0.21
NASDAQ,SASR,2005-06-02,0.21
NASDAQ,SASR,2005-03-04,0.0
NASDAQ,SASR,2005-03-03,0.2
NASDAQ,SASR,2004-11-24,0.2
NASDAQ,SASR,2004-09-02,0.2
NASDAQ,SASR,2004-06-03,0.19
NASDAQ,SASR,2004-03-08,0.19
NASDAQ,SASR,2003-11-26,0.19
NASDAQ,SASR,2003-09-04,0.19
NASDAQ,SASR,2003-06-05,0.18
NASDAQ,SASR,2003-03-06,0.18
NASDAQ,SASR,2002-11-27,0.18
NASDAQ,SASR,2002-09-05,0.17
NASDAQ,SASR,2002-06-06,0.17
NASDAQ,SASR,2002-03-07,0.17
NASDAQ,SASR,2001-11-21,0.16667
NASDAQ,SASR,2001-09-06,0.15333
NASDAQ,SASR,2001-06-07,0.14667
NASDAQ,SASR,2001-03-08,0.14
NASDAQ,SASR,2000-11-22,0.14
NASDAQ,SASR,2000-09-07,0.13333
NASDAQ,SASR,2000-06-08,0.13333
NASDAQ,SASR,2000-03-02,0.13333
NASDAQ,SASR,1999-12-02,0.12667
NASDAQ,SASR,1999-09-02,0.12667
NASDAQ,SASR,1999-06-03,0.12667
NASDAQ,SASR,1999-03-04,0.12
NASDAQ,SASR,1998-12-03,0.12
NASDAQ,SASR,1998-09-03,0.11333
NASDAQ,SASR,1998-06-04,0.1
NASDAQ,SASR,1998-03-05,0.08667
NASDAQ,SASR,1997-11-26,0.08667
NASDAQ,SASR,1997-09-04,0.08
NASDAQ,SASR,1997-06-05,0.07
NASDAQ,SASR,1997-03-06,0.07
NASDAQ,SASR,1996-11-27,0.07
NASDAQ,SASR,1996-09-05,0.06667
NASDAQ,SASR,1996-06-06,0.016
NASDAQ,SKYW,2009-12-29,0.04
NASDAQ,SKYW,2009-09-28,0.04
NASDAQ,SKYW,2009-06-26,0.04
NASDAQ,SKYW,2009-03-27,0.04
NASDAQ,SKYW,2008-12-29,0.04
NASDAQ,SKYW,2008-09-26,0.03
NASDAQ,SKYW,2008-06-26,0.03
NASDAQ,SKYW,2008-03-27,0.03
NASDAQ,SKYW,2007-12-27,0.03
NASDAQ,SKYW,2007-09-26,0.03
NASDAQ,SKYW,2007-06-27,0.03
NASDAQ,SKYW,2007-03-28,0.03
NASDAQ,SKYW,2006-12-27,0.03
NASDAQ,SKYW,2006-09-28,0.03
NASDAQ,SKYW,2006-06-28,0.03
NASDAQ,SKYW,2006-03-29,0.03
NASDAQ,SKYW,2005-12-28,0.03
NASDAQ,SKYW,2005-09-28,0.03
NASDAQ,SKYW,2005-06-28,0.03
NASDAQ,SKYW,2005-03-29,0.03
NASDAQ,SKYW,2004-12-29,0.03
NASDAQ,SKYW,2004-09-28,0.03
NASDAQ,SKYW,2004-06-28,0.03
NASDAQ,SKYW,2004-03-29,0.03
NASDAQ,SKYW,2003-12-29,0.02
NASDAQ,SKYW,2003-09-26,0.02
NASDAQ,SKYW,2003-06-26,0.02
NASDAQ,SKYW,2003-03-27,0.02
NASDAQ,SKYW,2002-12-27,0.02
NASDAQ,SKYW,2002-09-26,0.02
NASDAQ,SKYW,2002-06-26,0.02
NASDAQ,SKYW,2002-03-26,0.02
NASDAQ,SKYW,2001-12-27,0.02
NASDAQ,SKYW,2001-09-26,0.02
NASDAQ,SKYW,2001-06-27,0.02
NASDAQ,SKYW,2001-03-28,0.02
NASDAQ,SKYW,2000-12-27,0.02
NASDAQ,SKYW,2000-09-27,0.02
NASDAQ,SKYW,2000-06-28,0.02
NASDAQ,SKYW,2000-03-29,0.02
NASDAQ,SKYW,1999-12-29,0.015
NASDAQ,SKYW,1999-09-28,0.015
NASDAQ,SKYW,1999-06-28,0.015
NASDAQ,SKYW,1999-04-06,0.015
NASDAQ,SKYW,1998-12-29,0.015
NASDAQ,SKYW,1998-09-28,0.015
NASDAQ,SKYW,1998-06-26,0.015
NASDAQ,SKYW,1998-03-27,0.0125
NASDAQ,SKYW,1997-12-29,0.0125
NASDAQ,SKYW,1997-09-26,0.0125
NASDAQ,SKYW,1997-06-26,0.0125
NASDAQ,SKYW,1997-03-26,0.0125
NASDAQ,SKYW,1996-12-27,0.0125
NASDAQ,SKYW,1996-09-26,0.0125
NASDAQ,SKYW,1996-06-03,0.005
NASDAQ,SKYW,1995-12-27,0.005
NASDAQ,SKYW,1995-06-14,0.005
NASDAQ,SKYW,1994-12-23,0.005
NASDAQ,SKYW,1994-06-13,0.003
NASDAQ,SKYW,1993-12-27,0.003
NASDAQ,SKYW,1993-08-25,0.0025
NASDAQ,SKYW,1992-12-24,0.0025
NASDAQ,SKYW,1992-08-25,0.0025
NASDAQ,SKYW,1991-12-24,0.0025
NASDAQ,SKYW,1991-07-09,0.0025
NASDAQ,SKYW,1990-12-24,0.0025
NASDAQ,SKYW,1990-06-25,0.0025
NASDAQ,SNSTA,2009-10-21,1.0
NASDAQ,SNSTA,2008-12-17,0.25
NASDAQ,SNSTA,2008-06-16,0.1
NASDAQ,SNSTA,2007-12-17,0.1
NASDAQ,SNSTA,2007-06-13,0.1
NASDAQ,SNSTA,2006-12-14,0.1
NASDAQ,SNSTA,2006-06-14,0.1
NASDAQ,SNSTA,2005-12-14,0.1
NASDAQ,SNSTA,2005-05-19,1.0
NASDAQ,SNSTA,2003-06-12,0.05
NASDAQ,SNSTA,2002-12-13,0.1
NASDAQ,SNSTA,2002-06-13,0.1
NASDAQ,SNSTA,2001-12-14,0.1
NASDAQ,SNSTA,2001-06-13,0.1
NASDAQ,SNSTA,2000-12-13,0.1
NASDAQ,SNSTA,2000-06-14,0.1
NASDAQ,SNSTA,1999-12-15,0.05
NASDAQ,SNSTA,1999-06-11,0.0375
NASDAQ,SNSTA,1998-12-14,0.0375
NASDAQ,SNSTA,1998-06-12,0.0375
NASDAQ,SNSTA,1997-12-12,0.0375
NASDAQ,SNSTA,1997-06-12,0.0375
NASDAQ,SNSTA,1996-12-12,0.0375
NASDAQ,SNSTA,1996-06-12,0.0375
NASDAQ,SNSTA,1995-12-13,0.075
NASDAQ,SNSTA,1995-06-13,0.075
NASDAQ,SNSTA,1995-03-16,0.075
NASDAQ,SNSTA,1994-12-09,0.075
NASDAQ,SNSTA,1994-06-09,0.075
NASDAQ,SHMR,2009-12-03,0.609
NASDAQ,SHMR,2008-02-07,0.243
NASDAQ,SHMR,2007-07-05,0.246
NASDAQ,SHIP,2008-07-07,0.047
NASDAQ,SHIP,2008-04-07,0.067
NASDAQ,SRCE,2010-02-04,0.15
NASDAQ,SRCE,2009-11-04,0.16
NASDAQ,SRCE,2009-08-06,0.15
NASDAQ,SRCE,2009-05-01,0.14
NASDAQ,SRCE,2009-01-30,0.14
NASDAQ,SRCE,2008-10-31,0.16
NASDAQ,SRCE,2008-08-01,0.14
NASDAQ,SRCE,2008-05-01,0.14
NASDAQ,SRCE,2008-02-01,0.14
NASDAQ,SRCE,2007-11-01,0.14
NASDAQ,SRCE,2007-08-02,0.14
NASDAQ,SRCE,2007-05-03,0.14
NASDAQ,SRCE,2007-02-01,0.14
NASDAQ,SRCE,2006-11-02,0.14
NASDAQ,SRCE,2006-08-04,0.14
NASDAQ,SRCE,2006-05-04,0.12727
NASDAQ,SRCE,2006-02-02,0.12727
NASDAQ,SRCE,2005-11-03,0.11818
NASDAQ,SRCE,2005-08-04,0.10909
NASDAQ,SRCE,2005-05-05,0.10909
NASDAQ,SRCE,2005-02-03,0.10909
NASDAQ,SRCE,2004-11-04,0.1
NASDAQ,SRCE,2004-08-05,0.1
NASDAQ,SRCE,2004-05-06,0.09091
NASDAQ,SRCE,2004-02-05,0.09091
NASDAQ,SRCE,2003-11-06,0.09091
NASDAQ,SRCE,2003-08-01,0.08182
NASDAQ,SRCE,2003-05-01,0.08182
NASDAQ,SRCE,2003-02-03,0.08182
NASDAQ,SRCE,2002-11-01,0.08182
NASDAQ,SRCE,2002-08-01,0.08182
NASDAQ,SRCE,2002-05-02,0.08182
NASDAQ,SRCE,2002-02-01,0.08182
NASDAQ,SRCE,2001-11-01,0.08182
NASDAQ,SRCE,2001-08-01,0.08182
NASDAQ,SRCE,2001-05-02,0.08182
NASDAQ,SRCE,2001-02-01,0.07792
NASDAQ,SRCE,2000-11-02,0.07792
NASDAQ,SRCE,2000-08-02,0.07792
NASDAQ,SRCE,2000-05-03,0.07421
NASDAQ,SRCE,2000-02-10,0.07421
NASDAQ,SRCE,1999-11-03,0.06596
NASDAQ,SRCE,1999-08-03,0.06596
NASDAQ,SRCE,1999-04-30,0.06596
NASDAQ,SRCE,1999-02-02,0.06596
NASDAQ,SRCE,1998-11-03,0.05396
NASDAQ,SRCE,1998-08-03,0.05396
NASDAQ,SRCE,1998-05-01,0.05396
NASDAQ,SRCE,1998-02-03,0.03898
NASDAQ,SRCE,1997-11-03,0.05452
NASDAQ,SRCE,1997-08-01,0.05111
NASDAQ,SRCE,1997-05-01,0.05111
NASDAQ,SRCE,1997-02-03,0.06105
NASDAQ,SRCE,1996-11-01,0.04906
NASDAQ,SCHN,2009-11-12,0.017
NASDAQ,SCHN,2009-08-13,0.017
NASDAQ,SCHN,2009-05-14,0.017
NASDAQ,SCHN,2009-02-12,0.017
NASDAQ,SCHN,2008-11-13,0.017
NASDAQ,SCHN,2008-08-14,0.017
NASDAQ,SCHN,2008-05-15,0.017
NASDAQ,SCHN,2008-02-13,0.017
NASDAQ,SCHN,2007-11-15,0.017
NASDAQ,SCHN,2007-08-07,0.017
NASDAQ,SCHN,2007-05-03,0.017
NASDAQ,SCHN,2007-02-08,0.017
NASDAQ,SCHN,2006-11-09,0.017
NASDAQ,SCHN,2006-08-14,0.017
NASDAQ,SCHN,2006-05-04,0.017
NASDAQ,SCHN,2006-02-09,0.017
NASDAQ,SCHN,2005-11-09,0.017
NASDAQ,SCHN,2005-08-04,0.017
NASDAQ,SCHN,2005-05-05,0.017
NASDAQ,SCHN,2005-02-10,0.017
NASDAQ,SCHN,2004-11-08,0.017
NASDAQ,SCHN,2004-08-10,0.017
NASDAQ,SCHN,2004-05-10,0.017
NASDAQ,SCHN,2004-02-11,0.01667
NASDAQ,SCHN,2003-11-07,0.01667
NASDAQ,SCHN,2003-07-22,0.01667
NASDAQ,SCHN,2003-05-06,0.01667
NASDAQ,SCHN,2003-02-05,0.01667
NASDAQ,SCHN,2002-11-05,0.01667
NASDAQ,SCHN,2002-08-06,0.01667
NASDAQ,SCHN,2002-05-06,0.01667
NASDAQ,SCHN,2002-02-06,0.01667
NASDAQ,SCHN,2001-11-07,0.01667
NASDAQ,SCHN,2001-11-06,0.01667
NASDAQ,SCHN,2001-08-06,0.01667
NASDAQ,SCHN,2001-05-04,0.01667
NASDAQ,SCHN,2001-02-06,0.01667
NASDAQ,SCHN,2000-11-03,0.01667
NASDAQ,SCHN,2000-08-04,0.01667
NASDAQ,SCHN,2000-05-04,0.01667
NASDAQ,SCHN,2000-02-02,0.01667
NASDAQ,SCHN,1999-11-02,0.01667
NASDAQ,SCHN,1999-08-02,0.01667
NASDAQ,SCHN,1999-05-03,0.01667
NASDAQ,SCHN,1999-02-02,0.01667
NASDAQ,SCHN,1998-11-04,0.01667
NASDAQ,SCHN,1998-08-04,0.01667
NASDAQ,SCHN,1998-05-04,0.01667
NASDAQ,SCHN,1998-02-03,0.01667
NASDAQ,SCHN,1997-11-04,0.01667
NASDAQ,SCHN,1997-08-04,0.01667
NASDAQ,SCHN,1997-05-08,0.01667
NASDAQ,SCHN,1997-02-04,0.01667
NASDAQ,SCHN,1996-11-05,0.01667
NASDAQ,SCHN,1996-08-06,0.01667
NASDAQ,SCHN,1996-05-07,0.01667
NASDAQ,SCHN,1996-02-06,0.01667
NASDAQ,SCHN,1995-11-07,0.01667
NASDAQ,SCHN,1995-08-08,0.01667
NASDAQ,SCHN,1995-05-04,0.01667
NASDAQ,SCHN,1995-02-03,0.01667
NASDAQ,SCHN,1994-11-04,0.01667
NASDAQ,SCHN,1994-08-04,0.01667
NASDAQ,SCHN,1994-02-04,0.01667
NASDAQ,STX,2009-02-04,0.03
NASDAQ,STX,2008-11-05,0.12
NASDAQ,STX,2008-07-30,0.12
NASDAQ,STX,2008-04-30,0.12
NASDAQ,STX,2008-01-30,0.1
NASDAQ,STX,2007-10-31,0.1
NASDAQ,STX,2007-08-01,0.1
NASDAQ,STX,2007-05-02,0.1
NASDAQ,STX,2007-01-31,0.1
NASDAQ,STX,2006-11-01,0.1
NASDAQ,STX,2006-08-16,0.08
NASDAQ,STX,2006-05-03,0.08
NASDAQ,STX,2006-02-01,0.08
NASDAQ,STX,2005-11-02,0.08
NASDAQ,STX,2005-08-03,0.08
NASDAQ,STX,2005-05-04,0.08
NASDAQ,STX,2005-02-02,0.06
NASDAQ,STX,2004-11-03,0.06
NASDAQ,STX,2004-08-04,0.06
NASDAQ,STX,2004-05-05,0.06
NASDAQ,STX,2004-02-11,0.06
NASDAQ,STX,2003-11-05,0.04
NASDAQ,STX,2003-08-06,0.04
NASDAQ,STX,2003-05-07,0.03
NASDAQ,STX,2003-02-12,0.03
NASDAQ,SNHY,2009-12-29,0.09
NASDAQ,SNHY,2009-09-28,0.09
NASDAQ,SNHY,2009-06-26,0.09
NASDAQ,SNHY,2009-03-27,0.09
NASDAQ,SNHY,2008-12-29,0.09
NASDAQ,SNHY,2008-09-26,0.09
NASDAQ,SNHY,2008-06-26,0.09
NASDAQ,SNHY,2008-05-13,0.09
NASDAQ,SNHY,2008-03-27,0.09
NASDAQ,SNHY,2007-12-27,0.09
NASDAQ,SNHY,2007-09-26,0.09
NASDAQ,SNHY,2007-06-27,0.06
NASDAQ,SNHY,2007-03-28,0.06667
NASDAQ,SNHY,2006-12-27,0.06667
NASDAQ,SNHY,2006-09-27,0.06667
NASDAQ,SNHY,2006-06-28,0.06667
NASDAQ,SNHY,2006-03-29,0.06667
NASDAQ,SNHY,2005-12-28,0.06667
NASDAQ,SNHY,2005-09-28,0.06667
NASDAQ,SNHY,2005-06-28,0.03333
NASDAQ,SNHY,2005-03-29,0.03333
NASDAQ,SNHY,2004-12-29,0.03333
NASDAQ,SNHY,2004-09-28,0.02222
NASDAQ,SNHY,2004-06-28,0.02222
NASDAQ,SNHY,2004-03-29,0.01778
NASDAQ,SNHY,2003-12-29,0.01778
NASDAQ,SNHY,2003-09-26,0.01778
NASDAQ,SNHY,2003-08-07,0.88889
NASDAQ,SNHY,2003-06-26,0.01778
NASDAQ,SNHY,2003-03-27,0.01778
NASDAQ,SNHY,2002-12-27,0.01778
NASDAQ,SNHY,2002-09-26,0.01778
NASDAQ,SNHY,2002-06-26,0.01778
NASDAQ,SNHY,2002-03-26,0.01778
NASDAQ,SNHY,2001-12-27,0.01778
NASDAQ,SNHY,2001-09-26,0.01778
NASDAQ,SNHY,2001-06-27,0.01778
NASDAQ,SNHY,2001-03-28,0.01778
NASDAQ,SNHY,2000-12-27,0.01778
NASDAQ,SNHY,2000-09-27,0.01778
NASDAQ,SNHY,2000-06-28,0.01778
NASDAQ,SNHY,2000-03-29,0.01778
NASDAQ,SNHY,1999-12-29,0.01778
NASDAQ,SNHY,1999-09-28,0.01778
NASDAQ,SNHY,1999-06-28,0.01778
NASDAQ,SNHY,1999-03-29,0.01778
NASDAQ,SNHY,1998-12-29,0.01778
NASDAQ,SNHY,1998-09-28,0.01778
NASDAQ,SNHY,1998-06-26,0.01778
NASDAQ,SNHY,1998-03-27,0.01778
NASDAQ,SNHY,1997-12-29,0.01555
NASDAQ,SNHY,1997-09-29,0.01555
NASDAQ,SNHY,1997-07-01,0.01555
NASDAQ,SNHY,1997-03-26,0.01555
NASDAQ,SHBI,2009-11-12,0.16
NASDAQ,SHBI,2009-08-13,0.16
NASDAQ,SHBI,2009-05-14,0.16
NASDAQ,SHBI,2009-02-12,0.16
NASDAQ,SHBI,2008-11-13,0.16
NASDAQ,SHBI,2008-08-14,0.16
NASDAQ,SHBI,2008-05-15,0.16
NASDAQ,SHBI,2008-02-14,0.16
NASDAQ,SHBI,2007-11-15,0.16
NASDAQ,SHBI,2007-08-16,0.16
NASDAQ,SHBI,2007-05-17,0.16
NASDAQ,SHBI,2007-02-13,0.16
NASDAQ,SHBI,2006-11-16,0.15
NASDAQ,SHBI,2006-08-10,0.15
NASDAQ,SHBI,2006-05-11,0.14667
NASDAQ,SHBI,2006-02-09,0.14
NASDAQ,SHBI,2005-11-09,0.14
NASDAQ,SHBI,2005-08-11,0.14
NASDAQ,SHBI,2005-05-17,0.12667
NASDAQ,SHBI,2005-02-10,0.12667
NASDAQ,SHBI,2004-11-10,0.12
NASDAQ,SHBI,2004-08-12,0.12
NASDAQ,SHBI,2004-05-13,0.12
NASDAQ,SHBI,2004-02-12,0.12
NASDAQ,SHBI,2003-11-13,0.11333
NASDAQ,SHBI,2003-08-14,0.11333
NASDAQ,SHBI,2003-05-15,0.11333
NASDAQ,SHBI,2003-02-12,0.1
NASDAQ,SHBI,2002-11-14,0.1
NASDAQ,SHBI,2002-08-15,0.1
NASDAQ,SHBI,2002-05-16,0.1
NASDAQ,SHBI,2002-02-14,0.1
NASDAQ,SHBI,2001-11-15,0.1
NASDAQ,SHBI,2001-08-15,0.1
NASDAQ,SHBI,2001-05-08,0.1
NASDAQ,SBBX,2009-02-12,0.03
NASDAQ,SBBX,2008-07-21,0.06573
NASDAQ,SBBX,2008-04-29,0.06573
NASDAQ,SBBX,2008-01-30,0.06573
NASDAQ,SBBX,2007-11-01,0.06573
NASDAQ,SBBX,2007-08-02,0.06573
NASDAQ,SBBX,2007-05-03,0.06573
NASDAQ,SBBX,2007-01-31,0.06573
NASDAQ,SBBX,2006-11-01,0.06573
NASDAQ,SBBX,2006-08-02,0.06573
NASDAQ,SBBX,2006-05-03,0.06573
NASDAQ,SBBX,2006-01-25,0.06573
NASDAQ,SBBX,2005-11-01,0.0
NASDAQ,SBBX,2005-07-29,0.0626
NASDAQ,SBBX,2005-05-05,0.0626
NASDAQ,SBBX,2005-01-26,0.0626
NASDAQ,SBBX,2004-11-03,0.0626
NASDAQ,SBBX,2004-07-29,0.0626
NASDAQ,SBBX,2004-04-29,0.0626
NASDAQ,SBBX,2004-01-21,0.0626
NASDAQ,SBBX,2003-10-30,0.0
NASDAQ,SBBX,2003-07-24,0.05962
NASDAQ,SBBX,2003-05-01,0.05962
NASDAQ,SBBX,2003-01-30,0.05962
NASDAQ,SBBX,2002-10-31,0.05962
NASDAQ,SBBX,2002-08-01,0.0511
NASDAQ,SBBX,2002-05-01,0.0511
NASDAQ,SBBX,2002-03-15,0.0511
NASDAQ,SBBX,2001-10-31,0.04258
NASDAQ,SBBX,2001-08-02,0.05962
NASDAQ,SBBX,2001-05-01,0.05962
NASDAQ,SBBX,2000-12-29,0.05962
NASDAQ,SBBX,2000-09-29,0.0511
NASDAQ,SBBX,2000-06-30,0.0494
NASDAQ,SBBX,2000-03-30,0.04867
NASDAQ,SBBX,2000-01-05,0.02433
NASDAQ,SBBX,1999-09-29,0.02433
NASDAQ,SBBX,1999-06-29,0.02433
NASDAQ,SBBX,1999-03-30,0.02433
NASDAQ,SBBX,1998-12-30,0.02433
NASDAQ,SBBX,1998-09-30,0.05679
NASDAQ,SBBX,1998-06-30,0.05271
NASDAQ,SBBX,1998-04-29,0.05271
NASDAQ,SCMF,2009-02-11,0.04
NASDAQ,SCMF,2008-11-12,0.04
NASDAQ,SCMF,2008-08-13,0.04
NASDAQ,SCMF,2008-05-13,0.04
NASDAQ,SCMF,2008-02-13,0.04
NASDAQ,SCMF,2007-11-13,0.04
NASDAQ,SCMF,2007-08-13,0.04
NASDAQ,SCMF,2007-05-11,0.04
NASDAQ,SCMF,2007-02-13,0.035
NASDAQ,SCMF,2006-11-13,0.035
NASDAQ,SCMF,2006-08-11,0.035
NASDAQ,SCMF,2006-05-11,0.035
NASDAQ,SCMF,2006-02-13,0.03
NASDAQ,SCMF,2005-11-10,0.03
NASDAQ,SCMF,2005-08-11,0.03
NASDAQ,SCMF,2005-05-12,0.03
NASDAQ,SCMF,2005-02-17,0.12
NASDAQ,SCMF,2004-02-18,0.11
NASDAQ,SYMS,2005-04-25,1.0
NASDAQ,SYMS,1994-06-27,0.05
NASDAQ,SYMS,1993-11-29,0.012
NASDAQ,SUSQ,2010-02-04,0.01
NASDAQ,SUSQ,2009-11-05,0.01
NASDAQ,SUSQ,2009-07-30,0.05
NASDAQ,SUSQ,2009-04-29,0.05
NASDAQ,SUSQ,2009-01-29,0.26
NASDAQ,SUSQ,2008-10-30,0.26
NASDAQ,SUSQ,2008-07-30,0.26
NASDAQ,SUSQ,2008-04-29,0.26
NASDAQ,SUSQ,2008-01-30,0.26
NASDAQ,SUSQ,2007-10-30,0.26
NASDAQ,SUSQ,2007-07-30,0.25
NASDAQ,SUSQ,2007-04-30,0.25
NASDAQ,SUSQ,2007-01-30,0.25
NASDAQ,SUSQ,2006-10-30,0.25
NASDAQ,SUSQ,2006-07-28,0.24
NASDAQ,SUSQ,2006-04-27,0.24
NASDAQ,SUSQ,2006-01-30,0.24
NASDAQ,SUSQ,2005-10-27,0.24
NASDAQ,SUSQ,2005-07-28,0.23
NASDAQ,SUSQ,2005-04-28,0.23
NASDAQ,SUSQ,2005-01-27,0.23
NASDAQ,SUSQ,2004-10-28,0.23
NASDAQ,SUSQ,2004-07-29,0.22
NASDAQ,SUSQ,2004-04-29,0.22
NASDAQ,SUSQ,2004-01-29,0.22
NASDAQ,SUSQ,2003-10-28,0.22
NASDAQ,SUSQ,2003-07-28,0.22
NASDAQ,SUSQ,2003-04-28,0.21
NASDAQ,SUSQ,2003-01-28,0.21
NASDAQ,SUSQ,2002-10-25,0.21
NASDAQ,SUSQ,2002-07-25,0.2
NASDAQ,SUSQ,2002-04-25,0.2
NASDAQ,SUSQ,2002-01-25,0.2
NASDAQ,SUSQ,2001-10-26,0.2
NASDAQ,SUSQ,2001-07-26,0.19
NASDAQ,SUSQ,2001-04-26,0.19
NASDAQ,SUSQ,2001-01-26,0.19
NASDAQ,SUSQ,2000-10-27,0.19
NASDAQ,SUSQ,2000-07-28,0.17
NASDAQ,SUSQ,2000-04-27,0.17
NASDAQ,SUSQ,2000-01-26,0.17
NASDAQ,SUSQ,1999-10-28,0.17
NASDAQ,SUSQ,1999-07-29,0.15
NASDAQ,SUSQ,1999-04-29,0.15
NASDAQ,SUSQ,1999-01-28,0.15
NASDAQ,SUSQ,1998-10-29,0.15
NASDAQ,SUSQ,1998-07-24,0.14
NASDAQ,SUSQ,1998-04-24,0.14
NASDAQ,SUSQ,1998-01-29,0.14
NASDAQ,SUSQ,1997-10-24,0.14
NASDAQ,SUSQ,1997-07-08,0.14
NASDAQ,SUSQ,1997-04-25,0.13333
NASDAQ,SUSQ,1997-01-27,0.13333
NASDAQ,SUSQ,1996-10-28,0.13333
NASDAQ,SUSQ,1996-07-26,0.12889
NASDAQ,SUSQ,1996-04-26,0.12889
NASDAQ,SUSQ,1996-01-26,0.12889
NASDAQ,SUSQ,1995-10-27,0.12889
NASDAQ,SUSQ,1995-07-28,0.12
NASDAQ,SUSQ,1995-04-25,0.12
NASDAQ,SUSQ,1995-01-25,0.12
NASDAQ,SUSQ,1994-10-25,0.12
NASDAQ,SUSQ,1994-07-26,0.11111
NASDAQ,SUSQ,1994-04-26,0.11111
NASDAQ,SUSQ,1994-01-25,0.11111
NASDAQ,SUSQ,1993-10-26,0.11111
NASDAQ,SUSQ,1993-07-27,0.09955
NASDAQ,SUSQ,1993-04-27,0.09955
NASDAQ,SUSQ,1993-01-26,0.09955
NASDAQ,SUSQ,1992-10-28,0.09955
NASDAQ,SUSQ,1992-07-22,0.096
NASDAQ,SUSQ,1992-04-22,0.096
NASDAQ,SUSQ,1992-01-22,0.096
NASDAQ,SUSQ,1991-10-23,0.096
NASDAQ,SUSQ,1991-04-24,0.09245
NASDAQ,SUSQ,1991-01-23,0.09245
NASDAQ,SUSQ,1990-10-24,0.09245
NASDAQ,SUSQ,1990-07-24,0.08889
NASDAQ,SUSQ,1990-04-24,0.08889
NASDAQ,SIAL,2009-11-27,0.145
NASDAQ,SIAL,2009-08-28,0.145
NASDAQ,SIAL,2009-05-28,0.145
NASDAQ,SIAL,2009-02-26,0.145
NASDAQ,SIAL,2008-11-26,0.13
NASDAQ,SIAL,2008-08-28,0.13
NASDAQ,SIAL,2008-05-28,0.13
NASDAQ,SIAL,2008-02-27,0.13
NASDAQ,SIAL,2007-11-28,0.115
NASDAQ,SIAL,2007-08-29,0.115
NASDAQ,SIAL,2007-05-30,0.115
NASDAQ,SIAL,2007-02-27,0.115
NASDAQ,SIAL,2006-11-29,0.105
NASDAQ,SIAL,2006-08-30,0.105
NASDAQ,SIAL,2006-05-30,0.105
NASDAQ,SIAL,2006-02-27,0.105
NASDAQ,SIAL,2005-11-29,0.095
NASDAQ,SIAL,2005-08-30,0.095
NASDAQ,SIAL,2005-05-27,0.095
NASDAQ,SIAL,2005-02-25,0.095
NASDAQ,SIAL,2004-11-29,0.085
NASDAQ,SIAL,2004-08-30,0.085
NASDAQ,SIAL,2004-05-27,0.085
NASDAQ,SIAL,2004-02-26,0.085
NASDAQ,SIAL,2003-11-26,0.08
NASDAQ,SIAL,2003-08-28,0.08
NASDAQ,SIAL,2003-05-28,0.045
NASDAQ,SIAL,2003-02-26,0.045
NASDAQ,SIAL,2002-12-11,0.045
NASDAQ,SIAL,2002-08-28,0.0425
NASDAQ,SIAL,2002-05-29,0.0425
NASDAQ,SIAL,2002-02-27,0.0425
NASDAQ,SIAL,2001-12-12,0.0425
NASDAQ,SIAL,2001-08-29,0.0415
NASDAQ,SIAL,2001-05-30,0.0415
NASDAQ,SIAL,2001-03-01,0.0415
NASDAQ,SIAL,2000-12-13,0.0415
NASDAQ,SIAL,2000-08-30,0.039
NASDAQ,SIAL,2000-05-30,0.039
NASDAQ,SIAL,2000-02-28,0.039
NASDAQ,SIAL,1999-12-13,0.039
NASDAQ,SIAL,1999-08-30,0.0365
NASDAQ,SIAL,1999-05-27,0.036
NASDAQ,SIAL,1999-02-25,0.036
NASDAQ,SIAL,1998-12-11,0.036
NASDAQ,SIAL,1998-08-28,0.035
NASDAQ,SIAL,1998-05-28,0.035
NASDAQ,SIAL,1998-02-26,0.035
NASDAQ,SIAL,1997-12-11,0.035
NASDAQ,SIAL,1997-08-28,0.031
NASDAQ,SIAL,1997-05-29,0.031
NASDAQ,SIAL,1997-02-27,0.031
NASDAQ,SIAL,1996-12-12,0.03125
NASDAQ,SIAL,1996-08-28,0.0275
NASDAQ,SIAL,1996-05-30,0.0275
NASDAQ,SIAL,1996-02-28,0.0275
NASDAQ,SIAL,1995-12-13,0.0275
NASDAQ,SIAL,1995-08-30,0.0225
NASDAQ,SIAL,1995-05-25,0.0225
NASDAQ,SIAL,1995-02-23,0.0225
NASDAQ,SIAL,1994-12-09,0.0225
NASDAQ,SIAL,1994-08-26,0.0205
NASDAQ,SIAL,1994-05-25,0.0205
NASDAQ,SIAL,1994-02-23,0.0205
NASDAQ,SIAL,1993-12-09,0.0205
NASDAQ,SIAL,1993-08-26,0.018
NASDAQ,SIAL,1993-05-21,0.018
NASDAQ,SIAL,1993-02-23,0.018
NASDAQ,SIAL,1992-12-15,0.018
NASDAQ,SIAL,1992-08-26,0.0155
NASDAQ,SIAL,1992-05-26,0.0155
NASDAQ,SIAL,1992-02-24,0.0155
NASDAQ,SIAL,1991-12-13,0.0155
NASDAQ,SIAL,1991-08-26,0.01375
NASDAQ,SIAL,1991-05-24,0.01375
NASDAQ,SIAL,1990-08-27,0.0125
NASDAQ,SIAL,1990-05-25,0.0125
NASDAQ,SBSI,2009-11-23,0.34
NASDAQ,SBSI,2009-08-25,0.14
NASDAQ,SBSI,2009-05-26,0.14
NASDAQ,SBSI,2009-03-03,0.12381
NASDAQ,SBSI,2008-11-24,0.18095
NASDAQ,SBSI,2008-08-26,0.15238
NASDAQ,SBSI,2008-05-27,0.12381
NASDAQ,SBSI,2008-03-04,0.11429
NASDAQ,SBSI,2007-11-27,0.14286
NASDAQ,SBSI,2007-08-28,0.11429
NASDAQ,SBSI,2007-05-29,0.11429
NASDAQ,SBSI,2007-03-13,0.09977
NASDAQ,SBSI,2006-11-28,0.12698
NASDAQ,SBSI,2006-08-29,0.09977
NASDAQ,SBSI,2006-05-30,0.09977
NASDAQ,SBSI,2006-03-07,0.09977
NASDAQ,SBSI,2005-11-29,0.1123
NASDAQ,SBSI,2005-08-30,0.09502
NASDAQ,SBSI,2005-05-31,0.09502
NASDAQ,SBSI,2005-03-04,0.0
NASDAQ,SBSI,2004-11-30,0.09873
NASDAQ,SBSI,2004-08-31,0.08227
NASDAQ,SBSI,2004-06-01,0.07835
NASDAQ,SBSI,2004-03-02,0.07835
NASDAQ,SBSI,2003-12-01,0.07835
NASDAQ,SBSI,2003-09-02,0.07835
NASDAQ,SBSI,2003-06-02,0.0597
NASDAQ,SBSI,2003-03-03,0.0597
NASDAQ,SBSI,2002-11-29,0.07462
NASDAQ,SBSI,2002-08-30,0.05225
NASDAQ,SBSI,2002-06-03,0.06395
NASDAQ,SBSI,2002-03-01,0.04976
NASDAQ,SBSI,2001-11-29,0.04976
NASDAQ,SBSI,2001-09-17,0.04264
NASDAQ,SBSI,2001-08-29,0.04061
NASDAQ,SBSI,2001-06-07,0.04061
NASDAQ,SBSI,2001-03-16,0.04061
NASDAQ,SBSI,2000-11-30,0.05076
NASDAQ,SBSI,2000-08-31,0.03222
NASDAQ,SBSI,2000-06-13,0.03222
NASDAQ,SBSI,2000-03-09,0.03222
NASDAQ,SBSI,1999-12-02,0.03222
NASDAQ,SBSI,1999-09-10,0.03063
NASDAQ,SBSI,1999-06-11,0.02917
NASDAQ,SBSI,1999-03-18,0.02917
NASDAQ,SBSI,1998-11-27,0.02917
NASDAQ,SBSI,1998-09-10,0.02917
NASDAQ,SYPR,2008-12-17,0.02
NASDAQ,SYPR,2008-09-17,0.03
NASDAQ,SYPR,2008-06-18,0.03
NASDAQ,SYPR,2008-03-18,0.03
NASDAQ,SYPR,2007-12-19,0.03
NASDAQ,SYPR,2007-09-19,0.03
NASDAQ,SYPR,2007-06-20,0.03
NASDAQ,SYPR,2007-03-21,0.03
NASDAQ,SYPR,2006-12-20,0.03
NASDAQ,SYPR,2006-09-20,0.03
NASDAQ,SYPR,2006-06-14,0.03
NASDAQ,SYPR,2006-03-15,0.03
NASDAQ,SYPR,2005-12-14,0.03
NASDAQ,SYPR,2005-09-14,0.03
NASDAQ,SYPR,2005-06-15,0.03
NASDAQ,SYPR,2005-03-15,0.03
NASDAQ,SYPR,2004-12-15,0.03
NASDAQ,SYPR,2004-09-15,0.03
NASDAQ,SYPR,2004-06-16,0.03
NASDAQ,SYPR,2004-03-16,0.03
NASDAQ,SYPR,2003-12-17,0.03
NASDAQ,SYPR,2003-09-17,0.03
NASDAQ,SYPR,2003-06-17,0.03
NASDAQ,SYPR,2003-03-18,0.03
NASDAQ,SYPR,2002-12-18,0.03
NASDAQ,SYPR,2002-10-23,0.03
NASDAQ,SBIB,2010-02-03,0.015
NASDAQ,SBIB,2009-12-10,0.015
NASDAQ,SBIB,2009-08-05,0.055
NASDAQ,SBIB,2009-05-06,0.055
NASDAQ,SBIB,2009-02-04,0.055
NASDAQ,SBIB,2008-11-05,0.055
NASDAQ,SBIB,2008-08-06,0.055
NASDAQ,SBIB,2008-05-07,0.055
NASDAQ,SBIB,2008-02-06,0.055
NASDAQ,SBIB,2007-11-07,0.053
NASDAQ,SBIB,2007-08-08,0.053
NASDAQ,SBIB,2007-05-09,0.053
NASDAQ,SBIB,2007-02-07,0.053
NASDAQ,SBIB,2006-11-08,0.04667
NASDAQ,SBIB,2006-08-09,0.04667
NASDAQ,SBIB,2006-05-03,0.04667
NASDAQ,SBIB,2006-02-08,0.04667
NASDAQ,SBIB,2005-11-08,0.04
NASDAQ,SBIB,2005-08-03,0.04
NASDAQ,SBIB,2005-05-04,0.04
NASDAQ,SBIB,2005-02-09,0.04
NASDAQ,SBIB,2004-11-03,0.03333
NASDAQ,SBIB,2004-08-04,0.03333
NASDAQ,SBIB,2004-05-05,0.03333
NASDAQ,SBIB,2004-02-04,0.03333
NASDAQ,SBIB,2003-11-05,0.03
NASDAQ,SBIB,2003-08-06,0.03
NASDAQ,SBIB,2003-05-07,0.03
NASDAQ,SBIB,2003-02-05,0.03
NASDAQ,SBIB,2002-10-30,0.02667
NASDAQ,SBIB,2002-08-07,0.02667
NASDAQ,SBIB,2002-05-08,0.02667
NASDAQ,SBIB,2002-02-06,0.02667
NASDAQ,SBIB,2001-11-01,0.02467
NASDAQ,SBIB,2001-08-02,0.02445
NASDAQ,SBIB,2001-05-03,0.02445
NASDAQ,SBIB,2001-01-31,0.02445
NASDAQ,SBIB,2000-11-01,0.02222
NASDAQ,SBIB,2000-08-09,0.02222
NASDAQ,SBIB,2000-05-04,0.02222
NASDAQ,SBIB,2000-02-08,0.02222
NASDAQ,SBIB,1999-10-28,0.02
NASDAQ,SBIB,1999-08-04,0.02
NASDAQ,SBIB,1999-05-05,0.02
NASDAQ,SBIB,1999-02-04,0.02
NASDAQ,SBIB,1998-10-28,0.01778
NASDAQ,SBIB,1998-07-29,0.01778
NASDAQ,SBIB,1998-05-01,0.01778
NASDAQ,SBIB,1998-02-04,0.01778
NASDAQ,SBIB,1997-10-29,0.0163
NASDAQ,SBIB,1997-07-30,0.0163
NASDAQ,SBIB,1997-04-29,0.0163
NASDAQ,SBIB,1997-02-25,0.0163
NASDAQ,SBIB,1997-02-06,0.0162
NASDAQ,SBIB,1996-10-30,0.01383
NASDAQ,SBIB,1996-07-29,0.01383
NASDAQ,SBIB,1996-05-07,0.01383
NASDAQ,SBIB,1996-01-31,0.01383
NASDAQ,SBIB,1995-10-31,0.01053
NASDAQ,SBIB,1995-07-26,0.01053
NASDAQ,SBIB,1995-04-27,0.01053
NASDAQ,SBIB,1995-01-24,0.00878
NASDAQ,SBIB,1995-01-23,0.00878
NASDAQ,SBIB,1994-07-26,0.00878
NASDAQ,SBIB,1994-04-29,0.0079
NASDAQ,SBIB,1994-01-26,0.0079
NASDAQ,SBIB,1993-11-04,0.0079
NASDAQ,SBIB,1993-07-28,0.0079
NASDAQ,SHLM,2010-01-14,0.15
NASDAQ,SHLM,2009-10-16,0.15
NASDAQ,SHLM,2009-07-16,0.15
NASDAQ,SHLM,2009-04-17,0.15
NASDAQ,SHLM,2009-01-14,0.15
NASDAQ,SHLM,2008-10-22,0.15
NASDAQ,SHLM,2008-07-17,0.15
NASDAQ,SHLM,2008-04-17,0.15
NASDAQ,SHLM,2008-01-16,0.145
NASDAQ,SHLM,2007-10-19,0.145
NASDAQ,SHLM,2007-07-18,0.145
NASDAQ,SHLM,2007-04-17,0.145
NASDAQ,SHLM,2007-01-17,0.155
NASDAQ,SHLM,2006-10-19,0.145
NASDAQ,SHLM,2006-07-19,0.145
NASDAQ,SHLM,2006-04-19,0.145
NASDAQ,SHLM,2006-01-18,0.145
NASDAQ,SHLM,2005-10-20,0.145
NASDAQ,SHLM,2005-07-20,0.145
NASDAQ,SHLM,2005-04-20,0.145
NASDAQ,SHLM,2005-01-19,0.145
NASDAQ,SHLM,2004-10-20,0.135
NASDAQ,SHLM,2004-07-21,0.135
NASDAQ,SHLM,2004-04-22,0.135
NASDAQ,SHLM,2004-01-22,0.135
NASDAQ,SHLM,2003-10-22,0.135
NASDAQ,SHLM,2003-07-23,0.135
NASDAQ,SHLM,2003-04-24,0.135
NASDAQ,SHLM,2003-01-23,0.135
NASDAQ,SHLM,2002-10-23,0.135
NASDAQ,SHLM,2002-07-24,0.135
NASDAQ,SHLM,2002-04-25,0.135
NASDAQ,SHLM,2002-01-24,0.135
NASDAQ,SHLM,2001-10-24,0.135
NASDAQ,SHLM,2001-07-25,0.135
NASDAQ,SHLM,2001-04-26,0.135
NASDAQ,SHLM,2001-01-25,0.135
NASDAQ,SHLM,2000-10-19,0.135
NASDAQ,SHLM,2000-07-24,0.135
NASDAQ,SHLM,2000-04-24,0.135
NASDAQ,SHLM,2000-01-25,0.135
NASDAQ,SHLM,1999-10-21,0.125
NASDAQ,SHLM,1999-07-23,0.125
NASDAQ,SHLM,1999-04-23,0.125
NASDAQ,SHLM,1999-01-22,0.125
NASDAQ,SHLM,1998-10-22,0.115
NASDAQ,SHLM,1998-07-23,0.115
NASDAQ,SHLM,1998-04-24,0.115
NASDAQ,SHLM,1998-01-23,0.115
NASDAQ,SHLM,1997-10-23,0.105
NASDAQ,SHLM,1997-07-24,0.105
NASDAQ,SHLM,1997-04-24,0.105
NASDAQ,SHLM,1997-01-23,0.105
NASDAQ,SHLM,1996-10-24,0.095
NASDAQ,SHLM,1996-07-25,0.095
NASDAQ,SHLM,1996-04-25,0.095
NASDAQ,SHLM,1996-01-25,0.095
NASDAQ,SHLM,1995-10-19,0.085
NASDAQ,SHLM,1995-07-25,0.085
NASDAQ,SHLM,1995-04-24,0.085
NASDAQ,SHLM,1995-01-24,0.085
NASDAQ,SHLM,1994-10-18,0.075
NASDAQ,SHLM,1994-07-21,0.075
NASDAQ,SHLM,1994-04-25,0.075
NASDAQ,SHLM,1994-01-25,0.09
NASDAQ,SHLM,1993-10-19,0.08
NASDAQ,SHLM,1993-07-21,0.08
NASDAQ,SHLM,1993-04-23,0.08
NASDAQ,SHLM,1993-01-21,0.08
NASDAQ,SHLM,1992-10-20,0.07
NASDAQ,SHLM,1992-07-21,0.07
NASDAQ,SHLM,1992-04-21,0.07
NASDAQ,SHLM,1992-01-22,0.07
NASDAQ,SHLM,1991-10-17,0.06
NASDAQ,SHLM,1991-07-18,0.06
NASDAQ,SHLM,1991-04-18,0.06
NASDAQ,SHLM,1991-01-23,0.06
NASDAQ,SHLM,1990-10-16,0.05333
NASDAQ,SHLM,1990-07-18,0.04889
NASDAQ,SHLM,1990-04-18,0.04889
NASDAQ,SHLM,1990-01-23,0.04889
NASDAQ,SHLM,1989-10-17,0.04445
NASDAQ,SHLM,1989-07-19,0.04445
NASDAQ,SHLM,1989-04-19,0.04445
NASDAQ,SHLM,1989-01-25,0.04445
NASDAQ,SHLM,1988-10-18,0.03555
NASDAQ,SHLM,1988-07-20,0.03555
NASDAQ,SHLM,1988-04-20,0.03555
NASDAQ,SHLM,1988-01-19,0.03555
NASDAQ,SHLM,1987-11-03,0.02963
NASDAQ,SHLM,1987-10-20,0.02963
NASDAQ,SHLM,1987-07-21,0.01185
NASDAQ,SBLK,2009-11-24,0.05
NASDAQ,SBLK,2009-07-02,0.05
NASDAQ,SBLK,2008-11-25,0.175
NASDAQ,SBLK,2008-08-06,0.34113
NASDAQ,SBLK,2008-05-14,0.34113
NASDAQ,SBLK,2008-02-21,0.09747
NASDAQ,STEL,2010-02-04,0.04
NASDAQ,STEL,2009-11-10,0.04
NASDAQ,STEL,2009-08-06,0.04
NASDAQ,STEL,2009-05-07,0.04
NASDAQ,STEL,2009-02-05,0.16
NASDAQ,STEL,2008-11-05,0.16
NASDAQ,STEL,2008-07-31,0.16
NASDAQ,STEL,2008-04-28,0.16
NASDAQ,STEL,2008-02-06,0.16
NASDAQ,STEL,2007-10-31,0.16
NASDAQ,STEL,2007-07-26,0.16
NASDAQ,STEL,2007-04-26,0.16
NASDAQ,STEL,2007-01-25,0.16
NASDAQ,STEL,2006-11-01,0.16
NASDAQ,STEL,2006-08-03,0.15333
NASDAQ,STEL,2006-05-04,0.15333
NASDAQ,STEL,2006-01-26,0.14667
NASDAQ,STEL,2005-10-27,0.14667
NASDAQ,STEL,2005-08-03,0.14
NASDAQ,STEL,2005-04-28,0.14
NASDAQ,STEL,2005-01-31,0.13333
NASDAQ,STEL,2004-10-27,0.13333
NASDAQ,STEL,2004-07-29,0.13333
NASDAQ,STEL,2004-04-28,0.12667
NASDAQ,STEL,2004-01-28,0.12667
NASDAQ,STEL,2003-10-24,0.12667
NASDAQ,STEL,2003-07-25,0.12667
NASDAQ,STEL,2003-04-25,0.12667
NASDAQ,STEL,2003-01-29,0.12
NASDAQ,STEL,2002-10-24,0.12
NASDAQ,STEL,2002-07-25,0.12
NASDAQ,STEL,2002-04-25,0.12
NASDAQ,STEL,2002-02-04,0.12
NASDAQ,STEL,2001-10-26,0.11333
NASDAQ,STEL,2001-05-25,0.11333
NASDAQ,STEL,2001-01-31,0.11333
NASDAQ,SYNO,1997-05-14,1.25
NASDAQ,SMRT,2007-12-05,0.063
NASDAQ,SMRT,2007-09-05,0.063
NASDAQ,SMRT,2007-06-06,0.063
NASDAQ,SMRT,2007-03-07,0.063
NASDAQ,SMRT,2006-12-06,0.063
NASDAQ,SMRT,2006-09-06,0.063
NASDAQ,SMRT,2006-06-07,0.063
NASDAQ,SMRT,2006-04-12,1.5
NASDAQ,SMRT,2006-03-08,0.063
NASDAQ,SMRT,2005-12-07,0.063
NASDAQ,SMRT,2005-09-07,0.063
NASDAQ,SMRT,2005-06-08,0.063
NASDAQ,SYNT,2009-12-29,0.06
NASDAQ,SYNT,2009-09-28,0.06
NASDAQ,SYNT,2009-06-26,0.06
NASDAQ,SYNT,2009-03-27,0.06
NASDAQ,SYNT,2008-12-29,0.06
NASDAQ,SYNT,2008-12-10,0.5
NASDAQ,SYNT,2008-09-26,0.06
NASDAQ,SYNT,2008-06-26,0.06
NASDAQ,SYNT,2008-03-27,0.06
NASDAQ,SYNT,2007-12-27,0.06
NASDAQ,SYNT,2007-09-26,0.06
NASDAQ,SYNT,2007-06-28,0.06
NASDAQ,SYNT,2007-03-28,0.06
NASDAQ,SYNT,2006-12-27,0.06
NASDAQ,SYNT,2006-09-27,0.06
NASDAQ,SYNT,2006-08-29,1.25
NASDAQ,SYNT,2006-06-28,0.06
NASDAQ,SYNT,2006-03-29,0.06
NASDAQ,SYNT,2005-12-28,0.06
NASDAQ,SYNT,2005-09-28,0.06
NASDAQ,SYNT,2005-06-28,0.06
NASDAQ,SYNT,2005-03-29,0.06
NASDAQ,SYNT,2005-03-10,1.5
NASDAQ,SYNT,2004-12-29,0.06
NASDAQ,SYNT,2004-09-28,0.06
NASDAQ,SYNT,2004-06-28,0.06
NASDAQ,SYNT,2004-03-29,0.06
NASDAQ,SYNT,2003-12-29,0.06
NASDAQ,SYNT,2003-09-26,0.06
NASDAQ,SYNT,2003-08-27,1.25
NASDAQ,STRA,2009-11-20,0.75
NASDAQ,STRA,2009-08-25,0.5
NASDAQ,STRA,2009-05-22,0.5
NASDAQ,STRA,2009-02-24,0.5
NASDAQ,STRA,2008-11-24,0.5
NASDAQ,STRA,2008-08-25,0.375
NASDAQ,STRA,2008-05-22,0.375
NASDAQ,STRA,2008-02-26,0.375
NASDAQ,STRA,2007-12-28,2.0
NASDAQ,STRA,2007-11-21,0.375
NASDAQ,STRA,2007-08-23,0.313
NASDAQ,STRA,2007-05-23,0.313
NASDAQ,STRA,2007-02-26,0.313
NASDAQ,STRA,2006-11-21,0.313
NASDAQ,STRA,2006-08-23,0.25
NASDAQ,STRA,2006-05-24,0.25
NASDAQ,STRA,2006-02-24,0.25
NASDAQ,STRA,2005-11-23,0.25
NASDAQ,STRA,2005-08-25,0.125
NASDAQ,STRA,2005-05-25,0.125
NASDAQ,STRA,2005-02-24,0.125
NASDAQ,STRA,2004-11-23,0.21
NASDAQ,STRA,2004-07-01,0.065
NASDAQ,STRA,2004-04-02,0.065
NASDAQ,STRA,2004-01-06,0.065
NASDAQ,STRA,2003-10-03,0.065
NASDAQ,STRA,2003-07-07,0.065
NASDAQ,STRA,2003-04-04,0.065
NASDAQ,STRA,2003-01-06,0.065
NASDAQ,STRA,2002-10-04,0.065
NASDAQ,STRA,2002-07-05,0.065
NASDAQ,STRA,2002-04-05,0.065
NASDAQ,STRA,2002-01-04,0.065
NASDAQ,STRA,2001-10-03,0.065
NASDAQ,STRA,2001-07-05,0.065
NASDAQ,STRA,2001-04-05,0.065
NASDAQ,STRA,2001-01-04,0.065
NASDAQ,STRA,2000-10-12,0.065
NASDAQ,STRA,2000-07-07,0.06
NASDAQ,STRA,2000-04-06,0.06
NASDAQ,STRA,2000-01-06,0.06
NASDAQ,STRA,1999-10-06,0.06
NASDAQ,STRA,1999-07-08,0.05
NASDAQ,STRA,1999-04-08,0.05
NASDAQ,STRA,1999-01-07,0.05
NASDAQ,STRA,1998-10-07,0.05
NASDAQ,STRA,1998-07-09,0.042
NASDAQ,STRA,1998-04-28,0.042
NASDAQ,STRA,1998-01-02,0.042
NASDAQ,STRA,1997-10-09,0.04333
NASDAQ,STRA,1997-07-09,0.04133
NASDAQ,STRA,1997-04-02,0.04133
NASDAQ,SFNC,2009-12-11,0.19
NASDAQ,SFNC,2009-09-11,0.19
NASDAQ,SFNC,2009-06-11,0.19
NASDAQ,SFNC,2009-03-12,0.19
NASDAQ,SFNC,2008-12-19,0.19
NASDAQ,SFNC,2008-09-11,0.19
NASDAQ,SFNC,2008-06-12,0.19
NASDAQ,SFNC,2008-03-13,0.19
NASDAQ,SFNC,2007-12-13,0.19
NASDAQ,SFNC,2007-09-13,0.18
NASDAQ,SFNC,2007-06-13,0.18
NASDAQ,SFNC,2007-03-13,0.18
NASDAQ,SFNC,2006-12-13,0.18
NASDAQ,SFNC,2006-09-13,0.17
NASDAQ,SFNC,2006-06-13,0.17
NASDAQ,SFNC,2006-03-13,0.16
NASDAQ,SFNC,2005-12-13,0.16
NASDAQ,SFNC,2005-09-13,0.15
NASDAQ,SFNC,2005-06-13,0.15
NASDAQ,SFNC,2005-03-11,0.15
NASDAQ,SFNC,2004-12-13,0.15
NASDAQ,SFNC,2004-09-13,0.14
NASDAQ,SFNC,2004-06-14,0.14
NASDAQ,SFNC,2004-03-11,0.14
NASDAQ,SFNC,2003-12-11,0.14
NASDAQ,SFNC,2003-09-11,0.13
NASDAQ,SFNC,2003-06-12,0.13
NASDAQ,SFNC,2003-03-13,0.125
NASDAQ,SFNC,2002-12-12,0.125
NASDAQ,SFNC,2002-09-12,0.12
NASDAQ,SFNC,2002-06-12,0.12
NASDAQ,SFNC,2002-03-13,0.115
NASDAQ,SFNC,2001-12-12,0.115
NASDAQ,SFNC,2001-06-13,0.11
NASDAQ,SFNC,2001-03-13,0.105
NASDAQ,SFNC,2000-12-19,0.105
NASDAQ,SFNC,2000-09-13,0.1
NASDAQ,SFNC,2000-06-13,0.1
NASDAQ,SFNC,2000-03-15,0.095
NASDAQ,SFNC,1999-12-13,0.095
NASDAQ,SFNC,1999-09-13,0.09
NASDAQ,SFNC,1999-06-11,0.09
NASDAQ,SFNC,1999-03-12,0.085
NASDAQ,SFNC,1998-12-14,0.085
NASDAQ,SFNC,1998-09-11,0.08
NASDAQ,SFNC,1998-06-17,0.08
NASDAQ,SFNC,1998-03-12,0.075
NASDAQ,SFNC,1997-12-11,0.075
NASDAQ,SFNC,1997-06-12,0.07
NASDAQ,SFNC,1997-03-13,0.065
NASDAQ,SFNC,1996-12-26,0.06
NASDAQ,SFNC,1996-09-12,0.06
NASDAQ,SFNC,1996-06-13,0.06
NASDAQ,SFNC,1996-03-19,0.05334
NASDAQ,SFNC,1995-12-13,0.05334
NASDAQ,SFNC,1995-09-13,0.05
NASDAQ,SFNC,1995-06-13,0.05
NASDAQ,SFNC,1995-03-13,0.04333
NASDAQ,SFNC,1994-12-14,0.04
NASDAQ,SFNC,1994-12-13,0.04
NASDAQ,SFNC,1994-09-12,0.04
NASDAQ,SFNC,1994-06-10,0.04
NASDAQ,SFNC,1994-03-10,0.02
NASDAQ,SFNC,1993-12-10,0.02
NASDAQ,SFNC,1993-09-09,0.02
NASDAQ,SFNC,1993-06-09,0.02
NASDAQ,SFNC,1992-12-10,0.02
NASDAQ,SATC,2001-10-01,0.523
NASDAQ,SURW,2008-05-13,0.25
NASDAQ,SURW,2008-02-27,0.25
NASDAQ,SURW,2007-11-28,0.25
NASDAQ,SURW,2007-08-29,0.25
NASDAQ,SURW,2007-05-29,0.25
NASDAQ,SURW,2007-03-02,0.25
NASDAQ,SURW,2006-11-28,0.25
NASDAQ,SURW,2006-08-29,0.25
NASDAQ,SURW,2006-05-26,0.25
NASDAQ,SURW,2006-02-24,0.25
NASDAQ,SURW,2005-11-28,0.25
NASDAQ,SURW,2005-08-29,0.25
NASDAQ,SURW,2005-05-26,0.25
NASDAQ,SURW,2005-02-24,0.25
NASDAQ,SURW,2004-11-26,0.25
NASDAQ,SURW,2004-08-27,0.25
NASDAQ,SURW,2004-05-26,0.25
NASDAQ,SURW,2004-02-25,0.25
NASDAQ,SURW,2003-11-25,0.25
NASDAQ,SURW,2003-08-27,0.25
NASDAQ,SURW,2003-05-28,0.25
NASDAQ,SURW,2003-02-26,0.25
NASDAQ,SURW,2002-11-26,0.25
NASDAQ,SURW,2002-08-28,0.25
NASDAQ,SURW,2002-05-29,0.25
NASDAQ,SURW,2002-02-26,0.25
NASDAQ,SURW,2001-11-28,0.25
NASDAQ,SBGI,2008-12-29,0.2
NASDAQ,SBGI,2008-09-29,0.2
NASDAQ,SBGI,2008-06-27,0.2
NASDAQ,SBGI,2008-03-28,0.2
NASDAQ,SBGI,2007-12-27,0.175
NASDAQ,SBGI,2007-09-27,0.15
NASDAQ,SBGI,2007-06-27,0.15
NASDAQ,SBGI,2007-03-28,0.15
NASDAQ,SBGI,2006-12-27,0.125
NASDAQ,SBGI,2006-09-27,0.125
NASDAQ,SBGI,2006-06-28,0.1
NASDAQ,SBGI,2006-03-29,0.1
NASDAQ,SBGI,2005-12-28,0.1
NASDAQ,SBGI,2005-09-28,0.075
NASDAQ,SBGI,2005-06-29,0.075
NASDAQ,SBGI,2005-03-30,0.05
NASDAQ,SBGI,2004-12-29,0.025
NASDAQ,SBGI,2004-09-29,0.025
NASDAQ,SBGI,2004-06-29,0.025
NASDAQ,SCHL,2010-01-27,0.075
NASDAQ,SCHL,2009-10-28,0.075
NASDAQ,SCHL,2009-08-27,0.075
NASDAQ,SCHL,2009-04-28,0.075
NASDAQ,SCHL,2009-01-28,0.075
NASDAQ,SCHL,2008-10-29,0.075
NASDAQ,SCHL,2008-07-31,0.075
NASDAQ,SYNL,2009-02-20,0.1
NASDAQ,SYNL,2008-02-19,0.25
NASDAQ,SYNL,2007-02-21,0.15
NASDAQ,SYNL,2001-08-13,0.05
NASDAQ,SYNL,2001-05-11,0.05
NASDAQ,SYNL,2001-02-13,0.05
NASDAQ,SYNL,2000-11-13,0.05
NASDAQ,SYNL,2000-08-11,0.05
NASDAQ,SYNL,2000-05-11,0.05
NASDAQ,SYNL,1999-11-10,0.05
NASDAQ,SYNL,1999-08-11,0.05
NASDAQ,SYNL,1999-05-12,0.05
NASDAQ,SYNL,1999-02-10,0.05
NASDAQ,SYNL,1998-11-10,0.1
NASDAQ,SYNL,1998-08-12,0.1
NASDAQ,SYNL,1998-05-13,0.1
NASDAQ,SYNL,1998-02-11,0.1
NASDAQ,SYNL,1997-11-12,0.1
NASDAQ,SYNL,1997-08-13,0.09
NASDAQ,SYNL,1997-05-13,0.09
NASDAQ,SYNL,1997-02-12,0.09
NASDAQ,SYNL,1996-11-13,0.09
NASDAQ,SYNL,1996-08-13,0.09
NASDAQ,SYNL,1996-05-13,0.08
NASDAQ,SYNL,1996-02-13,0.08
NASDAQ,SYNL,1995-11-13,0.08
NASDAQ,SYNL,1995-08-11,0.08
NASDAQ,SYNL,1995-05-09,0.06667
NASDAQ,SYNL,1995-02-09,0.06667
NASDAQ,SYNL,1994-11-08,0.06667
NASDAQ,SYNL,1994-08-09,0.06667
NASDAQ,SYNL,1994-05-10,0.06
NASDAQ,SYNL,1994-02-09,0.06
NASDAQ,SYNL,1993-11-08,0.06
NASDAQ,SYNL,1993-08-10,0.06
NASDAQ,SYNL,1993-05-10,0.05333
NASDAQ,SYNL,1993-02-08,0.05333
NASDAQ,SYNL,1992-08-12,0.05333
NASDAQ,SYNL,1992-05-11,0.04889
NASDAQ,SYNL,1992-02-11,0.04889
NASDAQ,SUPR,2002-11-06,0.08
