exchange,stock_symbol,date,dividends
NASDAQ,NCMI,2009-11-17,0.16
NASDAQ,NCMI,2009-08-18,0.16
NASDAQ,NCMI,2009-05-19,0.16
NASDAQ,NCMI,2009-03-17,0.16
NASDAQ,NCMI,2008-11-18,0.16
NASDAQ,NCMI,2008-08-19,0.16
NASDAQ,NCMI,2008-05-19,0.15
NASDAQ,NCMI,2008-03-10,0.15
NASDAQ,NCMI,2007-11-19,0.15
NASDAQ,NCMI,2007-08-21,0.15
NASDAQ,NNBR,2008-08-21,0.08
NASDAQ,NNBR,2008-06-11,0.08
NASDAQ,NNBR,2008-04-14,0.08
NASDAQ,NNBR,2007-12-12,0.08
NASDAQ,NNBR,2007-08-28,0.08
NASDAQ,NNBR,2007-06-04,0.08
NASDAQ,NNBR,2007-04-03,0.08
NASDAQ,NNBR,2006-11-20,0.08
NASDAQ,NNBR,2006-08-29,0.08
NASDAQ,NNBR,2006-06-07,0.08
NASDAQ,NNBR,2006-04-05,0.08
NASDAQ,NNBR,2005-12-07,0.08
NASDAQ,NNBR,2005-08-25,0.08
NASDAQ,NNBR,2005-06-09,0.08
NASDAQ,NNBR,2005-04-08,0.08
NASDAQ,NNBR,2004-11-24,0.08
NASDAQ,NNBR,2004-08-24,0.08
NASDAQ,NNBR,2004-06-03,0.08
NASDAQ,NNBR,2004-04-05,0.08
NASDAQ,NNBR,2003-11-21,0.08
NASDAQ,NNBR,2003-08-27,0.08
NASDAQ,NNBR,2003-06-04,0.08
NASDAQ,NNBR,2003-03-26,0.08
NASDAQ,NNBR,2002-11-13,0.08
NASDAQ,NNBR,2002-09-05,0.08
NASDAQ,NNBR,2002-06-05,0.08
NASDAQ,NNBR,2002-03-13,0.08
NASDAQ,NNBR,2001-11-15,0.08
NASDAQ,NNBR,2001-08-15,0.08
NASDAQ,NNBR,2001-06-06,0.08
NASDAQ,NNBR,2001-03-21,0.08
NASDAQ,NNBR,2000-11-15,0.08
NASDAQ,NNBR,2000-08-16,0.08
NASDAQ,NNBR,2000-05-25,0.08
NASDAQ,NNBR,2000-03-15,0.08
NASDAQ,NNBR,1999-11-10,0.08
NASDAQ,NNBR,1999-08-11,0.08
NASDAQ,NNBR,1999-05-27,0.08
NASDAQ,NNBR,1999-03-18,0.08
NASDAQ,NNBR,1998-11-20,0.08
NASDAQ,NNBR,1998-08-12,0.08
NASDAQ,NNBR,1998-05-20,0.08
NASDAQ,NNBR,1998-03-06,0.08
NASDAQ,NNBR,1997-11-10,0.08
NASDAQ,NNBR,1997-08-12,0.08
NASDAQ,NNBR,1997-05-15,0.08
NASDAQ,NNBR,1997-02-20,0.08
NASDAQ,NNBR,1996-12-05,0.08
NASDAQ,NNBR,1996-08-13,0.08
NASDAQ,NNBR,1996-05-16,0.08
NASDAQ,NNBR,1996-02-22,0.08
NASDAQ,NNBR,1995-08-30,0.05333
NASDAQ,NNBR,1995-05-16,0.05333
NASDAQ,NNBR,1995-02-14,0.03555
NASDAQ,NNBR,1994-10-25,0.03555
NASDAQ,NNBR,1994-08-01,0.03555
NASDAQ,NAFC,2009-11-18,0.18
NASDAQ,NAFC,2009-08-19,0.18
NASDAQ,NAFC,2009-05-20,0.18
NASDAQ,NAFC,2009-03-18,0.18
NASDAQ,NAFC,2008-11-19,0.18
NASDAQ,NAFC,2008-08-20,0.18
NASDAQ,NAFC,2008-05-14,0.18
NASDAQ,NAFC,2008-03-05,0.18
NASDAQ,NAFC,2007-11-20,0.18
NASDAQ,NAFC,2007-08-22,0.18
NASDAQ,NAFC,2007-05-16,0.18
NASDAQ,NAFC,2007-03-14,0.18
NASDAQ,NAFC,2006-11-15,0.18
NASDAQ,NAFC,2006-08-16,0.18
NASDAQ,NAFC,2006-05-17,0.18
NASDAQ,NAFC,2006-03-01,0.18
NASDAQ,NAFC,2005-11-16,0.18
NASDAQ,NAFC,2005-08-17,0.18
NASDAQ,NAFC,2005-05-25,0.18
NASDAQ,NAFC,2005-03-02,0.135
NASDAQ,NAFC,2004-11-17,0.135
NASDAQ,NAFC,2004-08-18,0.135
NASDAQ,NAFC,2004-05-26,0.135
NASDAQ,NAFC,2004-03-03,0.135
NASDAQ,NAFC,2003-11-19,0.09
NASDAQ,NAFC,2003-08-20,0.09
NASDAQ,NAFC,2003-05-21,0.09
NASDAQ,NAFC,2003-04-03,0.09
NASDAQ,NSEC,2010-02-04,0.15
NASDAQ,NSEC,2009-11-05,0.15
NASDAQ,NSEC,2009-08-06,0.15
NASDAQ,NSEC,2009-05-07,0.15
NASDAQ,NSEC,2009-01-29,0.15
NASDAQ,NSEC,2008-11-06,0.225
NASDAQ,NSEC,2008-08-07,0.225
NASDAQ,NSEC,2008-05-08,0.225
NASDAQ,NSEC,2008-01-31,0.225
NASDAQ,NSEC,2007-11-07,0.225
NASDAQ,NSEC,2007-08-02,0.225
NASDAQ,NSEC,2007-05-09,0.225
NASDAQ,NSEC,2007-02-01,0.225
NASDAQ,NSEC,2006-11-02,0.225
NASDAQ,NSEC,2006-08-03,0.22
NASDAQ,NSEC,2006-05-04,0.22
NASDAQ,NSEC,2006-01-31,0.22
NASDAQ,NSEC,2005-11-03,0.22
NASDAQ,NSEC,2005-08-04,0.215
NASDAQ,NSEC,2005-05-05,0.215
NASDAQ,NSEC,2005-02-03,0.215
NASDAQ,NSEC,2004-11-04,0.215
NASDAQ,NSEC,2004-07-29,0.21
NASDAQ,NSEC,2004-04-29,0.21
NASDAQ,NSEC,2004-01-29,0.21
NASDAQ,NSEC,2003-10-30,0.21
NASDAQ,NSEC,2003-07-30,0.205
NASDAQ,NSEC,2003-04-29,0.205
NASDAQ,NSEC,2003-01-30,0.205
NASDAQ,NSEC,2002-10-31,0.205
NASDAQ,NSEC,2002-08-01,0.2
NASDAQ,NSEC,2002-05-02,0.2
NASDAQ,NSEC,2002-01-31,0.2
NASDAQ,NSEC,2001-11-01,0.2
NASDAQ,NSEC,2001-08-02,0.19
NASDAQ,NSEC,2001-05-03,0.22
NASDAQ,NSEC,2001-02-01,0.18333
NASDAQ,NSEC,2000-11-02,0.18333
NASDAQ,NSEC,2000-08-03,0.175
NASDAQ,NSEC,2000-05-10,0.175
NASDAQ,NSEC,2000-02-02,0.175
NASDAQ,NSEC,1999-10-28,0.175
NASDAQ,NSEC,1999-07-29,0.16667
NASDAQ,NSEC,1999-05-17,0.16667
NASDAQ,NSEC,1999-02-03,0.16667
NASDAQ,NSEC,1998-10-29,0.16667
NASDAQ,NSEC,1998-07-30,0.15833
NASDAQ,NSEC,1998-02-11,0.15833
NASDAQ,NSEC,1997-10-30,0.15833
NASDAQ,NSEC,1997-07-31,0.14167
NASDAQ,NSEC,1997-04-30,0.14167
NASDAQ,NSEC,1997-01-30,0.14167
NASDAQ,NSEC,1996-10-31,0.14167
NASDAQ,NSEC,1996-08-01,0.13333
NASDAQ,NSEC,1996-05-02,0.13333
NASDAQ,NSEC,1996-02-01,0.13333
NASDAQ,NSEC,1995-11-02,0.13333
NASDAQ,NSEC,1995-08-03,0.125
NASDAQ,NSEC,1995-05-02,0.125
NASDAQ,NSEC,1995-01-31,0.125
NASDAQ,NSEC,1994-11-01,0.125
NASDAQ,NSEC,1994-08-02,0.11667
NASDAQ,NSEC,1994-05-03,0.11667
NASDAQ,NSEC,1994-02-01,0.11667
NASDAQ,NSEC,1993-11-02,0.11667
NASDAQ,NSEC,1993-08-03,0.10556
NASDAQ,NSEC,1993-05-04,0.10556
NASDAQ,NSEC,1993-02-02,0.10556
NASDAQ,NSEC,1992-11-03,0.10556
NASDAQ,NSEC,1992-08-04,0.09444
NASDAQ,NSEC,1992-05-05,0.09444
NASDAQ,NSEC,1992-02-04,0.09444
NASDAQ,NSEC,1991-11-04,0.09444
NASDAQ,NSEC,1991-08-06,0.09444
NASDAQ,NSEC,1991-05-07,0.09444
NASDAQ,NSEC,1990-11-05,0.08889
NASDAQ,NSEC,1990-08-07,0.08889
NASDAQ,NRGY,2010-02-03,0.685
NASDAQ,NRGY,2009-11-04,0.675
NASDAQ,NRGY,2009-08-05,0.665
NASDAQ,NRGY,2009-05-06,0.655
NASDAQ,NRGY,2009-02-04,0.645
NASDAQ,NRGY,2008-11-05,0.635
NASDAQ,NRGY,2008-08-05,0.625
NASDAQ,NRGY,2008-05-06,0.615
NASDAQ,NRGY,2008-02-05,0.605
NASDAQ,NRGY,2007-11-05,0.595
NASDAQ,NRGY,2007-08-03,0.585
NASDAQ,NRGY,2007-05-04,0.575
NASDAQ,NRGY,2007-02-05,0.565
NASDAQ,NRGY,2006-11-03,0.555
NASDAQ,NRGY,2006-08-03,0.545
NASDAQ,NRGY,2006-05-04,0.54
NASDAQ,NRGY,2006-02-03,0.53
NASDAQ,NRGY,2005-11-03,0.52
NASDAQ,NRGY,2005-08-03,0.51
NASDAQ,NRGY,2005-05-04,0.5
NASDAQ,NRGY,2005-02-03,0.475
NASDAQ,NRGY,2004-11-03,0.425
NASDAQ,NRGY,2004-08-04,0.415
NASDAQ,NRGY,2004-05-05,0.405
NASDAQ,NRGY,2004-02-04,0.395
NASDAQ,NRGY,2003-11-05,0.385
NASDAQ,NRGY,2003-08-05,0.375
NASDAQ,NRGY,2003-05-06,0.365
NASDAQ,NRGY,2003-02-05,0.3575
NASDAQ,NRGY,2002-11-05,0.35
NASDAQ,NRGY,2002-08-05,0.3375
NASDAQ,NRGY,2002-05-06,0.33
NASDAQ,NRGY,2002-02-05,0.3125
NASDAQ,NRGY,2001-11-05,0.2
NASDAQ,NTRS,2009-12-08,0.28
NASDAQ,NTRS,2009-09-08,0.28
NASDAQ,NTRS,2009-06-08,0.28
NASDAQ,NTRS,2009-03-06,0.28
NASDAQ,NTRS,2008-12-08,0.28
NASDAQ,NTRS,2008-09-08,0.28
NASDAQ,NTRS,2008-06-06,0.28
NASDAQ,NTRS,2008-03-06,0.28
NASDAQ,NTRS,2007-12-06,0.28
NASDAQ,NTRS,2007-09-06,0.25
NASDAQ,NTRS,2007-06-06,0.25
NASDAQ,NTRS,2007-03-07,0.25
NASDAQ,NTRS,2006-12-06,0.25
NASDAQ,NTRS,2006-09-06,0.23
NASDAQ,NTRS,2006-06-07,0.23
NASDAQ,NTRS,2006-03-08,0.23
NASDAQ,NTRS,2005-12-07,0.23
NASDAQ,NTRS,2005-09-07,0.21
NASDAQ,NTRS,2005-06-08,0.21
NASDAQ,NTRS,2005-03-08,0.21
NASDAQ,NTRS,2004-12-08,0.21
NASDAQ,NTRS,2004-09-08,0.19
NASDAQ,NTRS,2004-06-08,0.19
NASDAQ,NTRS,2004-03-08,0.19
NASDAQ,NTRS,2003-12-08,0.19
NASDAQ,NTRS,2003-09-08,0.17
NASDAQ,NTRS,2003-06-06,0.17
NASDAQ,NTRS,2003-03-06,0.17
NASDAQ,NTRS,2002-12-06,0.17
NASDAQ,NTRS,2002-09-06,0.17
NASDAQ,NTRS,2002-06-06,0.17
NASDAQ,NTRS,2002-03-06,0.17
NASDAQ,NTRS,2001-12-06,0.17
NASDAQ,NTRS,2001-09-06,0.155
NASDAQ,NTRS,2001-06-06,0.155
NASDAQ,NTRS,2001-03-07,0.155
NASDAQ,NTRS,2000-12-06,0.155
NASDAQ,NTRS,2000-09-06,0.135
NASDAQ,NTRS,2000-06-07,0.135
NASDAQ,NTRS,2000-03-08,0.135
NASDAQ,NTRS,1999-12-08,0.0675
NASDAQ,NTRS,1999-09-08,0.12
NASDAQ,NTRS,1999-06-08,0.12
NASDAQ,NTRS,1999-03-08,0.105
NASDAQ,NTRS,1998-12-08,0.105
NASDAQ,NTRS,1998-09-08,0.105
NASDAQ,NTRS,1998-06-08,0.105
NASDAQ,NTRS,1998-03-06,0.105
NASDAQ,NTRS,1997-12-08,0.105
NASDAQ,NTRS,1997-09-08,0.09
NASDAQ,NTRS,1997-06-06,0.09
NASDAQ,NTRS,1997-03-06,0.09
NASDAQ,NTRS,1996-12-06,0.09
NASDAQ,NTRS,1996-09-06,0.0775
NASDAQ,NTRS,1996-06-06,0.0775
NASDAQ,NTRS,1996-03-07,0.07625
NASDAQ,NTRS,1995-12-06,0.0775
NASDAQ,NTRS,1995-09-06,0.065
NASDAQ,NTRS,1995-06-06,0.065
NASDAQ,NTRS,1995-03-06,0.065
NASDAQ,NTRS,1994-12-05,0.065
NASDAQ,NTRS,1994-09-02,0.055
NASDAQ,NTRS,1994-06-06,0.055
NASDAQ,NTRS,1994-03-04,0.055
NASDAQ,NTRS,1993-12-06,0.055
NASDAQ,NTRS,1993-09-03,0.04625
NASDAQ,NTRS,1993-06-04,0.04625
NASDAQ,NTRS,1993-03-04,0.04625
NASDAQ,NTRS,1992-12-04,0.04617
NASDAQ,NTRS,1992-09-03,0.04
NASDAQ,NTRS,1992-06-04,0.04
NASDAQ,NTRS,1992-03-04,0.04
NASDAQ,NTRS,1991-12-04,0.04
NASDAQ,NTRS,1991-06-04,0.035
NASDAQ,NTRS,1991-03-04,0.035
NASDAQ,NTRS,1990-12-04,0.035
NASDAQ,NTRS,1990-09-04,0.03167
NASDAQ,NTRS,1990-06-05,0.03167
NASDAQ,NICH,2003-07-29,0.01667
NASDAQ,NICH,2003-04-23,0.01667
NASDAQ,NICH,2003-01-29,0.05
NASDAQ,NICH,2002-11-26,0.01667
NASDAQ,NICH,2002-07-24,0.01667
NASDAQ,NICH,2002-04-24,0.03333
NASDAQ,NICH,2002-01-23,0.04545
NASDAQ,NICH,2001-11-20,0.04545
NASDAQ,NICH,2001-07-25,0.10606
NASDAQ,NICH,2001-04-25,0.07576
NASDAQ,NICH,2001-02-02,0.15152
NASDAQ,NICH,2000-11-02,0.07576
NASDAQ,NICH,2000-07-27,0.18182
NASDAQ,NICH,1999-11-15,0.07576
NASDAQ,NICH,1996-09-11,0.15152
NASDAQ,NICH,1994-01-25,0.04848
NASDAQ,NICH,1993-10-26,0.04848
NASDAQ,NICH,1993-07-26,0.04242
NASDAQ,NICH,1993-04-26,0.04242
NASDAQ,NICH,1993-01-25,0.04242
NASDAQ,NICH,1992-10-26,0.04242
NASDAQ,NICH,1992-07-27,0.04242
NASDAQ,NICH,1992-04-24,0.04242
NASDAQ,NICH,1992-01-27,0.04242
NASDAQ,NICH,1991-10-25,0.04242
NASDAQ,NICH,1991-06-24,0.04242
NASDAQ,NICH,1990-04-24,0.03636
NASDAQ,NICH,1989-07-25,0.00758
NASDAQ,NICH,1989-04-24,0.00758
NASDAQ,NICH,1989-02-24,0.00106
NASDAQ,NTLS,2009-12-10,0.28
NASDAQ,NTLS,2009-09-10,0.26
NASDAQ,NTLS,2009-06-17,0.26
NASDAQ,NTLS,2009-03-17,0.26
NASDAQ,NTLS,2008-12-17,0.26
NASDAQ,NTLS,2008-09-17,0.21
NASDAQ,NTLS,2008-06-18,0.21
NASDAQ,NTLS,2008-03-18,0.21
NASDAQ,NTLS,2007-12-18,0.21
NASDAQ,NTLS,2007-09-18,0.15
NASDAQ,NTLS,2007-06-19,0.15
NASDAQ,NEBS,2009-11-23,0.02
NASDAQ,NEBS,2009-08-26,0.02
NASDAQ,NEBS,2009-05-28,0.02
NASDAQ,NEBS,2009-02-20,0.04
NASDAQ,NEBS,2008-11-25,0.04
NASDAQ,NEBS,2008-08-27,0.04
NASDAQ,NEBS,2008-05-29,0.03
NASDAQ,NEBS,2008-02-25,0.03
NASDAQ,NEBS,2007-11-28,0.03
NASDAQ,NEBS,2007-08-29,0.03
NASDAQ,NEBS,2007-05-30,0.03
NASDAQ,NEBS,2007-02-26,0.03
NASDAQ,NEBS,2006-11-24,0.03
NASDAQ,NEBS,2006-08-28,0.03
NASDAQ,NEBS,2006-05-19,0.03
NASDAQ,NEBS,2006-02-24,0.03
NASDAQ,NEBS,2005-11-23,0.05
NASDAQ,NEBS,2005-08-23,0.05
NASDAQ,NEBS,2005-05-25,0.05
NASDAQ,NEBS,2005-02-28,0.05
NASDAQ,NWFL,2010-01-13,0.28
NASDAQ,NWFL,2009-10-14,0.27
NASDAQ,NWFL,2009-07-15,0.27
NASDAQ,NWFL,2009-04-14,0.27
NASDAQ,NWFL,2009-01-13,0.27
NASDAQ,NWFL,2008-10-15,0.25
NASDAQ,NWFL,2008-07-11,0.25
NASDAQ,NWFL,2008-04-11,0.25
NASDAQ,NWFL,2008-01-11,0.25
NASDAQ,NWFL,2007-10-11,0.23
NASDAQ,NWFL,2007-07-12,0.23
NASDAQ,NWFL,2007-04-12,0.23
NASDAQ,NWFL,2007-01-12,0.23
NASDAQ,NWFL,2006-10-12,0.21
NASDAQ,NWFL,2006-07-12,0.21
NASDAQ,NWFL,2006-04-11,0.2
NASDAQ,NWFL,2006-01-11,0.2
NASDAQ,NWFL,2005-10-13,0.17143
NASDAQ,NWFL,2005-07-13,0.17143
NASDAQ,NWFL,2005-04-13,0.17143
NASDAQ,NWFL,2005-01-12,0.17143
NASDAQ,NWFL,2004-10-13,0.1619
NASDAQ,NWFL,2004-07-13,0.1619
NASDAQ,NWFL,2004-04-13,0.1619
NASDAQ,NWFL,2004-01-13,0.1619
NASDAQ,NWFL,2003-10-10,0.15238
NASDAQ,NWFL,2003-07-11,0.15238
NASDAQ,NWFL,2003-04-11,0.15238
NASDAQ,NWFL,2003-01-13,0.15238
NASDAQ,NWFL,2002-10-10,0.13969
NASDAQ,NWFL,2002-07-11,0.13969
NASDAQ,NWFL,2002-04-11,0.13969
NASDAQ,NWFL,2002-01-11,0.13969
NASDAQ,NWFL,2001-10-12,0.12698
NASDAQ,NWFL,2001-07-12,0.12698
NASDAQ,NWFL,2001-04-11,0.12698
NASDAQ,NWFL,2001-01-11,0.12698
NASDAQ,NWFL,2000-10-12,0.10793
NASDAQ,NWFL,2000-04-13,0.10793
NASDAQ,NWFL,2000-01-12,0.10793
NASDAQ,NWFL,1999-10-25,0.08889
NASDAQ,NWFL,1999-04-13,0.08889
NASDAQ,NWFL,1999-01-13,0.08889
NASDAQ,NEWT,2009-11-23,0.02
NASDAQ,NETC,2009-03-18,0.005
NASDAQ,NETC,2008-03-05,0.005
NASDAQ,NETC,2007-02-28,0.02
NASDAQ,NETC,2006-11-29,0.027
NASDAQ,NETC,2006-06-12,0.0075
NASDAQ,NETC,2005-12-05,0.0165
NASDAQ,NETC,2005-04-07,1.353
NASDAQ,NOBH,2008-12-30,0.25
NASDAQ,NOBH,2007-12-28,0.5
NASDAQ,NOBH,2006-12-28,0.5
NASDAQ,NOBH,2006-01-13,0.3
NASDAQ,NOBH,2004-12-30,0.2
NASDAQ,NPBCO,2009-12-28,0.491
NASDAQ,NPBCO,2009-09-25,0.491
NASDAQ,NPBCO,2009-06-25,0.491
NASDAQ,NPBCO,2009-03-26,0.491
NASDAQ,NPBCO,2008-12-26,0.491
NASDAQ,NPBCO,2008-09-25,0.491
NASDAQ,NPBCO,2008-06-25,0.491
NASDAQ,NPBCO,2008-03-26,0.491
NASDAQ,NPBCO,2007-12-26,0.491
NASDAQ,NPBCO,2007-09-26,0.491
NASDAQ,NPBCO,2007-06-27,0.491
NASDAQ,NPBCO,2007-03-28,0.491
NASDAQ,NPBCO,2006-12-27,0.491
NASDAQ,NPBCO,2006-09-27,0.491
NASDAQ,NPBCO,2006-06-27,0.491
NASDAQ,NPBCO,2006-03-28,0.491
NASDAQ,NPBCO,2005-09-27,0.491
NASDAQ,NPBCO,2005-06-27,0.491
NASDAQ,NPBCO,2005-03-28,0.491
NASDAQ,NPBCO,2004-12-28,0.491
NASDAQ,NPBCO,2004-09-27,0.491
NASDAQ,NPBCO,2004-06-25,0.491
NASDAQ,NPBCO,2004-03-26,0.491
NASDAQ,NPBCO,2003-12-29,0.491
NASDAQ,NTIC,2004-12-01,0.07
NASDAQ,NTIC,2003-12-01,0.05
NASDAQ,NTIC,2002-12-02,0.085
NASDAQ,NTIC,2000-12-04,0.17
NASDAQ,NTIC,1999-12-01,0.16
NASDAQ,NTIC,1998-12-02,0.15
NASDAQ,NTIC,1997-11-26,0.15
NASDAQ,NTIC,1996-12-04,0.12
NASDAQ,NTIC,1995-11-30,0.1
NASDAQ,NTIC,1994-11-28,0.02
NASDAQ,NTIC,1993-11-29,0.015
NASDAQ,NRGP,2010-02-03,0.94
NASDAQ,NRGP,2009-11-04,0.85
NASDAQ,NRGP,2009-08-05,0.78
NASDAQ,NRGP,2009-05-06,0.75
NASDAQ,NRGP,2009-02-04,0.675
NASDAQ,NRGP,2008-11-05,0.65
NASDAQ,NRGP,2008-08-05,0.61
NASDAQ,NRGP,2008-05-06,0.585
NASDAQ,NRGP,2008-02-05,0.56
NASDAQ,NRGP,2007-11-05,0.535
NASDAQ,NRGP,2007-08-03,0.51
NASDAQ,NRGP,2007-05-04,0.48
NASDAQ,NRGP,2007-02-05,0.4
NASDAQ,NRGP,2006-11-03,0.375
NASDAQ,NRGP,2006-08-03,0.35
NASDAQ,NRGP,2006-05-04,0.32
NASDAQ,NRGP,2006-02-03,0.29
NASDAQ,NRGP,2005-11-03,0.285
NASDAQ,NUCL,2009-12-21,0.372
NASDAQ,NUCL,2009-06-22,0.257
NASDAQ,NWLI,2009-10-28,0.36
NASDAQ,NWLI,2008-10-29,0.36
NASDAQ,NWLI,2007-10-29,0.36
NASDAQ,NWLI,2006-10-27,0.36
NASDAQ,NWLI,2005-10-28,0.34
NASDAQ,NHTB,2010-01-20,0.13
NASDAQ,NHTB,2009-10-21,0.13
NASDAQ,NHTB,2009-07-22,0.13
NASDAQ,NHTB,2009-04-21,0.13
NASDAQ,NHTB,2009-01-21,0.13
NASDAQ,NHTB,2008-10-22,0.13
NASDAQ,NHTB,2008-07-22,0.13
NASDAQ,NHTB,2008-04-21,0.13
NASDAQ,NHTB,2008-01-22,0.13
NASDAQ,NHTB,2007-10-22,0.13
NASDAQ,NHTB,2007-07-20,0.13
NASDAQ,NHTB,2007-04-19,0.13
NASDAQ,NHTB,2007-01-22,0.13
NASDAQ,NHTB,2006-10-20,0.13
NASDAQ,NHTB,2006-07-20,0.13
NASDAQ,NHTB,2006-04-19,0.125
NASDAQ,NHTB,2006-01-20,0.125
NASDAQ,NHTB,2005-10-20,0.125
NASDAQ,NHTB,2005-07-20,0.125
NASDAQ,NHTB,2005-04-20,0.125
NASDAQ,NHTB,2005-01-20,0.125
NASDAQ,NHTB,2004-10-20,0.1125
NASDAQ,NHTB,2004-07-21,0.1125
NASDAQ,NHTB,2004-04-21,0.1125
NASDAQ,NHTB,2004-01-21,0.1125
NASDAQ,NHTB,2003-10-22,0.09
NASDAQ,NHTB,2003-07-22,0.09
NASDAQ,NHTB,2003-04-21,0.09
NASDAQ,NHTB,2003-01-22,0.09
NASDAQ,NHTB,2002-10-22,0.08
NASDAQ,NHTB,2002-07-22,0.08
NASDAQ,NHTB,2002-04-19,0.08
NASDAQ,NHTB,2002-01-22,0.08
NASDAQ,NHTB,2001-10-22,0.08
NASDAQ,NHTB,2001-07-20,0.08
NASDAQ,NHTB,2001-04-19,0.08
NASDAQ,NHTB,2001-01-22,0.08
NASDAQ,NHTB,2000-10-19,0.08
NASDAQ,NHTB,2000-07-20,0.08
NASDAQ,NHTB,2000-04-18,0.08
NASDAQ,NHTB,2000-01-20,0.08
NASDAQ,NHTB,1999-10-21,0.08
NASDAQ,NHTB,1999-07-21,0.08
NASDAQ,NHTB,1999-04-20,0.08
NASDAQ,NHTB,1999-01-21,0.08
NASDAQ,NHTB,1998-10-15,0.075
NASDAQ,NHTB,1998-07-16,0.075
NASDAQ,NHTB,1998-04-16,0.075
NASDAQ,NHTB,1998-01-22,0.075
NASDAQ,NHTB,1997-10-16,0.0625
NASDAQ,NHTB,1997-07-23,0.0625
NASDAQ,NHTB,1997-04-17,0.0625
NASDAQ,NHTB,1997-01-15,0.0625
NASDAQ,NHTB,1996-10-17,0.0625
NASDAQ,NHTB,1996-07-18,0.0625
NASDAQ,NHTB,1996-04-18,0.0625
NASDAQ,NHTB,1996-01-18,0.0625
NASDAQ,NHTB,1995-10-19,0.0625
NASDAQ,NHTB,1995-07-19,0.0625
NASDAQ,NHTB,1995-04-17,0.0625
NASDAQ,NHTB,1995-01-13,0.0625
NASDAQ,NHTB,1994-10-17,0.0625
NASDAQ,NHTB,1994-07-18,0.05
NASDAQ,NHTB,1994-04-18,0.05
NASDAQ,NHTB,1994-01-14,0.05
NASDAQ,NHTB,1993-11-19,0.05
NASDAQ,NHTB,1993-09-20,0.05
NASDAQ,NHTB,1993-06-21,0.05
NASDAQ,NHTB,1993-03-22,0.05
NASDAQ,NHTB,1992-12-18,0.035
NASDAQ,NHTB,1992-11-20,0.035
NASDAQ,NHTB,1992-09-21,0.035
NASDAQ,NHTB,1992-06-22,0.035
NASDAQ,NHTB,1992-03-23,0.015
NASDAQ,NHTB,1991-12-20,0.015
NASDAQ,NHTB,1991-09-23,0.015
NASDAQ,NHTB,1991-06-24,0.015
NASDAQ,NHTB,1991-03-22,0.015
NASDAQ,NHTB,1990-12-21,0.015
NASDAQ,NHTB,1990-09-24,0.025
NASDAQ,NHTB,1990-06-25,0.025
NASDAQ,NARA,2008-12-29,0.028
NASDAQ,NARA,2008-09-26,0.028
NASDAQ,NARA,2008-06-26,0.028
NASDAQ,NARA,2008-03-27,0.028
NASDAQ,NARA,2007-12-27,0.028
NASDAQ,NARA,2007-09-26,0.028
NASDAQ,NARA,2007-06-27,0.028
NASDAQ,NARA,2007-03-28,0.028
NASDAQ,NARA,2006-12-27,0.028
NASDAQ,NARA,2006-09-27,0.028
NASDAQ,NARA,2006-06-28,0.028
NASDAQ,NARA,2006-03-29,0.028
NASDAQ,NARA,2005-12-28,0.028
NASDAQ,NARA,2005-10-12,0.028
NASDAQ,NARA,2005-06-30,0.028
NASDAQ,NARA,2005-03-29,0.028
NASDAQ,NARA,2004-12-29,0.028
NASDAQ,NARA,2004-09-28,0.028
NASDAQ,NARA,2004-06-28,0.028
NASDAQ,NARA,2004-03-29,0.025
NASDAQ,NARA,2003-12-29,0.025
NASDAQ,NARA,2003-09-26,0.025
NASDAQ,NARA,2003-06-26,0.025
NASDAQ,NARA,2003-03-27,0.025
NASDAQ,NARA,2002-12-27,0.025
NASDAQ,NARA,2002-09-26,0.025
NASDAQ,NARA,2002-06-26,0.025
NASDAQ,NARA,2002-03-26,0.025
NASDAQ,NARA,2001-04-20,0.0375
NASDAQ,NDSN,2009-12-18,0.19
NASDAQ,NDSN,2009-08-28,0.19
NASDAQ,NDSN,2009-05-29,0.183
NASDAQ,NDSN,2009-02-27,0.183
NASDAQ,NDSN,2008-12-18,0.183
NASDAQ,NDSN,2008-08-28,0.183
NASDAQ,NDSN,2008-05-30,0.183
NASDAQ,NDSN,2008-02-29,0.183
NASDAQ,NDSN,2007-12-19,0.183
NASDAQ,NDSN,2007-08-30,0.175
NASDAQ,NDSN,2007-06-01,0.175
NASDAQ,NDSN,2007-03-02,0.175
NASDAQ,NDSN,2006-12-15,0.175
NASDAQ,NDSN,2006-09-01,0.17
NASDAQ,NDSN,2006-06-02,0.17
NASDAQ,NDSN,2006-03-03,0.165
NASDAQ,NDSN,2005-12-15,0.165
NASDAQ,NDSN,2005-09-01,0.165
NASDAQ,NDSN,2005-06-03,0.16
NASDAQ,NDSN,2005-03-04,0.16
NASDAQ,NDSN,2004-12-13,0.16
NASDAQ,NDSN,2004-08-25,0.16
NASDAQ,NDSN,2004-06-02,0.155
NASDAQ,NDSN,2004-02-18,0.155
NASDAQ,NDSN,2003-12-11,0.155
NASDAQ,NDSN,2003-08-27,0.155
NASDAQ,NDSN,2003-06-04,0.15
NASDAQ,NDSN,2003-02-19,0.15
NASDAQ,NDSN,2002-12-11,0.15
NASDAQ,NDSN,2002-08-28,0.15
NASDAQ,NDSN,2002-06-05,0.14
NASDAQ,NDSN,2002-02-20,0.14
NASDAQ,NDSN,2001-12-12,0.14
NASDAQ,NDSN,2001-08-29,0.14
NASDAQ,NDSN,2001-06-04,0.14
NASDAQ,NDSN,2001-02-21,0.14
NASDAQ,NDSN,2000-12-13,0.14
NASDAQ,NDSN,2000-08-23,0.13
NASDAQ,NDSN,2000-05-31,0.13
NASDAQ,NDSN,2000-03-01,0.13
NASDAQ,NDSN,1999-12-15,0.13
NASDAQ,NDSN,1999-09-01,0.12
NASDAQ,NDSN,1999-06-02,0.12
NASDAQ,NDSN,1999-03-03,0.12
NASDAQ,NDSN,1998-12-09,0.12
NASDAQ,NDSN,1998-09-02,0.11
NASDAQ,NDSN,1998-06-03,0.11
NASDAQ,NDSN,1998-03-04,0.11
NASDAQ,NDSN,1997-12-10,0.11
NASDAQ,NDSN,1997-09-03,0.1
NASDAQ,NDSN,1997-06-04,0.1
NASDAQ,NDSN,1997-03-05,0.1
NASDAQ,NDSN,1996-12-03,0.1
NASDAQ,NDSN,1996-08-28,0.09
NASDAQ,NDSN,1996-05-29,0.09
NASDAQ,NDSN,1996-02-28,0.09
NASDAQ,NDSN,1995-11-29,0.09
NASDAQ,NDSN,1995-08-31,0.08
NASDAQ,NDSN,1995-05-26,0.08
NASDAQ,NDSN,1995-02-27,0.08
NASDAQ,NDSN,1994-11-28,0.08
NASDAQ,NDSN,1994-08-29,0.07
NASDAQ,NDSN,1994-05-27,0.07
NASDAQ,NDSN,1994-02-28,0.07
NASDAQ,NDSN,1993-11-29,0.07
NASDAQ,NDSN,1993-08-30,0.06
NASDAQ,NDSN,1993-05-28,0.06
NASDAQ,NDSN,1993-03-01,0.06
NASDAQ,NDSN,1992-11-24,0.06
NASDAQ,NDSN,1992-08-31,0.055
NASDAQ,NDSN,1992-06-01,0.055
NASDAQ,NDSN,1992-03-02,0.055
NASDAQ,NDSN,1991-11-27,0.055
NASDAQ,NDSN,1991-08-28,0.05
NASDAQ,NDSN,1991-05-24,0.05
NASDAQ,NDSN,1991-02-25,0.05
NASDAQ,NDSN,1990-12-03,0.05
NASDAQ,NDSN,1990-05-24,0.045
NASDAQ,NCST,2009-02-26,0.8
NASDAQ,NUHC,1992-09-25,0.00889
NASDAQ,NATI,2010-02-04,0.13
NASDAQ,NATI,2009-11-05,0.12
NASDAQ,NATI,2009-08-06,0.12
NASDAQ,NATI,2009-05-07,0.12
NASDAQ,NATI,2009-02-05,0.12
NASDAQ,NATI,2008-11-06,0.11
NASDAQ,NATI,2008-08-07,0.11
NASDAQ,NATI,2008-05-08,0.11
NASDAQ,NATI,2008-02-07,0.11
NASDAQ,NATI,2007-11-07,0.1
NASDAQ,NATI,2007-08-09,0.1
NASDAQ,NATI,2007-05-10,0.07
NASDAQ,NATI,2007-02-08,0.07
NASDAQ,NATI,2006-11-02,0.06
NASDAQ,NATI,2006-08-03,0.06
NASDAQ,NATI,2006-05-04,0.06
NASDAQ,NATI,2006-02-02,0.06
NASDAQ,NATI,2005-11-03,0.05
NASDAQ,NATI,2005-08-04,0.05
NASDAQ,NATI,2005-05-05,0.05
NASDAQ,NATI,2005-02-03,0.05
NASDAQ,NATI,2004-11-04,0.05
NASDAQ,NATI,2004-08-05,0.05
NASDAQ,NATI,2004-05-07,0.05
NASDAQ,NATI,2004-02-03,0.03333
NASDAQ,NATI,2003-10-30,0.03333
NASDAQ,NATI,2003-07-31,0.03333
NASDAQ,NECB,2010-01-06,0.03
NASDAQ,NECB,2009-10-07,0.03
NASDAQ,NECB,2009-07-08,0.03
NASDAQ,NECB,2009-04-07,0.03
NASDAQ,NECB,2009-01-07,0.03
NASDAQ,NECB,2008-10-08,0.03
NASDAQ,NECB,2008-07-08,0.03
NASDAQ,NECB,2008-04-08,0.03
NASDAQ,NECB,2008-01-08,0.03
NASDAQ,NECB,2007-10-10,0.03
NASDAQ,NVSL,2010-02-03,0.03
NASDAQ,NVSL,2009-11-03,0.03
NASDAQ,NVSL,2009-08-04,0.03
NASDAQ,NVSL,2009-05-04,0.05
NASDAQ,NVSL,2009-02-02,0.06
NASDAQ,NVSL,2008-10-31,0.06
NASDAQ,NVSL,2008-07-31,0.06
NASDAQ,NVSL,2008-05-01,0.06
NASDAQ,NVSL,2008-01-31,0.05
NASDAQ,NVSL,2007-11-01,0.05
NASDAQ,NVSL,2007-08-02,0.05
NASDAQ,NVSL,2007-05-03,0.05
NASDAQ,NVSL,2007-02-01,0.05
NASDAQ,NVSL,2006-11-02,0.05
NASDAQ,NVSL,2006-08-02,0.05
NASDAQ,NVSL,2006-05-04,0.05
NASDAQ,NVSL,2006-02-02,0.05
NASDAQ,NVSL,2005-11-02,0.04
NASDAQ,NVSL,2005-08-03,0.04
NASDAQ,NVSL,2005-05-04,0.04
NASDAQ,NVSL,2005-02-03,0.04
NASDAQ,NBTB,2009-11-27,0.2
NASDAQ,NBTB,2009-08-28,0.2
NASDAQ,NBTB,2009-05-28,0.2
NASDAQ,NBTB,2009-02-25,0.2
NASDAQ,NBTB,2008-11-26,0.2
NASDAQ,NBTB,2008-08-27,0.2
NASDAQ,NBTB,2008-05-28,0.2
NASDAQ,NBTB,2008-02-27,0.2
NASDAQ,NBTB,2007-11-28,0.2
NASDAQ,NBTB,2007-08-29,0.2
NASDAQ,NBTB,2007-05-30,0.2
NASDAQ,NBTB,2007-02-27,0.19
NASDAQ,NBTB,2006-11-29,0.19
NASDAQ,NBTB,2006-08-30,0.19
NASDAQ,NBTB,2006-05-30,0.19
NASDAQ,NBTB,2006-02-27,0.19
NASDAQ,NBTB,2005-11-29,0.19
NASDAQ,NBTB,2005-08-30,0.19
NASDAQ,NBTB,2005-05-27,0.19
NASDAQ,NBTB,2005-02-25,0.19
NASDAQ,NBTB,2004-11-29,0.19
NASDAQ,NBTB,2004-08-30,0.19
NASDAQ,NBTB,2004-05-27,0.19
NASDAQ,NBTB,2004-02-26,0.17
NASDAQ,NBTB,2003-11-26,0.17
NASDAQ,NBTB,2003-08-27,0.17
NASDAQ,NBTB,2003-05-28,0.17
NASDAQ,NBTB,2003-02-26,0.17
NASDAQ,NBTB,2002-11-26,0.17
NASDAQ,NBTB,2002-08-28,0.17
NASDAQ,NBTB,2002-05-29,0.17
NASDAQ,NBTB,2002-02-27,0.17
NASDAQ,NBTB,2001-11-28,0.17
NASDAQ,NBTB,2001-08-29,0.17
NASDAQ,NBTB,2001-05-30,0.17
NASDAQ,NBTB,2001-02-27,0.17
NASDAQ,NBTB,2000-11-29,0.17
NASDAQ,NBTB,2000-08-30,0.17
NASDAQ,NBTB,2000-05-30,0.17
NASDAQ,NBTB,2000-02-28,0.17
NASDAQ,NBTB,1999-11-29,0.17
NASDAQ,NBTB,1999-08-30,0.1619
NASDAQ,NBTB,1999-05-27,0.1619
NASDAQ,NBTB,1999-02-25,0.1619
NASDAQ,NBTB,1998-11-27,0.1619
NASDAQ,NBTB,1998-08-28,0.15419
NASDAQ,NBTB,1998-05-28,0.11565
NASDAQ,NBTB,1998-02-25,0.11565
NASDAQ,NBTB,1997-11-26,0.08708
NASDAQ,NBTB,1997-08-28,0.11014
NASDAQ,NBTB,1997-05-28,0.09719
NASDAQ,NBTB,1997-02-26,0.09719
NASDAQ,NBTB,1996-11-26,0.09719
NASDAQ,NBTB,1996-08-28,0.08021
NASDAQ,NBTB,1996-05-29,0.08021
NASDAQ,NBTB,1996-02-28,0.08021
NASDAQ,NBTB,1995-11-29,0.08021
NASDAQ,NBTB,1995-08-30,0.07405
NASDAQ,NBTB,1995-05-25,0.07405
NASDAQ,NBTB,1995-02-27,0.07405
NASDAQ,NBTB,1994-11-25,0.06664
NASDAQ,NBTB,1994-08-26,0.07095
NASDAQ,NBTB,1994-05-25,0.07095
NASDAQ,NBTB,1994-02-23,0.06479
NASDAQ,NBTB,1993-11-24,0.06479
NASDAQ,NBTB,1993-08-26,0.06788
NASDAQ,NBTB,1993-06-07,0.06788
NASDAQ,NBTB,1993-02-23,0.06788
NASDAQ,NBTB,1992-11-24,0.06479
NASDAQ,NBTB,1992-09-01,0.06602
NASDAQ,NYMT,2010-01-05,0.25
NASDAQ,NYMT,2009-10-08,0.25
NASDAQ,NYMT,2009-06-24,0.23
NASDAQ,NYMT,2009-04-02,0.18
NASDAQ,NYMT,2009-01-05,0.1
NASDAQ,NYMT,2008-10-08,0.16
NASDAQ,NYMT,2008-07-08,0.16
NASDAQ,NYMT,2008-04-28,0.12
NASDAQ,NYMT,2007-04-04,0.5
NASDAQ,NYMT,2007-01-03,0.5
NASDAQ,NYMT,2006-10-04,1.4
NASDAQ,NYMT,2006-07-03,1.4
NASDAQ,NYMT,2006-04-04,1.4
NASDAQ,NYMT,2006-01-04,2.1
NASDAQ,NYMT,2005-10-04,2.1
NASDAQ,NYMT,2005-06-10,2.5
NASDAQ,NYMT,2005-04-04,2.5
NASDAQ,NYMT,2005-01-04,2.4
NASDAQ,NYMT,2004-10-04,1.6
NASDAQ,NWSA,2009-09-04,0.06
NASDAQ,NWSA,2009-03-09,0.06
NASDAQ,NWSA,2008-09-08,0.06
NASDAQ,NWSA,2008-03-10,0.06
NASDAQ,NWSA,2007-09-10,0.06
NASDAQ,NWSA,2007-03-12,0.06
NASDAQ,NWSA,2006-09-11,0.06
NASDAQ,NWSA,2006-03-13,0.06
NASDAQ,NWSA,2005-09-12,0.07
NASDAQ,NWSA,2005-03-14,0.05
NASDAQ,NWSA,2004-09-14,0.0525
NASDAQ,NWSA,2004-03-23,0.058
NASDAQ,NWSA,2003-09-09,0.0495
NASDAQ,NWSA,2003-03-27,0.0455
NASDAQ,NWSA,2002-09-03,0.041
NASDAQ,NWSA,2002-03-26,0.0395
NASDAQ,NWSA,2001-09-04,0.0395
NASDAQ,NWSA,2001-03-27,0.0395
NASDAQ,NWSA,2000-09-12,0.044
NASDAQ,NWSA,2000-03-28,0.0475
NASDAQ,NWSA,1999-10-05,0.048
NASDAQ,NWSA,1999-04-06,0.02
NASDAQ,NWSA,1998-09-08,0.0445
NASDAQ,NWSA,1998-03-31,0.05
NASDAQ,NWSA,1997-09-09,0.024
NASDAQ,NWSA,1997-04-01,0.057
NASDAQ,NTEC,2009-03-25,0.33
NASDAQ,NTSC,2009-05-26,0.06
NASDAQ,NTSC,2008-08-07,0.02
NASDAQ,NTSC,2000-07-12,0.02
NASDAQ,NTSC,2000-02-24,0.01
NASDAQ,NTSC,1999-07-13,0.01
NASDAQ,NTSC,1999-02-10,0.005
NASDAQ,NTSC,1998-07-13,0.012
NASDAQ,NTSC,1997-07-18,0.012
NASDAQ,NTSC,1996-07-17,0.012
NASDAQ,NTSC,1995-02-06,0.005
NASDAQ,NTSC,1994-07-14,0.008
NASDAQ,NTSC,1994-05-13,0.008
NASDAQ,NTSC,1993-11-29,0.01
NASDAQ,NTSC,1993-07-08,0.005
NASDAQ,NSFC,2008-05-13,0.4
NASDAQ,NSFC,2007-11-13,0.37
NASDAQ,NSFC,2007-05-15,0.35
NASDAQ,NSFC,2006-11-13,0.35
NASDAQ,NSFC,2006-05-11,0.3
NASDAQ,NSFC,2005-11-10,0.07
NASDAQ,NSFC,2005-05-11,0.55
NASDAQ,NSFC,2004-11-10,0.55
NASDAQ,NSFC,2004-05-12,0.55
NASDAQ,NSFC,2003-11-12,0.54
NASDAQ,NSFC,2003-05-13,0.54
NASDAQ,NSFC,2002-11-13,0.53
NASDAQ,NSFC,2002-05-13,0.53
NASDAQ,NSFC,2001-11-13,0.52
NASDAQ,NSFC,2001-05-11,0.48
NASDAQ,NSFC,2000-11-13,0.47
NASDAQ,NSFC,2000-05-11,0.215
NASDAQ,NSFC,1999-11-10,0.4
NASDAQ,NSFC,1999-05-20,0.175
NASDAQ,NSFC,1998-11-12,0.16
NASDAQ,NSFC,1998-05-19,0.125
NASDAQ,NSFC,1998-02-11,0.125
NASDAQ,NSFC,1997-11-18,0.125
NASDAQ,NSFC,1997-05-20,0.23
NASDAQ,NSFC,1996-11-13,0.105
NASDAQ,NSFC,1996-05-14,0.095
NASDAQ,NSFC,1995-11-13,0.08
NASDAQ,NTII,2009-12-10,0.18
NASDAQ,NKSH,2009-11-19,0.43
NASDAQ,NKSH,2009-05-20,0.41
NASDAQ,NKSH,2008-11-19,0.41
NASDAQ,NKSH,2008-05-21,0.39
NASDAQ,NKSH,2007-11-20,0.39
NASDAQ,NKSH,2007-05-17,0.37
NASDAQ,NKSH,2006-11-16,0.37
NASDAQ,NKSH,2006-05-17,0.36
NASDAQ,NKSH,2005-11-16,0.36
NASDAQ,NKSH,2005-05-19,0.35
NASDAQ,NKSH,2004-11-18,0.325
NASDAQ,NKSH,2004-05-20,0.315
NASDAQ,NKSH,2003-11-20,0.295
NASDAQ,NKSH,2003-05-21,0.27
NASDAQ,NKSH,2002-11-18,0.255
NASDAQ,NKSH,2002-05-16,0.23
NASDAQ,NKSH,2001-11-21,0.215
NASDAQ,NKSH,2001-05-17,0.215
NASDAQ,NKSH,2000-11-20,0.215
NASDAQ,NKSH,2000-05-18,0.21
NASDAQ,NTRI,2009-11-04,0.175
NASDAQ,NTRI,2009-08-05,0.175
NASDAQ,NTRI,2009-05-06,0.175
NASDAQ,NTRI,2009-03-04,0.175
NASDAQ,NTRI,2008-11-05,0.175
NASDAQ,NTRI,2008-08-01,0.175
NASDAQ,NTRI,2008-05-01,0.175
NASDAQ,NBTF,2009-12-28,0.29
NASDAQ,NBTF,2009-09-28,0.29
NASDAQ,NBTF,2009-06-26,0.29
NASDAQ,NBTF,2009-03-27,0.29
NASDAQ,NBTF,2008-12-29,0.29
NASDAQ,NBTF,2008-09-26,0.29
NASDAQ,NBTF,2008-06-26,0.29
NASDAQ,NBTF,2008-03-27,0.29
NASDAQ,NBTF,2008-01-02,0.28
NASDAQ,NBTF,2007-12-27,0.28
NASDAQ,NBTF,2007-09-26,0.28
NASDAQ,NBTF,2007-06-27,0.28
NASDAQ,NBTF,2007-03-28,0.28
NASDAQ,NBTF,2006-12-27,0.27
NASDAQ,NBTF,2006-09-27,0.27
NASDAQ,NBTF,2006-06-28,0.27
NASDAQ,NBTF,2006-03-29,0.27
NASDAQ,NBTF,2005-12-28,0.26
NASDAQ,NBTF,2005-09-28,0.26
NASDAQ,NBTF,2005-06-28,0.26
NASDAQ,NBTF,2005-03-29,0.26
NASDAQ,NBTF,2004-12-29,0.25
NASDAQ,NBTF,2004-09-28,0.25
NASDAQ,NBTF,2004-06-28,0.25
NASDAQ,NBTF,2004-03-29,0.25
NASDAQ,NBTF,2003-12-30,0.24
NASDAQ,NBTF,2003-09-26,0.24
NASDAQ,NBTF,2003-06-26,0.24
NASDAQ,NBTF,2003-03-27,0.24
NASDAQ,NBTF,2002-12-27,0.23
NASDAQ,NBTF,2002-09-26,0.23
NASDAQ,NBTF,2002-06-26,0.23
NASDAQ,NBTF,2002-03-26,0.23
NASDAQ,NBTF,2001-12-27,0.21
NASDAQ,NBTF,2001-09-26,0.21
NASDAQ,NBTF,2001-06-27,0.21
NASDAQ,NBTF,2001-03-28,0.21
NASDAQ,NBTF,2000-12-27,0.19
NASDAQ,NOOF,2008-03-19,0.125
NASDAQ,NOOF,2007-12-19,0.125
NASDAQ,NOOF,2007-09-13,0.125
NASDAQ,NOOF,2007-05-31,0.125
NASDAQ,NOOF,2007-01-10,0.6
NASDAQ,NPBC,2010-02-03,0.01
NASDAQ,NPBC,2009-11-04,0.01
NASDAQ,NPBC,2009-07-29,0.05
NASDAQ,NPBC,2009-04-29,0.05
NASDAQ,NPBC,2009-02-04,0.17
NASDAQ,NPBC,2008-10-29,0.173
NASDAQ,NPBC,2008-07-30,0.17
NASDAQ,NPBC,2008-04-30,0.17
NASDAQ,NPBC,2008-01-28,0.17
NASDAQ,NPBC,2007-10-31,0.17
NASDAQ,NPBC,2007-08-01,0.16311
NASDAQ,NPBC,2007-05-02,0.16311
NASDAQ,NPBC,2007-01-31,0.16311
NASDAQ,NPBC,2006-11-01,0.16311
NASDAQ,NPBC,2006-08-02,0.15552
NASDAQ,NPBC,2006-05-03,0.15552
NASDAQ,NPBC,2006-02-01,0.15552
NASDAQ,NPBC,2005-11-02,0.15552
NASDAQ,NPBC,2005-08-03,0.15082
NASDAQ,NPBC,2005-05-04,0.15082
NASDAQ,NPBC,2005-02-02,0.15082
NASDAQ,NPBC,2004-11-03,0.15082
NASDAQ,NPBC,2004-08-04,0.14479
NASDAQ,NPBC,2004-05-05,0.14479
NASDAQ,NPBC,2004-02-04,0.14479
NASDAQ,NPBC,2003-10-29,0.14479
NASDAQ,NPBC,2003-09-10,0.0
NASDAQ,NPBC,2003-07-29,0.13215
NASDAQ,NPBC,2003-04-28,0.13215
NASDAQ,NPBC,2003-01-29,0.13215
NASDAQ,NPBC,2002-12-04,0.1264
NASDAQ,NPBC,2002-10-29,0.12585
NASDAQ,NPBC,2002-07-29,0.12037
NASDAQ,NPBC,2002-04-26,0.12037
NASDAQ,NPBC,2002-01-29,0.12037
NASDAQ,NPBC,2001-10-29,0.11686
NASDAQ,NPBC,2001-07-27,0.11155
NASDAQ,NPBC,2001-04-26,0.11155
NASDAQ,NPBC,2001-01-29,0.11155
NASDAQ,NPBC,2000-12-06,0.10624
NASDAQ,NPBC,2000-10-27,0.10624
NASDAQ,NPBC,2000-07-27,0.10117
NASDAQ,NPBC,2000-04-26,0.10117
NASDAQ,NPBC,2000-01-27,0.10117
NASDAQ,NPBC,1999-12-02,0.09865
NASDAQ,NPBC,1999-10-27,0.09637
NASDAQ,NPBC,1999-07-28,0.09637
NASDAQ,NPBC,1999-04-28,0.09637
NASDAQ,NPBC,1999-01-27,0.09154
NASDAQ,NPBC,1998-10-28,0.09154
NASDAQ,NPBC,1998-07-29,0.09175
NASDAQ,NPBC,1998-04-28,0.08481
NASDAQ,NPBC,1998-01-28,0.08095
NASDAQ,NPBC,1997-10-29,0.08095
NASDAQ,NPBC,1997-07-29,0.08095
NASDAQ,NPBC,1997-04-28,0.0694
NASDAQ,NPBC,1997-01-29,0.0694
NASDAQ,NPBC,1996-10-29,0.06359
NASDAQ,NPBC,1996-09-25,0.06359
NASDAQ,NPBC,1996-07-29,0.06332
NASDAQ,NPBC,1996-04-26,0.06332
NASDAQ,NPBC,1996-01-29,0.06057
NASDAQ,NPBC,1995-10-27,0.06057
NASDAQ,NPBC,1995-09-27,0.05783
NASDAQ,NPBC,1995-04-24,0.05231
NASDAQ,NPBC,1995-01-25,0.05231
NASDAQ,NPBC,1994-10-25,0.05231
NASDAQ,NPBC,1994-09-26,0.05231
NASDAQ,NPBC,1994-07-25,0.05508
NASDAQ,NPBC,1994-04-25,0.05231
NASDAQ,NPBC,1994-01-25,0.04406
NASDAQ,NPBC,1993-10-26,0.04406
NASDAQ,NPBC,1993-09-24,0.04406
NASDAQ,NPBC,1993-07-26,0.0468
NASDAQ,NPBC,1993-04-26,0.02202
NASDAQ,NPBC,1993-01-25,0.02202
NASDAQ,NPBC,1992-10-26,0.02202
NASDAQ,NPBC,1992-08-25,0.04061
NASDAQ,NPBC,1992-04-24,0.04268
NASDAQ,NPBC,1992-01-27,0.03814
NASDAQ,NPBC,1991-10-25,0.03814
NASDAQ,NPBC,1991-07-25,0.03992
NASDAQ,NPBC,1991-04-24,0.03992
NASDAQ,NPBC,1991-01-25,0.03992
NASDAQ,NPBC,1990-10-25,0.03992
NASDAQ,NPBC,1990-07-25,0.03992
NASDAQ,NPBC,1990-04-24,0.03855
NASDAQ,NGPC,2009-12-29,0.17
NASDAQ,NGPC,2009-09-28,0.15
NASDAQ,NGPC,2009-06-26,0.12
NASDAQ,NGPC,2009-03-27,0.2
NASDAQ,NGPC,2008-12-24,0.41
NASDAQ,NGPC,2008-09-26,0.4
NASDAQ,NGPC,2008-06-26,0.4
NASDAQ,NGPC,2008-03-27,0.4
NASDAQ,NGPC,2007-12-26,0.515
NASDAQ,NGPC,2007-09-26,0.35
NASDAQ,NGPC,2007-06-27,0.31
NASDAQ,NGPC,2007-03-28,0.265
NASDAQ,NGPC,2006-12-15,0.33
NASDAQ,NGPC,2006-09-27,0.25
NASDAQ,NGPC,2006-06-28,0.18
NASDAQ,NGPC,2006-03-29,0.16
NASDAQ,NGPC,2005-12-22,0.275
NASDAQ,NGPC,2005-09-28,0.14
NASDAQ,NGPC,2005-06-28,0.125
NASDAQ,NGPC,2005-03-29,0.12
NASDAQ,NWS,2009-09-04,0.06
NASDAQ,NWS,2009-03-09,0.06
NASDAQ,NWS,2008-09-08,0.06
NASDAQ,NWS,2008-03-10,0.06
NASDAQ,NWS,2007-09-10,0.05
NASDAQ,NWS,2007-03-12,0.05
NASDAQ,NWS,2006-09-11,0.05
NASDAQ,NWS,2006-03-13,0.05
NASDAQ,NWS,2005-09-12,0.08
NASDAQ,NWS,2005-03-14,0.02
NASDAQ,NWS,2004-09-14,0.021
NASDAQ,NWS,2004-03-23,0.023
NASDAQ,NWS,2003-09-09,0.02
NASDAQ,NWS,2003-03-27,0.018
NASDAQ,NWS,2002-09-03,0.0165
NASDAQ,NWS,2002-03-26,0.0155
NASDAQ,NWS,2001-03-27,0.0155
NASDAQ,NWS,2000-09-12,0.0175
NASDAQ,NWS,2000-03-28,0.019
NASDAQ,NWS,1999-10-05,0.0195
NASDAQ,NWS,1999-04-06,0.015
NASDAQ,NWS,1998-09-08,0.0175
NASDAQ,NWS,1998-03-31,0.02
NASDAQ,NWS,1997-09-09,0.02
NASDAQ,NWS,1997-04-01,0.023
NASDAQ,NWS,1996-09-17,0.0235
NASDAQ,NWS,1996-04-02,0.02
NASDAQ,NWS,1995-09-19,0.02
NASDAQ,NWS,1995-03-31,0.02
NASDAQ,NWS,1994-09-23,0.01417
NASDAQ,NWS,1994-04-08,0.01417
NASDAQ,NWS,1993-09-21,0.01333
NASDAQ,NWS,1993-04-08,0.01333
NASDAQ,NWS,1992-09-18,0.012
NASDAQ,NWS,1992-04-06,0.0125
NASDAQ,NWS,1991-11-22,0.00417
NASDAQ,NWS,1991-09-20,0.01116
NASDAQ,NWS,1991-08-19,0.011
NASDAQ,NWS,1990-09-14,0.01384
NASDAQ,NWS,1990-03-23,0.0125
NASDAQ,NWS,1989-09-08,0.01083
NASDAQ,NWS,1989-03-23,0.01333
NASDAQ,NWS,1988-09-29,0.0045
NASDAQ,NWS,1988-03-31,0.00333
NASDAQ,NCTY,2009-01-29,1.11
NASDAQ,NCTY,2009-01-28,1.11
NASDAQ,NEWL,2008-05-21,0.1
NASDAQ,NEWL,2007-11-21,0.21
NASDAQ,NEWL,2007-08-15,0.21
NASDAQ,NEWL,2007-05-23,0.14
NASDAQ,NEWL,2007-03-15,0.07
NASDAQ,NEWL,2006-11-16,0.2
NASDAQ,NEWL,2006-08-15,0.2
NASDAQ,NEWL,2006-05-17,0.14
NASDAQ,NEWL,2006-02-21,0.35
NASDAQ,NEWL,2005-11-09,0.52
NASDAQ,NATL,2009-11-24,0.07
NASDAQ,NATL,2009-08-26,0.07
NASDAQ,NATL,2009-05-27,0.07
NASDAQ,NATL,2009-02-27,0.07
NASDAQ,NATL,2008-11-25,0.06
NASDAQ,NATL,2008-08-27,0.06
NASDAQ,NATL,2008-05-28,0.06
NASDAQ,NATL,2008-02-27,0.06
NASDAQ,NATL,2007-11-28,0.05
NASDAQ,NATL,2007-08-29,0.05
NASDAQ,NATL,2007-05-29,0.05
NASDAQ,NATL,2007-02-26,0.05
NASDAQ,NATL,2006-11-28,0.04
NASDAQ,NATL,2006-08-29,0.04
NASDAQ,NATL,2006-05-31,0.04
NASDAQ,NATL,2006-02-16,0.04
NASDAQ,NATL,2005-11-29,0.04
NASDAQ,NATL,2005-08-18,0.04
NASDAQ,NICK,2005-03-04,0.0303
NASDAQ,NICK,2004-08-25,0.0303
NASDAQ,NICK,2004-03-04,0.0303
NASDAQ,NICK,2003-09-04,0.0303
NASDAQ,NMRX,1996-08-16,0.05
NASDAQ,NMRX,1996-05-16,0.05
NASDAQ,NOVB,2008-12-10,0.1
NASDAQ,NOVB,2008-09-10,0.1
NASDAQ,NOVB,2008-06-11,0.1
NASDAQ,NOVB,2008-03-12,0.1
NASDAQ,NOVB,2007-12-12,0.1
NASDAQ,NOVB,2007-09-12,0.1
NASDAQ,NOVB,2007-06-13,0.1
NASDAQ,NOVB,2007-03-14,0.1
NASDAQ,NOVB,2006-12-13,0.1
NASDAQ,NOVB,2006-09-13,0.1
NASDAQ,NOVB,2006-06-13,0.1
NASDAQ,NOVB,2006-03-13,0.1
NASDAQ,NOVB,2005-12-13,0.1
NASDAQ,NOVB,2005-09-13,0.1
NASDAQ,NOVB,2005-06-13,0.1
NASDAQ,NOVB,2005-03-14,0.1
NASDAQ,NOVB,2004-12-13,0.1
NASDAQ,NOVB,2004-09-16,0.1
NASDAQ,NOVB,2004-06-14,0.1
NASDAQ,NOVB,2004-03-10,0.1
NASDAQ,NOVB,2003-12-11,0.1
NASDAQ,NOVB,2003-09-11,0.1
NASDAQ,NOVB,2003-06-20,0.1
NASDAQ,NOVB,2003-03-19,0.1
NASDAQ,NOVB,2002-12-12,0.09333
NASDAQ,NOVB,2002-09-11,0.08
NASDAQ,NOVB,2002-06-05,0.08
NASDAQ,NOVB,2002-03-06,0.08
NASDAQ,NOVB,2001-12-12,0.06667
NASDAQ,NOVB,2001-09-06,0.06667
NASDAQ,NOVB,2001-06-13,0.06667
NASDAQ,NOVB,2001-03-14,0.06667
NASDAQ,NOVB,2000-12-27,0.06667
NASDAQ,NOVB,2000-09-27,0.06667
NASDAQ,NOVB,2000-06-28,0.06667
NASDAQ,NOVB,2000-03-29,0.06667
NASDAQ,NOVB,1999-12-29,0.06667
NASDAQ,NOVB,1999-09-21,0.06667
NASDAQ,NOVB,1999-06-28,0.06667
NASDAQ,NOVB,1999-03-29,0.06667
NASDAQ,NOVB,1998-12-22,0.06667
NASDAQ,NSANY,2008-03-26,0.389
NASDAQ,NSANY,2007-09-26,0.345
NASDAQ,NSANY,2007-03-28,0.289
NASDAQ,NSANY,2006-09-27,0.289
NASDAQ,NSANY,2006-03-28,0.254
NASDAQ,NSANY,2005-09-27,0.25
NASDAQ,NSANY,2005-03-28,0.226
NASDAQ,NSANY,2004-09-27,0.219
NASDAQ,NSANY,2004-03-26,0.199
NASDAQ,NSANY,2003-09-25,0.137
NASDAQ,NSANY,2003-03-26,0.171
NASDAQ,NSANY,2002-09-25,0.067
NASDAQ,NSANY,2002-03-26,0.105
NASDAQ,NSANY,2001-03-27,0.115
NASDAQ,NSANY,2000-09-26,0.13
NASDAQ,NSANY,2000-03-28,0.127
NASDAQ,NSANY,1999-09-27,0.025
NASDAQ,NSANY,1999-03-26,0.025
NASDAQ,NSANY,1998-09-25,0.02
NASDAQ,NSANY,1998-03-26,0.032
NASDAQ,NSANY,1997-09-25,0.038
NASDAQ,NSANY,1996-09-25,0.028
NASDAQ,NSANY,1996-03-26,0.062
NASDAQ,NSANY,1995-09-27,0.065
NASDAQ,NSANY,1995-03-24,0.03
NASDAQ,NSANY,1994-09-26,0.03
NASDAQ,NEWP,2001-06-13,0.01
NASDAQ,NEWP,2000-12-06,0.01
NASDAQ,NEWP,2000-06-07,0.01
NASDAQ,NEWP,1999-12-08,0.00333
NASDAQ,NEWP,1999-06-09,0.00333
NASDAQ,NEWP,1998-12-09,0.00333
NASDAQ,NEWP,1998-06-10,0.00333
NASDAQ,NEWP,1997-12-10,0.00333
NASDAQ,NEWP,1997-06-10,0.00333
NASDAQ,NEWP,1996-12-11,0.00333
NASDAQ,NEWP,1996-06-26,0.00333
NASDAQ,NEWP,1995-12-13,0.00333
NASDAQ,NEWP,1995-06-21,0.00333
NASDAQ,NEWP,1994-12-12,0.00333
NASDAQ,NEWP,1994-06-20,0.00333
NASDAQ,NEWP,1993-12-13,0.00333
NASDAQ,NEWP,1993-06-14,0.00333
NASDAQ,NEWP,1992-12-14,0.00333
NASDAQ,NEWP,1992-09-09,0.01333
NASDAQ,NEWP,1992-06-12,0.01333
NASDAQ,NEWP,1992-03-09,0.01333
NASDAQ,NEWP,1991-12-09,0.01333
NASDAQ,NEWP,1991-09-09,0.01333
NASDAQ,NEWP,1991-06-07,0.01333
NASDAQ,NEWP,1991-03-07,0.01333
NASDAQ,NEWP,1990-11-26,0.01333
NASDAQ,NEWP,1990-08-27,0.01333
NASDAQ,NASB,2010-02-03,0.225
NASDAQ,NASB,2009-11-04,0.225
NASDAQ,NASB,2009-08-05,0.225
NASDAQ,NASB,2009-05-06,0.225
NASDAQ,NASB,2009-02-04,0.225
NASDAQ,NASB,2008-11-05,0.225
NASDAQ,NASB,2008-07-30,0.225
NASDAQ,NASB,2008-04-30,0.225
NASDAQ,NASB,2008-01-30,0.225
NASDAQ,NASB,2007-11-07,0.225
NASDAQ,NASB,2007-08-01,0.225
NASDAQ,NASB,2007-05-02,0.225
NASDAQ,NASB,2007-01-31,0.225
NASDAQ,NASB,2006-11-01,0.225
NASDAQ,NASB,2006-08-02,0.225
NASDAQ,NASB,2006-05-03,0.225
NASDAQ,NASB,2006-02-01,0.225
NASDAQ,NASB,2005-11-02,0.45
NASDAQ,NASB,2005-08-03,0.225
NASDAQ,NASB,2005-05-04,0.225
NASDAQ,NASB,2005-02-02,0.225
NASDAQ,NASB,2004-11-03,1.0
NASDAQ,NASB,2004-08-04,0.2
NASDAQ,NASB,2004-05-05,0.2
NASDAQ,NASB,2004-02-04,0.2
NASDAQ,NASB,2003-11-05,0.85
NASDAQ,NASB,2003-08-06,0.17
NASDAQ,NASB,2003-04-30,0.17
NASDAQ,NASB,2003-02-05,0.17
NASDAQ,NASB,2002-10-30,0.15
NASDAQ,NASB,2002-07-31,0.15
NASDAQ,NASB,2002-05-01,0.15
NASDAQ,NASB,2002-01-30,0.15
NASDAQ,NASB,2001-11-07,0.125
NASDAQ,NASB,2001-08-08,0.125
NASDAQ,NASB,2001-05-02,0.125
NASDAQ,NASB,2001-01-31,0.125
NASDAQ,NASB,2000-11-01,0.1
NASDAQ,NASB,2000-08-02,0.08
NASDAQ,NASB,2000-05-03,0.1
NASDAQ,NASB,2000-02-02,0.1
NASDAQ,NASB,1999-11-03,0.08
NASDAQ,NBXH,2010-01-21,0.075
NASDAQ,NBXH,2009-12-22,0.075
NASDAQ,NBXH,2009-11-23,0.075
NASDAQ,NBXH,2009-10-21,0.075
NASDAQ,NBXH,2009-09-23,0.075
NASDAQ,NBXH,2009-08-21,0.075
NASDAQ,NBXH,2009-07-22,0.075
NASDAQ,NBXH,2009-06-23,0.075
NASDAQ,NBXH,2009-05-20,0.075
NASDAQ,NBXH,2009-04-22,0.075
NASDAQ,NBXH,2009-03-23,0.075
NASDAQ,NBXH,2009-02-19,0.075
NASDAQ,NBXH,2009-01-21,0.075
NASDAQ,NBXH,2008-12-22,0.075
NASDAQ,NBXH,2008-11-21,0.075
NASDAQ,NBXH,2008-10-22,0.075
NASDAQ,NBXH,2008-09-23,0.075
NASDAQ,NBXH,2008-08-21,0.075
NASDAQ,NBXH,2008-07-23,0.075
NASDAQ,NBXH,2008-06-23,0.075
NASDAQ,NBXH,2008-05-21,0.075
NASDAQ,NBXH,2008-04-23,0.075
NASDAQ,NBXH,2008-03-20,0.075
NASDAQ,NBXH,2008-02-20,0.075
NASDAQ,NBXH,2008-01-23,0.075
NASDAQ,NBXH,2007-12-20,0.075
NASDAQ,NBXH,2007-11-20,0.075
NASDAQ,NBXH,2007-10-23,0.075
NASDAQ,NBXH,2007-09-19,0.075
NASDAQ,NBXH,2007-08-21,0.075
NASDAQ,NBXH,2007-07-19,0.075
NASDAQ,NBXH,2007-06-20,0.075
NASDAQ,NBXH,2007-05-21,0.075
NASDAQ,NBXH,2007-04-19,0.075
NASDAQ,NBXH,2007-03-21,0.075
NASDAQ,NBXH,2007-02-21,0.075
NASDAQ,NBXH,2007-01-23,0.075
NASDAQ,NBXH,2006-12-20,0.075
NASDAQ,NBXH,2006-11-21,0.075
NASDAQ,NBN,2010-01-27,0.09
NASDAQ,NBN,2009-10-28,0.09
NASDAQ,NBN,2009-07-29,0.09
NASDAQ,NBN,2009-04-29,0.09
NASDAQ,NBN,2009-01-28,0.09
NASDAQ,NBN,2008-10-29,0.09
NASDAQ,NBN,2008-07-30,0.09
NASDAQ,NBN,2008-04-30,0.09
NASDAQ,NBN,2008-01-30,0.09
NASDAQ,NBN,2007-10-31,0.09
NASDAQ,NBN,2007-08-01,0.09
NASDAQ,NBN,2007-05-02,0.09
NASDAQ,NBN,2007-01-31,0.09
NASDAQ,NBN,2006-11-01,0.09
NASDAQ,NBN,2006-08-02,0.09
NASDAQ,NBN,2006-05-03,0.09
NASDAQ,NBN,2006-02-01,0.09
NASDAQ,NBN,2005-10-31,0.09
NASDAQ,NBN,2005-07-27,0.09
NASDAQ,NBN,2005-04-27,0.09
NASDAQ,NBN,2005-02-02,0.09
NASDAQ,NBN,2004-11-01,0.09
NASDAQ,NWSB,2009-10-29,0.22
NASDAQ,NWSB,2009-07-28,0.22
NASDAQ,NWSB,2009-04-28,0.22
NASDAQ,NWSB,2009-02-03,0.22
NASDAQ,NWSB,2008-10-28,0.22
NASDAQ,NWSB,2008-07-29,0.22
NASDAQ,NWSB,2008-04-29,0.22
NASDAQ,NWSB,2008-01-30,0.22
NASDAQ,NWSB,2007-10-30,0.22
NASDAQ,NWSB,2007-07-31,0.22
NASDAQ,NWSB,2007-05-01,0.2
NASDAQ,NWSB,2007-01-30,0.2
NASDAQ,NWSB,2006-10-31,0.2
NASDAQ,NWSB,2006-08-01,0.18
NASDAQ,NWSB,2006-05-02,0.16
NASDAQ,NWSB,2006-01-31,0.16
NASDAQ,NWSB,2005-11-01,0.16
NASDAQ,NWSB,2005-08-02,0.14
NASDAQ,NWSB,2005-04-28,0.12
NASDAQ,NWSB,2005-01-27,0.12
NASDAQ,NWSB,2004-10-28,0.12
NASDAQ,NWSB,2004-07-29,0.12
NASDAQ,NWSB,2004-04-28,0.1
NASDAQ,NWSB,2004-01-28,0.1
NASDAQ,NWSB,2003-10-29,0.1
NASDAQ,NWSB,2003-07-29,0.1
NASDAQ,NWSB,2003-04-28,0.08
NASDAQ,NWSB,2003-01-29,0.08
NASDAQ,NWSB,2002-10-29,0.08
NASDAQ,NWSB,2002-07-29,0.08
NASDAQ,NWSB,2002-04-26,0.06
NASDAQ,NWSB,2002-01-29,0.06
NASDAQ,NWSB,2001-10-29,0.06
NASDAQ,NWSB,2001-07-27,0.06
NASDAQ,NWSB,2001-04-26,0.04
NASDAQ,NWSB,2001-01-29,0.04
NASDAQ,NWSB,2000-10-25,0.04
NASDAQ,NWSB,2000-07-26,0.04
NASDAQ,NWSB,2000-04-26,0.04
NASDAQ,NWSB,2000-01-26,0.04
NASDAQ,NWSB,1999-10-27,0.04
NASDAQ,NWSB,1999-08-04,0.04
NASDAQ,NWSB,1999-04-28,0.04
NASDAQ,NWSB,1999-01-29,0.04
NASDAQ,NWSB,1998-10-28,0.04
NASDAQ,NWSB,1998-07-29,0.04
NASDAQ,NWSB,1998-04-28,0.04
NASDAQ,NWSB,1998-01-28,0.04
NASDAQ,NWSB,1997-10-29,0.04
NASDAQ,NWSB,1997-07-29,0.04
NASDAQ,NWSB,1997-04-28,0.04
NASDAQ,NWSB,1997-01-29,0.04
NASDAQ,NWSB,1996-10-29,0.04
NASDAQ,NWSB,1996-07-29,0.04
NASDAQ,NWSB,1996-04-26,0.0375
NASDAQ,NWSB,1996-01-29,0.0375
NASDAQ,NWSB,1995-10-27,0.0375
NASDAQ,NWSB,1995-07-28,0.0375
NASDAQ,NWSB,1995-04-25,0.0375
NASDAQ,NWSB,1995-01-25,0.0375
NASDAQ,NRCI,2009-12-02,0.16
NASDAQ,NRCI,2009-09-02,0.16
NASDAQ,NRCI,2009-06-03,0.16
NASDAQ,NRCI,2009-03-12,0.16
NASDAQ,NRCI,2008-12-03,0.14
NASDAQ,NRCI,2008-09-03,0.14
NASDAQ,NRCI,2008-06-04,0.14
NASDAQ,NRCI,2008-03-05,0.14
NASDAQ,NRCI,2007-12-13,0.12
NASDAQ,NRCI,2007-09-05,0.12
NASDAQ,NRCI,2007-06-06,0.12
NASDAQ,NRCI,2007-03-12,0.12
NASDAQ,NRCI,2006-12-06,0.1
NASDAQ,NRCI,2006-09-06,0.1
NASDAQ,NRCI,2006-06-07,0.1
NASDAQ,NRCI,2006-03-08,0.1
NASDAQ,NRCI,2005-12-07,0.08
NASDAQ,NRCI,2005-09-07,0.08
NASDAQ,NRCI,2005-06-08,0.08
NASDAQ,NRCI,2005-03-09,0.08
NASDAQ,NFBK,2010-02-08,0.04
NASDAQ,NFBK,2009-11-06,0.04
NASDAQ,NFBK,2009-08-10,0.04
NASDAQ,NFBK,2009-05-11,0.04
NASDAQ,NFBK,2009-02-09,0.04
NASDAQ,NFBK,2008-11-07,0.04
NASDAQ,NSTR,2009-12-17,0.1
NASDAQ,NSTR,2009-07-16,2.06
NASDAQ,NGLS,2010-02-01,0.518
NASDAQ,NGLS,2009-11-02,0.518
NASDAQ,NGLS,2009-08-03,0.518
NASDAQ,NGLS,2009-05-04,0.517
NASDAQ,NGLS,2009-02-02,0.518
NASDAQ,NGLS,2008-10-31,0.518
NASDAQ,NGLS,2008-07-31,0.513
NASDAQ,NGLS,2008-05-01,0.418
NASDAQ,NGLS,2008-01-31,0.398
NASDAQ,NGLS,2007-10-31,0.338
NASDAQ,NGLS,2007-07-31,0.338
NASDAQ,NGLS,2007-05-01,0.169
NASDAQ,NRIM,2009-12-08,0.1
NASDAQ,NRIM,2009-09-08,0.1
NASDAQ,NRIM,2009-06-09,0.1
NASDAQ,NRIM,2009-02-17,0.1
NASDAQ,NRIM,2008-10-16,0.17
NASDAQ,NRIM,2008-07-10,0.17
NASDAQ,NRIM,2008-04-09,0.17
NASDAQ,NRIM,2008-01-24,0.15
NASDAQ,NRIM,2007-10-17,0.15
NASDAQ,NRIM,2007-07-12,0.14286
NASDAQ,NRIM,2007-04-11,0.14286
NASDAQ,NRIM,2007-01-25,0.11905
NASDAQ,NRIM,2006-10-18,0.11905
NASDAQ,NRIM,2006-07-13,0.11338
NASDAQ,NRIM,2006-04-11,0.09977
NASDAQ,NRIM,2006-01-19,0.09977
NASDAQ,NRIM,2005-10-19,0.09977
NASDAQ,NRIM,2005-07-13,0.09977
NASDAQ,NRIM,2005-04-13,0.09977
NASDAQ,NRIM,2005-01-20,0.08617
NASDAQ,NRIM,2004-10-20,0.08617
NASDAQ,NRIM,2004-07-14,0.08617
NASDAQ,NRIM,2004-04-14,0.08617
NASDAQ,NRIM,2004-01-22,0.08617
NASDAQ,NRIM,2003-10-15,0.08617
NASDAQ,NRIM,2003-07-16,0.08617
NASDAQ,NRIM,2003-04-16,0.08617
NASDAQ,NRIM,2003-01-23,0.04535
NASDAQ,NRIM,2002-10-16,0.04535
NASDAQ,NRIM,2002-07-16,0.04535
NASDAQ,NRIM,2002-04-16,0.04535
NASDAQ,NRIM,2002-01-24,0.04535
NASDAQ,NRIM,2001-11-13,0.04082
NASDAQ,NRIM,2001-10-17,0.04123
NASDAQ,NRIM,2001-07-10,0.04123
NASDAQ,NRIM,2001-04-12,0.04123
NASDAQ,NRIM,2001-01-17,0.04123
NASDAQ,NRIM,2000-10-18,0.04123
NASDAQ,NRIM,2000-07-06,0.04123
NASDAQ,NRIM,2000-04-13,0.04123
NASDAQ,NRIM,2000-02-01,0.03958
NASDAQ,NRIM,2000-01-18,0.03927
NASDAQ,NRIM,1999-10-15,0.03927
NASDAQ,NRIM,1999-07-07,0.03927
NASDAQ,NRIM,1999-04-14,0.03927
NASDAQ,NRIM,1999-01-29,0.03769
NASDAQ,NRIM,1999-01-15,0.0374
NASDAQ,NRIM,1998-10-13,0.0359
NASDAQ,NRIM,1998-07-08,0.0359
NASDAQ,NRIM,1998-04-14,0.0359
NASDAQ,NRIM,1998-01-29,0.0374
NASDAQ,NRIM,1998-01-15,0.0359
NASDAQ,NRIM,1997-10-10,0.0359
NASDAQ,NRIM,1997-07-09,0.0359
NASDAQ,NRIM,1997-04-15,0.0359
NASDAQ,NRIM,1997-01-15,0.0374
NASDAQ,NRIM,1996-10-10,0.0374
NASDAQ,NRIM,1996-07-10,0.0374
NASDAQ,NRIM,1996-04-17,0.0374
NASDAQ,NRIM,1996-01-29,0.0359
NASDAQ,NRIM,1996-01-17,0.0374
NASDAQ,NRIM,1995-10-11,0.0374
NASDAQ,NRIM,1995-06-30,0.0374
NASDAQ,NRIM,1995-04-28,0.0359
NASDAQ,NRIM,1995-04-13,0.0374
NASDAQ,NWBI,2010-02-02,0.1
NASDAQ,NWBI,2009-10-29,0.22
NASDAQ,NWBI,2009-07-28,0.22
NASDAQ,NWBI,2009-04-28,0.22
NASDAQ,NWBI,2009-02-03,0.22
NASDAQ,NWBI,2008-10-28,0.22
NASDAQ,NWBI,2008-07-29,0.22
NASDAQ,NWBI,2008-04-29,0.22
NASDAQ,NWBI,2008-01-30,0.22
NASDAQ,NWBI,2007-10-30,0.22
NASDAQ,NWBI,2007-07-31,0.22
NASDAQ,NWBI,2007-05-01,0.2
NASDAQ,NWBI,2007-01-30,0.2
NASDAQ,NWBI,2006-10-31,0.2
NASDAQ,NWBI,2006-08-01,0.18
NASDAQ,NWBI,2006-05-02,0.16
NASDAQ,NWBI,2006-01-31,0.16
NASDAQ,NWBI,2005-11-01,0.16
NASDAQ,NWBI,2005-08-02,0.14
NASDAQ,NWBI,2005-04-28,0.12
NASDAQ,NWBI,2005-01-27,0.12
NASDAQ,NWBI,2004-10-28,0.12
NASDAQ,NWBI,2004-07-29,0.12
NASDAQ,NWBI,2004-04-28,0.1
NASDAQ,NWBI,2004-01-28,0.1
NASDAQ,NWBI,2003-10-29,0.1
NASDAQ,NWBI,2003-07-29,0.1
NASDAQ,NWBI,2003-04-28,0.08
NASDAQ,NWBI,2003-01-29,0.08
NASDAQ,NWBI,2002-10-29,0.08
NASDAQ,NWBI,2002-07-29,0.08
NASDAQ,NWBI,2002-04-26,0.06
NASDAQ,NWBI,2002-01-29,0.06
NASDAQ,NWBI,2001-10-29,0.06
NASDAQ,NWBI,2001-07-27,0.06
NASDAQ,NWBI,2001-04-26,0.04
NASDAQ,NWBI,2001-01-29,0.04
NASDAQ,NWBI,2000-10-25,0.04
NASDAQ,NWBI,2000-07-26,0.04
NASDAQ,NWBI,2000-04-26,0.04
NASDAQ,NWBI,2000-01-26,0.04
NASDAQ,NWBI,1999-10-27,0.04
NASDAQ,NWBI,1999-08-04,0.04
NASDAQ,NWBI,1999-04-28,0.04
NASDAQ,NWBI,1999-01-29,0.04
NASDAQ,NWBI,1998-10-28,0.04
NASDAQ,NWBI,1998-07-29,0.04
NASDAQ,NWBI,1998-04-28,0.04
NASDAQ,NWBI,1998-01-28,0.04
NASDAQ,NWBI,1997-10-29,0.04
NASDAQ,NWBI,1997-07-29,0.04
NASDAQ,NWBI,1997-04-28,0.04
NASDAQ,NWBI,1997-01-29,0.04
NASDAQ,NWBI,1996-10-29,0.04
NASDAQ,NWBI,1996-07-29,0.04
NASDAQ,NWBI,1996-04-26,0.0375
NASDAQ,NWBI,1996-01-29,0.0375
NASDAQ,NWBI,1995-10-27,0.0375
NASDAQ,NWBI,1995-07-28,0.0375
NASDAQ,NWBI,1995-04-25,0.0375
NASDAQ,NWBI,1995-01-25,0.0375
NASDAQ,NBBC,2008-09-29,0.05
NASDAQ,NBBC,2008-06-27,0.17
NASDAQ,NBBC,2008-03-28,0.17
NASDAQ,NBBC,2007-12-27,0.17
NASDAQ,NBBC,2007-09-27,0.17
NASDAQ,NBBC,2007-06-27,0.17
NASDAQ,NBBC,2007-03-28,0.17
NASDAQ,NBBC,2006-12-27,0.17
NASDAQ,NBBC,2006-09-27,0.17
NASDAQ,NBBC,2006-06-28,0.17
NASDAQ,NBBC,2006-03-29,0.17
NASDAQ,NBBC,2005-12-28,0.17
NASDAQ,NBBC,2005-09-28,0.17
NASDAQ,NBBC,2005-06-29,0.17
NASDAQ,NBBC,2005-03-30,0.17
NASDAQ,NBBC,2004-12-29,0.16
NASDAQ,NBBC,2004-09-29,0.16
NASDAQ,NBBC,2004-06-29,0.16
NASDAQ,NBBC,2004-03-30,0.16
NASDAQ,NBBC,2003-12-29,0.16
NASDAQ,NBBC,2003-09-29,0.16
NASDAQ,NBBC,2003-06-27,0.16
NASDAQ,NBBC,2003-03-28,0.16
NASDAQ,NBBC,2002-12-27,0.15
NASDAQ,NBBC,2002-09-27,0.15
NASDAQ,NBBC,2002-06-27,0.15
NASDAQ,NBBC,2002-03-27,0.15
NASDAQ,NBBC,2001-12-27,0.14
NASDAQ,NBBC,2001-09-27,0.14
NASDAQ,NBBC,2001-06-27,0.14
NASDAQ,NBBC,2001-03-28,0.14
NASDAQ,NBBC,2000-12-27,0.14
NASDAQ,NBBC,2000-09-27,0.14
NASDAQ,NBBC,2000-06-28,0.14
NASDAQ,NBBC,2000-03-29,0.14
NASDAQ,NBBC,1999-12-29,0.14
NASDAQ,NBBC,1999-09-29,0.14
NASDAQ,NBBC,1999-06-29,0.14
NASDAQ,NBBC,1999-03-30,0.14
NASDAQ,NBBC,1998-12-29,0.12
NASDAQ,NBBC,1998-09-29,0.1
NASDAQ,NBBC,1998-06-29,0.1
NASDAQ,NBBC,1998-03-30,0.1
NASDAQ,NBBC,1997-12-29,0.088
NASDAQ,NBBC,1997-09-29,0.088
NASDAQ,NBBC,1997-06-27,0.088
NASDAQ,NBBC,1997-03-27,0.088
NASDAQ,NBBC,1996-12-27,0.08
NASDAQ,NBBC,1996-09-27,0.08
NASDAQ,NBBC,1996-06-27,0.08
NASDAQ,NBBC,1996-03-28,0.08
NASDAQ,NBBC,1995-12-27,0.0768
NASDAQ,NBBC,1995-09-27,0.0768
NASDAQ,NBBC,1995-06-28,0.0768
NASDAQ,NBBC,1995-03-27,0.0672
NASDAQ,NBBC,1994-12-23,0.0672
NASDAQ,NBBC,1994-09-26,0.0672
NASDAQ,NBBC,1994-03-25,0.06656
NASDAQ,NBBC,1993-12-27,0.06656
NASDAQ,NBBC,1993-09-27,0.06656
NASDAQ,NBBC,1993-06-25,0.06656
NASDAQ,NBBC,1993-03-26,0.06656
NASDAQ,NBBC,1992-12-24,0.06144
NASDAQ,NBBC,1992-09-25,0.06144
NASDAQ,NBBC,1992-06-25,0.06144
NASDAQ,NBBC,1992-03-26,0.05325
NASDAQ,NBBC,1990-12-24,0.05325
NASDAQ,NBBC,1990-09-25,0.05325
NASDAQ,NBBC,1990-06-25,0.05325
