exchange,stock_symbol,date,dividends
NASDAQ,EMIF,2009-12-21,0.027
NASDAQ,EGLE,2008-11-18,0.5
NASDAQ,EGLE,2008-08-18,0.5
NASDAQ,EGLE,2008-05-16,0.5
NASDAQ,EGLE,2008-03-11,0.5
NASDAQ,EGLE,2007-11-19,0.5
NASDAQ,EGLE,2007-07-30,0.47
NASDAQ,EGLE,2007-04-26,0.5
NASDAQ,EGLE,2007-02-26,0.51
NASDAQ,EGLE,2006-10-26,0.51
NASDAQ,EGLE,2006-07-26,0.5
NASDAQ,EGLE,2006-04-26,0.5
NASDAQ,EGLE,2006-02-13,0.57
NASDAQ,EGLE,2005-10-13,0.54
NASDAQ,EWBC,2010-02-08,0.01
NASDAQ,EWBC,2009-11-06,0.01
NASDAQ,EWBC,2009-08-10,0.01
NASDAQ,EWBC,2009-05-14,0.01
NASDAQ,EWBC,2009-02-06,0.02
NASDAQ,EWBC,2008-11-06,0.1
NASDAQ,EWBC,2008-08-04,0.1
NASDAQ,EWBC,2008-04-28,0.1
NASDAQ,EWBC,2008-02-04,0.1
NASDAQ,EWBC,2007-10-30,0.1
NASDAQ,EWBC,2007-08-07,0.1
NASDAQ,EWBC,2007-04-27,0.1
NASDAQ,EWBC,2007-02-06,0.1
NASDAQ,EWBC,2006-10-30,0.05
NASDAQ,EWBC,2006-08-07,0.05
NASDAQ,EWBC,2006-05-01,0.05
NASDAQ,EWBC,2006-02-06,0.05
NASDAQ,EWBC,2005-10-28,0.05
NASDAQ,EWBC,2005-08-02,0.05
NASDAQ,EWBC,2005-04-29,0.05
NASDAQ,EWBC,2005-02-03,0.05
NASDAQ,EWBC,2004-10-25,0.05
NASDAQ,EWBC,2004-07-26,0.05
NASDAQ,EWBC,2004-04-26,0.05
NASDAQ,EWBC,2004-01-26,0.05
NASDAQ,EWBC,2003-10-28,0.05
NASDAQ,EWBC,2003-07-29,0.05
NASDAQ,EWBC,2003-04-29,0.05
NASDAQ,EWBC,2003-01-23,0.05
NASDAQ,EWBC,2002-10-29,0.034
NASDAQ,EWBC,2002-07-29,0.034
NASDAQ,EWBC,2002-04-29,0.034
NASDAQ,EWBC,2002-02-06,0.034
NASDAQ,EWBC,2001-10-29,0.015
NASDAQ,EWBC,2001-07-27,0.015
NASDAQ,EWBC,2001-05-02,0.015
NASDAQ,EWBC,2001-01-30,0.015
NASDAQ,EWBC,2000-10-30,0.015
NASDAQ,EWBC,2000-08-04,0.015
NASDAQ,EWBC,2000-05-01,0.015
NASDAQ,EWBC,2000-01-31,0.015
NASDAQ,EWBC,1999-11-01,0.015
NASDAQ,EWBC,1999-08-02,0.015
NASDAQ,EWBC,1999-05-03,0.015
NASDAQ,EMCI,2009-11-19,0.18
NASDAQ,EMCI,2009-09-03,0.18
NASDAQ,EMCI,2009-05-28,0.18
NASDAQ,EMCI,2009-03-17,0.18
NASDAQ,EMCI,2008-11-07,0.18
NASDAQ,EMCI,2008-09-05,0.18
NASDAQ,EMCI,2008-06-06,0.18
NASDAQ,EMCI,2008-03-18,0.18
NASDAQ,EMCI,2007-11-16,0.18
NASDAQ,EMCI,2007-09-06,0.17
NASDAQ,EMCI,2007-06-01,0.17
NASDAQ,EMCI,2007-03-20,0.17
NASDAQ,EMCI,2006-11-17,0.17
NASDAQ,EMCI,2006-09-11,0.16
NASDAQ,EMCI,2006-06-06,0.16
NASDAQ,EMCI,2006-03-14,0.16
NASDAQ,EMCI,2005-11-10,0.16
NASDAQ,EMCI,2005-09-08,0.15
NASDAQ,EMCI,2005-06-03,0.15
NASDAQ,EMCI,2005-03-04,0.15
NASDAQ,EMCI,2004-11-22,0.15
NASDAQ,EMCI,2004-08-25,0.15
NASDAQ,EMCI,2004-06-01,0.15
NASDAQ,EMCI,2004-03-03,0.15
NASDAQ,EMCI,2003-11-13,0.15
NASDAQ,EMCI,2003-08-20,0.15
NASDAQ,EMCI,2003-05-29,0.15
NASDAQ,EMCI,2003-03-05,0.15
NASDAQ,EMCI,2002-11-07,0.15
NASDAQ,EMCI,2002-08-30,0.15
NASDAQ,EMCI,2002-05-31,0.15
NASDAQ,EMCI,2002-03-08,0.15
NASDAQ,EMCI,2001-11-07,0.15
NASDAQ,EMCI,2001-08-29,0.15
NASDAQ,EMCI,2001-05-31,0.15
NASDAQ,EMCI,2001-03-12,0.15
NASDAQ,EMCI,2000-12-11,0.15
NASDAQ,EMCI,2000-09-06,0.15
NASDAQ,EMCI,2000-06-07,0.15
NASDAQ,EMCI,2000-03-07,0.15
NASDAQ,EMCI,1999-11-26,0.15
NASDAQ,EMCI,1999-08-30,0.15
NASDAQ,EMCI,1999-06-03,0.15
NASDAQ,EMCI,1999-03-10,0.15
NASDAQ,EMCI,1998-12-02,0.15
NASDAQ,EMCI,1998-09-02,0.15
NASDAQ,EMCI,1998-06-02,0.15
NASDAQ,EMCI,1998-03-10,0.15
NASDAQ,EMCI,1997-12-02,0.15
NASDAQ,EMCI,1997-09-02,0.15
NASDAQ,EMCI,1997-06-02,0.15
NASDAQ,EMCI,1997-03-11,0.15
NASDAQ,EMCI,1996-11-29,0.15
NASDAQ,EMCI,1996-09-03,0.14
NASDAQ,EMCI,1996-06-04,0.14
NASDAQ,EMCI,1996-03-06,0.14
NASDAQ,EMCI,1995-11-24,0.14
NASDAQ,EMCI,1995-08-25,0.13
NASDAQ,EMCI,1995-05-31,0.13
NASDAQ,EMCI,1995-03-06,0.13
NASDAQ,EMCI,1994-11-25,0.13
NASDAQ,EMCI,1994-08-29,0.13
NASDAQ,EMCI,1994-05-31,0.13
NASDAQ,EMCI,1994-03-07,0.13
NASDAQ,EMCI,1993-11-24,0.13
NASDAQ,EMCI,1993-08-30,0.13
NASDAQ,EMCI,1993-05-27,0.13
NASDAQ,EMCI,1993-03-08,0.13
NASDAQ,EMCI,1992-11-25,0.13
NASDAQ,EMCI,1992-09-01,0.13
NASDAQ,EMCI,1992-06-02,0.13
NASDAQ,EMCI,1992-03-03,0.13
NASDAQ,EMCI,1991-11-26,0.13
NASDAQ,EMCI,1991-09-03,0.13
NASDAQ,EMCI,1991-06-03,0.13
NASDAQ,EMCI,1991-03-05,0.13
NASDAQ,EMCI,1990-11-30,0.13
NASDAQ,EMCI,1990-08-31,0.13
NASDAQ,EMCI,1990-06-01,0.13
NASDAQ,EPHC,2010-01-27,0.05
NASDAQ,EPHC,2009-10-28,0.03
NASDAQ,EPHC,2009-07-29,0.03
NASDAQ,EPHC,2009-04-28,0.03
NASDAQ,EPHC,2009-02-03,0.03
NASDAQ,EPHC,2008-10-29,0.03
NASDAQ,EPHC,2008-07-29,0.03
NASDAQ,EPHC,2008-04-28,0.025
NASDAQ,EPHC,2008-02-01,0.025
NASDAQ,EPHC,2007-10-29,0.025
NASDAQ,EPHC,1996-11-13,0.08
NASDAQ,EPHC,1996-08-15,0.08
NASDAQ,EPHC,1996-05-08,0.08
NASDAQ,EPHC,1996-02-07,0.08
NASDAQ,EPHC,1995-11-08,0.08
NASDAQ,EPHC,1995-08-16,0.08
NASDAQ,EPHC,1995-04-10,0.08
NASDAQ,EPHC,1995-01-13,0.08
NASDAQ,EPHC,1994-10-07,0.08
NASDAQ,EPHC,1994-07-11,0.08
NASDAQ,EPHC,1994-04-11,0.08
NASDAQ,EPHC,1994-01-10,0.08
NASDAQ,EPHC,1993-10-08,0.08
NASDAQ,EPHC,1993-07-12,0.08
NASDAQ,EPHC,1993-04-12,0.08
NASDAQ,EPHC,1993-02-08,0.1
NASDAQ,EPHC,1993-01-13,0.08
NASDAQ,EPHC,1992-10-08,0.08
NASDAQ,EPHC,1992-07-31,0.08
NASDAQ,EPHC,1992-04-09,0.08
NASDAQ,EPHC,1992-01-13,0.08
NASDAQ,EPHC,1991-10-08,0.08
NASDAQ,EPHC,1991-07-11,0.45
NASDAQ,EPHC,1991-04-10,0.08
NASDAQ,EPHC,1991-01-11,0.08
NASDAQ,EPHC,1990-10-11,0.08
NASDAQ,EPHC,1990-07-11,0.55
NASDAQ,EPHC,1990-04-10,0.07
NASDAQ,EPHC,1990-01-10,0.07
NASDAQ,EPHC,1989-10-11,0.07
NASDAQ,EPHC,1989-07-14,0.07
NASDAQ,EPHC,1989-04-11,0.06
NASDAQ,EPHC,1989-01-10,0.06
NASDAQ,EIHI,2009-12-09,0.07
NASDAQ,EIHI,2009-09-09,0.07
NASDAQ,EIHI,2009-06-10,0.07
NASDAQ,EIHI,2009-03-16,0.07
NASDAQ,EIHI,2008-12-10,0.07
NASDAQ,EIHI,2008-09-10,0.07
NASDAQ,EIHI,2008-06-11,0.07
NASDAQ,EIHI,2008-03-13,0.07
NASDAQ,EIHI,2008-03-12,0.07
NASDAQ,EIHI,2007-12-12,0.05
NASDAQ,EIHI,2007-09-27,0.05
NASDAQ,EIHI,2007-06-28,0.05
NASDAQ,EIHI,2007-04-19,0.05
NASDAQ,ERIE,2009-12-31,0.48
NASDAQ,ERIE,2009-10-01,0.45
NASDAQ,ERIE,2009-07-01,0.45
NASDAQ,ERIE,2009-04-01,0.45
NASDAQ,ERIE,2008-12-31,0.45
NASDAQ,ERIE,2008-10-01,0.44
NASDAQ,ERIE,2008-07-01,0.44
NASDAQ,ERIE,2008-04-02,0.44
NASDAQ,ERIE,2008-01-02,0.44
NASDAQ,ERIE,2007-10-02,0.4
NASDAQ,ERIE,2007-07-03,0.4
NASDAQ,ERIE,2007-04-03,0.4
NASDAQ,ERIE,2007-01-03,0.4
NASDAQ,ERIE,2006-10-03,0.36
NASDAQ,ERIE,2006-07-03,0.36
NASDAQ,ERIE,2006-04-03,0.36
NASDAQ,ERIE,2006-01-03,0.36
NASDAQ,ERIE,2005-10-03,0.325
NASDAQ,ERIE,2005-07-01,0.325
NASDAQ,ERIE,2005-04-04,0.325
NASDAQ,ERIE,2005-01-04,0.325
NASDAQ,ERIE,2004-10-01,0.215
NASDAQ,ERIE,2004-07-01,0.215
NASDAQ,ERIE,2004-04-01,0.215
NASDAQ,ERIE,2003-12-31,0.215
NASDAQ,ERIE,2003-10-02,0.19
NASDAQ,ERIE,2003-07-01,0.19
NASDAQ,ERIE,2003-04-02,0.19
NASDAQ,ERIE,2003-01-02,0.19
NASDAQ,ERIE,2002-10-02,0.17
NASDAQ,ERIE,2002-07-02,0.17
NASDAQ,ERIE,2002-04-03,0.17
NASDAQ,ERIE,2002-01-02,0.17
NASDAQ,ERIE,2001-10-03,0.153
NASDAQ,ERIE,2001-07-03,0.153
NASDAQ,ERIE,2001-04-04,0.153
NASDAQ,ERIE,2001-01-03,0.153
NASDAQ,ERIE,2000-10-04,0.135
NASDAQ,ERIE,2000-07-03,0.135
NASDAQ,ERIE,2000-04-04,0.135
NASDAQ,ERIE,2000-01-04,0.135
NASDAQ,ERIE,1999-10-04,0.12
NASDAQ,ERIE,1999-07-01,0.12
NASDAQ,ERIE,1999-04-01,0.12
NASDAQ,ERIE,1999-01-04,0.12
NASDAQ,ERIE,1998-10-02,0.108
NASDAQ,ERIE,1998-07-01,0.108
NASDAQ,ERIE,1998-04-02,0.108
NASDAQ,ERIE,1998-01-02,0.108
NASDAQ,ERIE,1997-10-02,0.095
NASDAQ,ERIE,1997-07-01,0.095
NASDAQ,ERIE,1997-04-02,0.095
NASDAQ,ERIE,1997-01-02,0.095
NASDAQ,ERIE,1996-10-02,0.082
NASDAQ,ERIE,1996-07-02,0.082
NASDAQ,ERIE,1996-04-02,0.08333
NASDAQ,ERIE,1996-01-03,0.065
NASDAQ,EVBS,2010-01-27,0.05
NASDAQ,EVBS,2009-10-28,0.05
NASDAQ,EVBS,2009-07-29,0.05
NASDAQ,EVBS,2009-04-29,0.05
NASDAQ,EVBS,2009-01-28,0.16
NASDAQ,EVBS,2008-10-29,0.16
NASDAQ,EVBS,2008-07-30,0.16
NASDAQ,EVBS,2008-04-29,0.16
NASDAQ,EVBS,2008-01-30,0.16
NASDAQ,EVBS,2007-10-30,0.16
NASDAQ,EVBS,2007-07-30,0.16
NASDAQ,EVBS,2007-04-27,0.16
NASDAQ,EVBS,2007-01-30,0.16
NASDAQ,EVBS,2006-10-30,0.16
NASDAQ,EVBS,2006-07-28,0.16
NASDAQ,EVBS,2006-04-27,0.16
NASDAQ,EVBS,2006-01-30,0.15
NASDAQ,EVBS,2005-10-28,0.15
NASDAQ,EVBS,2005-07-28,0.15
NASDAQ,EVBS,2005-04-28,0.15
NASDAQ,EVBS,2005-01-27,0.15
NASDAQ,EVBS,2004-10-26,0.15
NASDAQ,EVBS,2004-07-23,0.15
NASDAQ,EVBS,2004-04-28,0.15
NASDAQ,EVBS,2004-01-28,0.15
NASDAQ,EVBS,2003-10-28,0.15
NASDAQ,EVBS,2003-07-24,0.14
NASDAQ,EVBS,2003-04-24,0.14
NASDAQ,EVBS,2003-01-28,0.14
NASDAQ,EVBS,2002-10-24,0.14
NASDAQ,EVBS,2002-07-25,0.14
NASDAQ,EVBS,2002-04-25,0.13
NASDAQ,EVBS,2002-01-24,0.13
NASDAQ,EVBS,2001-10-25,0.13
NASDAQ,EVBS,2001-07-26,0.13
NASDAQ,EVBS,2001-04-25,0.13
NASDAQ,EVBS,2001-01-25,0.13
NASDAQ,EVBS,2000-10-26,0.13
NASDAQ,EVBS,2000-07-27,0.13
NASDAQ,EVBS,2000-04-27,0.13
NASDAQ,EVBS,2000-01-27,0.13
NASDAQ,EVBS,1999-10-28,0.12
NASDAQ,EVBS,1999-07-22,0.12
NASDAQ,EVBS,1999-04-27,0.12
NASDAQ,EVBS,1999-02-03,0.12
NASDAQ,EVBS,1998-12-01,0.11
NASDAQ,EVBS,1998-09-24,0.11
NASDAQ,ERIC,2009-04-23,0.221
NASDAQ,ERIC,2008-04-10,0.4085
NASDAQ,ERIC,2007-04-12,0.3575
NASDAQ,ERIC,2006-04-11,0.29
NASDAQ,ERIC,2005-04-07,0.179
NASDAQ,ERIC,2002-08-09,0.05
NASDAQ,ERIC,2001-03-29,0.25
NASDAQ,ERIC,2000-04-03,0.28875
NASDAQ,ERIC,2000-03-24,0.0625
NASDAQ,ERIC,1999-03-24,0.065
NASDAQ,ERIC,1998-03-31,0.0594
NASDAQ,ERIC,1997-04-28,0.04375
NASDAQ,ERIC,1996-05-09,0.0344
NASDAQ,ERIC,1995-05-09,0.025
NASDAQ,ERIC,1994-05-10,0.01875
NASDAQ,ERIC,1993-05-10,0.01985
NASDAQ,ERIC,1992-05-08,0.01955
NASDAQ,EVEP,2010-02-03,0.755
NASDAQ,EVEP,2009-11-04,0.754
NASDAQ,EVEP,2009-08-05,0.753
NASDAQ,EVEP,2009-05-06,0.752
NASDAQ,EVEP,2009-02-04,0.751
NASDAQ,EVEP,2008-11-05,0.75
NASDAQ,EVEP,2008-08-01,0.7
NASDAQ,EVEP,2008-05-06,0.62
NASDAQ,EVEP,2008-02-06,0.6
NASDAQ,EVEP,2007-11-01,0.56
NASDAQ,EVEP,2007-08-02,0.5
NASDAQ,EVEP,2007-05-03,0.46
NASDAQ,EVEP,2007-02-01,0.4
NASDAQ,ELSE,2010-02-03,0.04
NASDAQ,ELSE,2009-11-04,0.04
NASDAQ,ELSE,2009-08-05,0.04
NASDAQ,ELSE,2009-05-06,0.04
NASDAQ,ELSE,2009-02-04,0.04
NASDAQ,ELSE,2008-11-05,0.04
NASDAQ,ELSE,2008-08-06,0.04
NASDAQ,ELSE,2008-05-07,0.04
NASDAQ,ELSE,2008-02-06,0.04
NASDAQ,ELSE,2007-11-07,0.04
NASDAQ,ELSE,2007-08-08,0.04
NASDAQ,ELSE,2007-05-16,0.04
NASDAQ,ELSE,2007-02-07,0.04
NASDAQ,ELSE,2006-11-08,0.04
NASDAQ,ELSE,2006-08-09,0.04
NASDAQ,ELSE,2006-05-03,1.04
NASDAQ,ELSE,2006-02-08,0.04
NASDAQ,ELSE,2005-11-08,0.04
NASDAQ,ELSE,2005-08-10,0.04
NASDAQ,ELSE,2005-05-04,0.04
NASDAQ,ELSE,2005-02-09,0.04
NASDAQ,ELSE,2004-11-09,0.04
NASDAQ,ELSE,2004-08-11,0.04
NASDAQ,ELSE,2004-04-28,0.04
NASDAQ,ELSE,2004-02-11,0.04
NASDAQ,ELSE,2003-11-07,0.04
NASDAQ,ELSE,2003-08-13,0.03
NASDAQ,ELSE,2003-05-07,0.03
NASDAQ,ELSE,2003-02-12,0.03
NASDAQ,ELSE,2002-11-06,0.03
NASDAQ,ELSE,2002-08-07,0.03
NASDAQ,ELSE,2002-05-22,0.03
NASDAQ,ELSE,2002-02-13,0.03
NASDAQ,ELSE,2001-11-21,0.03
NASDAQ,ELSE,2001-08-23,0.03
NASDAQ,ELSE,2001-05-23,0.03
NASDAQ,ELSE,2001-02-22,0.02
NASDAQ,ELSE,2000-11-02,0.02
NASDAQ,ELSE,2000-08-09,0.02
NASDAQ,ELSE,2000-04-27,0.02
NASDAQ,ELSE,2000-01-25,0.02
NASDAQ,ELSE,1999-10-25,0.02
NASDAQ,ELSE,1999-07-23,0.02
NASDAQ,ELSE,1999-04-23,0.02
NASDAQ,ELSE,1999-01-25,0.02
NASDAQ,ELSE,1998-10-23,0.02
NASDAQ,ELSE,1998-07-23,0.02
NASDAQ,ELSE,1998-04-23,0.02
NASDAQ,ELSE,1998-01-23,0.02
NASDAQ,ELSE,1997-10-22,0.02
NASDAQ,ELSE,1997-07-23,0.02
NASDAQ,ELSE,1997-04-24,0.02
NASDAQ,ELSE,1997-01-22,0.02
NASDAQ,ELSE,1996-10-23,0.02
NASDAQ,ELSE,1996-07-24,0.02
NASDAQ,ELSE,1996-04-24,0.02
NASDAQ,ELSE,1996-01-24,0.01667
NASDAQ,ELSE,1995-12-21,0.01667
NASDAQ,ELSE,1995-05-01,0.01667
NASDAQ,ELSE,1994-05-02,0.01667
NASDAQ,ELSE,1993-04-30,0.01667
NASDAQ,ELSE,1992-04-28,0.01667
NASDAQ,ELSE,1991-04-26,0.01667
NASDAQ,EPG,2001-12-21,0.105
NASDAQ,EPG,2000-12-29,0.105
NASDAQ,EPG,1999-12-21,0.105
NASDAQ,EPG,1998-12-21,0.105
NASDAQ,EPG,1998-09-30,0.105
NASDAQ,EPG,1998-07-01,0.21
NASDAQ,EPG,1998-04-02,0.21
NASDAQ,EPG,1998-01-08,0.21
NASDAQ,EPG,1997-09-17,0.21
NASDAQ,EPG,1997-06-18,0.21
NASDAQ,EPG,1997-03-12,0.21
NASDAQ,EPG,1996-12-11,0.21
NASDAQ,EPG,1996-09-11,0.21
NASDAQ,EPG,1996-06-18,0.21
NASDAQ,EPG,1996-03-19,0.21
NASDAQ,ESCA,2008-03-12,0.25
NASDAQ,ESCA,2007-03-07,0.22
NASDAQ,ESCA,2006-03-15,0.2
NASDAQ,ESCA,2005-03-09,0.15
NASDAQ,ESCA,2004-03-03,0.12
NASDAQ,ESBK,2009-12-02,0.2
NASDAQ,ESBK,2009-09-09,0.2
NASDAQ,ESBK,2009-06-11,0.2
NASDAQ,ESBK,2009-03-04,0.2
NASDAQ,ESBK,2008-12-03,0.2
NASDAQ,ESBK,2008-09-11,0.2
NASDAQ,ESBK,2008-09-10,0.2
NASDAQ,ESBK,2008-06-11,0.2
NASDAQ,ESBK,2008-03-12,0.2
NASDAQ,ESBK,2007-12-11,0.2
NASDAQ,ESBK,2007-09-06,0.2
NASDAQ,ESBK,2007-06-06,0.16545
NASDAQ,ESBK,2007-03-14,0.17355
NASDAQ,ESBK,2006-12-06,0.17355
NASDAQ,ESBK,2006-09-06,0.17355
NASDAQ,ESBK,2006-06-07,0.15785
NASDAQ,ESBK,2006-03-15,0.15026
NASDAQ,ESBK,2005-12-07,0.15026
NASDAQ,ESBK,2005-09-07,0.15026
NASDAQ,ESBK,2005-06-08,0.13674
NASDAQ,ESBK,2005-03-09,0.12977
NASDAQ,ESBK,2004-12-08,0.12977
NASDAQ,ESBK,2004-09-08,0.12977
NASDAQ,ESBK,2004-06-09,0.12977
NASDAQ,ESBK,2004-03-10,0.11797
NASDAQ,ESBK,2003-12-10,0.11797
NASDAQ,ESBK,2003-09-10,0.11797
NASDAQ,ESBK,2003-06-10,0.11797
NASDAQ,ESBK,2003-03-11,0.10725
NASDAQ,ESBK,2002-12-11,0.10161
NASDAQ,ESBK,2002-09-11,0.10161
NASDAQ,ESBK,2002-06-11,0.10161
NASDAQ,ESBK,2002-03-12,0.09237
NASDAQ,ESBK,2001-12-12,0.09237
NASDAQ,ESBK,2001-06-06,0.09237
NASDAQ,ESBK,2001-03-09,0.07465
NASDAQ,ESBK,2000-12-08,0.07465
NASDAQ,ESBK,2000-09-08,0.07465
NASDAQ,ESBK,2000-06-09,0.07465
NASDAQ,ESBK,2000-03-10,0.07109
NASDAQ,ESBK,1999-12-10,0.07109
NASDAQ,ESBK,1999-09-10,0.07109
NASDAQ,ESBK,1999-06-11,0.07109
NASDAQ,ESBK,1998-12-11,0.06432
NASDAQ,ESBK,1998-09-10,0.06432
NASDAQ,ESBK,1998-06-11,0.06432
NASDAQ,ESBK,1998-03-12,0.06432
NASDAQ,ESBK,1997-12-11,0.04865
NASDAQ,ESBK,1997-09-10,0.06449
NASDAQ,ESBK,1997-06-11,0.06449
NASDAQ,ESBK,1997-03-13,0.06449
NASDAQ,ESBK,1996-12-11,0.06449
NASDAQ,ESBK,1996-09-11,0.06449
NASDAQ,ESBK,1996-06-05,0.06449
NASDAQ,ESBK,1996-03-06,0.06449
NASDAQ,ESBK,1995-12-06,0.06449
NASDAQ,ESBK,1995-09-06,0.06449
NASDAQ,ESBK,1995-06-01,0.06449
NASDAQ,ESBK,1995-03-06,0.06449
NASDAQ,ESBK,1994-12-01,0.06449
NASDAQ,ESBK,1994-09-02,0.06449
NASDAQ,ESBK,1994-06-01,0.06449
NASDAQ,ESBK,1994-03-04,0.04755
NASDAQ,ESBK,1993-12-06,0.04715
NASDAQ,ESBK,1993-09-03,0.04715
NASDAQ,ESBK,1993-05-28,0.04715
NASDAQ,EGBN,2008-06-16,0.05455
NASDAQ,EGBN,2008-03-18,0.05455
NASDAQ,EGBN,2007-12-17,0.05455
NASDAQ,EGBN,2007-09-05,0.05455
NASDAQ,EGBN,2007-06-14,0.05455
NASDAQ,EGBN,2007-03-15,0.05455
NASDAQ,EGBN,2006-12-12,0.05455
NASDAQ,EGBN,2006-09-08,0.05455
NASDAQ,EGBN,2006-06-09,0.04895
NASDAQ,EGBN,2006-03-20,0.04895
NASDAQ,EGBN,2005-12-14,0.04895
NASDAQ,EGBN,2005-09-08,0.04895
NASDAQ,EGBN,2005-06-07,0.04895
NASDAQ,EGBN,2005-02-25,0.03765
NASDAQ,ESGR,2007-01-31,3.0
NASDAQ,ELNK,2009-12-07,0.14
NASDAQ,ELNK,2009-09-10,0.14
NASDAQ,EBTC,2010-02-04,0.1
NASDAQ,EBTC,2009-11-06,0.095
NASDAQ,EBTC,2009-08-07,0.095
NASDAQ,EBTC,2009-05-07,0.095
NASDAQ,EBTC,2009-02-05,0.095
NASDAQ,EBTC,2008-11-06,0.09
NASDAQ,EBTC,2008-08-08,0.09
NASDAQ,EBTC,2008-05-08,0.09
NASDAQ,EBTC,2008-02-07,0.09
NASDAQ,EBTC,2007-11-07,0.08
NASDAQ,EBTC,2007-08-10,0.08
NASDAQ,EBTC,2007-05-09,0.08
NASDAQ,EBTC,2007-02-06,0.08
NASDAQ,EBTC,2006-11-08,0.07
NASDAQ,EBTC,2006-08-09,0.07
NASDAQ,EBTC,2006-05-09,0.07
NASDAQ,EBTC,2006-02-06,0.07
NASDAQ,EBTC,2005-06-01,0.24
NASDAQ,EXXI,2009-02-18,0.005
NASDAQ,EXXI,2008-11-12,0.005
NASDAQ,EXXI,2008-09-17,0.005
NASDAQ,ESSA,2009-12-14,0.05
NASDAQ,ESSA,2009-09-14,0.05
NASDAQ,ESSA,2009-06-12,0.04
NASDAQ,ESSA,2009-03-12,0.04
NASDAQ,ESSA,2008-12-31,0.04
NASDAQ,ESSA,2008-09-12,0.04
NASDAQ,ESSA,2008-06-12,0.04
NASDAQ,EXXID,2009-02-18,0.025
NASDAQ,EXXID,2008-11-12,0.025
NASDAQ,EXXID,2008-09-17,0.025
NASDAQ,EMMSP,2008-09-29,0.781
NASDAQ,EMMSP,2008-06-27,0.781
NASDAQ,EMMSP,2008-03-28,0.781
NASDAQ,EMMSP,2007-12-28,0.781
NASDAQ,EMMSP,2007-09-27,0.781
NASDAQ,EMMSP,2007-06-27,0.781
NASDAQ,EMMSP,2007-03-28,0.781
NASDAQ,EMMSP,2006-12-27,0.781
NASDAQ,EMMSP,2006-09-27,0.781
NASDAQ,EMMSP,2006-06-28,0.781
NASDAQ,EMMSP,2006-03-29,0.781
NASDAQ,EMMSP,2005-12-28,0.781
NASDAQ,EMMSP,2005-09-28,0.781
NASDAQ,EMMSP,2005-06-29,0.781
NASDAQ,EMMSP,2005-03-30,0.781
NASDAQ,EMMSP,2004-12-29,0.781
NASDAQ,EMMSP,2004-09-29,0.781
NASDAQ,EMMSP,2004-06-30,0.781
NASDAQ,EMMSP,2004-03-30,0.781
NASDAQ,EMMSP,2003-12-30,0.781
NASDAQ,EMMSP,2003-09-29,0.781
NASDAQ,EMMSP,2003-07-01,0.781
NASDAQ,EMMSP,2003-04-02,0.781
NASDAQ,EMMSP,2002-12-30,0.781
NASDAQ,EMMSP,2002-09-30,0.781
NASDAQ,EMMSP,2002-06-28,0.781
NASDAQ,EMMSP,2002-03-27,0.781
NASDAQ,EMMSP,2001-12-28,0.781
NASDAQ,EMMSP,2001-10-10,0.781
NASDAQ,EMMSP,2001-06-27,0.781
NASDAQ,EMMSP,2001-03-28,0.781
NASDAQ,EMMSP,2000-12-27,0.781
NASDAQ,EMMSP,2000-10-02,0.781
NASDAQ,EMMSP,2000-06-29,0.781
NASDAQ,EMMSP,2000-03-29,0.781
NASDAQ,EMMSP,1999-12-29,0.703
NASDAQ,EZPW,2000-02-04,0.00433
NASDAQ,EZPW,1999-11-29,0.00433
NASDAQ,EZPW,1999-08-06,0.00433
NASDAQ,EZPW,1999-05-07,0.004
NASDAQ,EZPW,1999-02-05,0.004
NASDAQ,EZPW,1998-11-20,0.004
NASDAQ,EZPW,1998-08-07,0.004
NASDAQ,EROC,2010-02-04,0.025
NASDAQ,EROC,2009-11-05,0.025
NASDAQ,EROC,2009-08-06,0.025
NASDAQ,EROC,2009-05-07,0.025
NASDAQ,EROC,2009-02-06,0.41
NASDAQ,EROC,2008-11-05,0.41
NASDAQ,EROC,2008-08-06,0.41
NASDAQ,EROC,2008-05-07,0.4
NASDAQ,EROC,2008-02-07,0.393
NASDAQ,EROC,2007-11-08,0.368
NASDAQ,EROC,2007-08-09,0.363
NASDAQ,EROC,2007-05-14,0.363
NASDAQ,EROC,2007-02-05,0.268
NASDAQ,ESEA,2009-12-09,0.05
NASDAQ,ESEA,2009-08-25,0.1
NASDAQ,ESEA,2009-06-03,0.1
NASDAQ,ESEA,2009-03-10,0.1
NASDAQ,ESEA,2008-12-12,0.2
NASDAQ,ESEA,2008-09-03,0.32
NASDAQ,ESEA,2008-06-04,0.31
NASDAQ,ESEA,2008-03-03,0.3
NASDAQ,ESEA,2007-11-01,0.29
NASDAQ,ESEA,2007-08-13,0.25
NASDAQ,ESEA,2007-05-30,0.24
NASDAQ,ESEA,2007-01-25,0.22
NASDAQ,ESEA,2006-12-06,0.21
NASDAQ,ESEA,2006-08-31,0.18
NASDAQ,ESEA,2006-05-31,0.18
NASDAQ,EMCF,2009-11-27,0.14
NASDAQ,EMCF,2009-08-28,0.14
NASDAQ,EMCF,2009-05-28,0.14
NASDAQ,EMCF,2009-02-26,0.32
NASDAQ,EMCF,2008-11-26,0.34
NASDAQ,EMCF,2008-08-28,0.32
NASDAQ,EMCF,2008-05-29,0.32
NASDAQ,EMCF,2008-02-28,0.32
NASDAQ,EMCF,2007-11-29,0.67
NASDAQ,EMCF,2007-08-30,0.29
NASDAQ,EMCF,2007-05-30,0.29
NASDAQ,EMCF,2007-02-27,0.29
NASDAQ,EMCF,2006-11-29,0.29
NASDAQ,EMCF,2006-08-30,0.27
NASDAQ,EMCF,2006-05-30,0.27
NASDAQ,EMCF,2006-02-27,0.27
NASDAQ,EMCF,2005-11-29,0.27
NASDAQ,EMCF,2005-08-30,0.25
NASDAQ,EMCF,2005-05-27,0.25
NASDAQ,EMCF,2005-02-25,0.25
NASDAQ,EMCF,2004-11-29,0.25
NASDAQ,EMCF,2004-08-30,0.23
NASDAQ,EMCF,2004-05-27,0.23
NASDAQ,EMCF,2004-02-26,0.23
NASDAQ,EMCF,2003-12-01,0.48
NASDAQ,EMCF,2003-08-29,0.21
NASDAQ,EMCF,2003-05-30,0.21
NASDAQ,EMCF,2003-02-27,0.21
NASDAQ,EMCF,2002-11-27,0.46
NASDAQ,EMCF,2002-08-29,0.19
NASDAQ,EMCF,2002-05-30,0.19
NASDAQ,EMCF,2002-02-27,0.19
NASDAQ,EMCF,2001-11-29,0.19
NASDAQ,EMCF,2001-08-30,0.17
NASDAQ,EMCF,2001-05-30,0.17
NASDAQ,EMCF,2001-02-27,0.17
NASDAQ,EMMS,2006-11-24,4.0
NASDAQ,EXLP,2010-02-05,0.463
NASDAQ,EXLP,2009-11-05,0.463
NASDAQ,EXLP,2009-08-06,0.463
NASDAQ,EXLP,2009-05-07,0.463
NASDAQ,EXLP,2009-02-05,0.463
NASDAQ,EXLP,2008-11-05,0.463
NASDAQ,EXLP,2008-08-07,0.425
NASDAQ,EXLP,2008-05-07,0.425
NASDAQ,EXLP,2008-02-05,0.425
NASDAQ,EXLP,2007-11-07,0.4
NASDAQ,EXLP,2007-08-07,0.35
NASDAQ,EXLP,2007-05-08,0.35
NASDAQ,EXLP,2007-02-05,0.278
NASDAQ,EGOV,2009-02-12,0.3
NASDAQ,EGOV,2008-02-13,0.25
NASDAQ,EGOV,2007-02-08,0.75
NASDAQ,ESLT,2009-11-27,0.36
NASDAQ,ESLT,2009-08-26,0.36
NASDAQ,ESLT,2009-05-29,0.3
NASDAQ,ESLT,2009-03-20,0.8
NASDAQ,ESLT,2008-12-08,0.22
NASDAQ,ESLT,2008-08-22,0.2
NASDAQ,ESLT,2008-05-30,0.2
NASDAQ,ESLT,2008-03-28,0.18
NASDAQ,ESLT,2007-11-23,0.17
NASDAQ,ESLT,2007-08-24,0.16
NASDAQ,ESLT,2007-05-24,0.16
NASDAQ,ESLT,2007-03-28,0.16
NASDAQ,ESLT,2006-11-24,0.15
NASDAQ,ESLT,2006-08-25,0.15
NASDAQ,ESLT,2006-06-02,0.15
NASDAQ,ESLT,2006-03-27,0.14
NASDAQ,ESLT,2005-11-25,0.14
NASDAQ,ESLT,2005-09-01,0.13
NASDAQ,ESLT,2005-06-03,0.13
NASDAQ,ESLT,2005-04-01,0.13
NASDAQ,ESLT,2004-11-26,0.13
NASDAQ,ESLT,2004-09-08,1.8
NASDAQ,ESLT,2004-06-09,0.11
NASDAQ,ESLT,2003-12-16,0.1
NASDAQ,ESLT,2003-08-22,0.1
NASDAQ,ESLT,2002-11-29,0.09
NASDAQ,ESLT,2002-08-26,0.08
NASDAQ,ESLT,2002-05-31,0.08
NASDAQ,ESLT,2002-04-26,0.08
NASDAQ,ESLT,2001-06-01,0.08
NASDAQ,ESLT,2001-04-30,0.08
NASDAQ,ESLT,2000-12-07,0.08
NASDAQ,ESLT,2000-06-23,0.08
NASDAQ,ESLT,2000-05-12,0.08
NASDAQ,ESLT,2000-04-28,0.09
NASDAQ,ESLT,1999-12-03,0.09
NASDAQ,ESLT,1999-06-25,0.06
NASDAQ,ESLT,1999-04-16,0.05
NASDAQ,ESLT,1998-12-24,0.05
NASDAQ,ESLT,1998-08-31,0.05
NASDAQ,ESLT,1998-07-01,0.05
NASDAQ,ESLT,1998-04-15,0.05
NASDAQ,ESLT,1997-12-18,0.05
NASDAQ,ESLT,1997-09-03,0.05
NASDAQ,ESLT,1997-06-26,0.05
NASDAQ,ENSG,2009-12-29,0.05
NASDAQ,ENSG,2009-09-28,0.045
NASDAQ,ENSG,2009-06-26,0.045
NASDAQ,ENSG,2009-03-27,0.045
NASDAQ,ENSG,2008-12-29,0.045
NASDAQ,ENSG,2008-09-26,0.04
NASDAQ,ENSG,2008-06-26,0.04
NASDAQ,ENSG,2008-03-27,0.04
NASDAQ,ENSG,2007-12-27,0.04
NASDAQ,ELRN,2005-09-16,3.0
NASDAQ,ELRN,2000-11-09,0.06
NASDAQ,ELRN,2000-09-08,2.0
NASDAQ,ELRN,2000-05-15,0.06
NASDAQ,ELRN,2000-03-23,0.05
NASDAQ,ELRN,1999-11-10,0.05
NASDAQ,ELRN,1999-08-20,0.05
NASDAQ,ELRN,1999-05-26,0.06
NASDAQ,ELRN,1999-05-11,0.06
NASDAQ,ELRN,1998-11-19,0.06
NASDAQ,ELRN,1998-09-10,0.06
NASDAQ,ELRN,1998-06-18,0.06
NASDAQ,ELRN,1998-03-19,0.06
NASDAQ,ELRN,1997-11-26,0.06
NASDAQ,ELRN,1997-08-27,0.06
NASDAQ,ELRN,1997-05-29,0.06
NASDAQ,ELRN,1997-03-20,0.06
NASDAQ,ELRN,1996-09-12,0.06
NASDAQ,ELRN,1996-05-30,0.06
NASDAQ,ELRN,1996-03-28,0.06
NASDAQ,EDUC,2009-12-09,0.15
NASDAQ,EDUC,2009-05-01,0.4
NASDAQ,EDUC,2008-12-09,0.4
NASDAQ,EDUC,2008-05-07,0.4
NASDAQ,EDUC,2007-05-04,0.22
NASDAQ,EDUC,2006-04-28,0.2
NASDAQ,EDUC,2005-06-01,0.15
NASDAQ,EDUC,2004-05-24,0.12
NASDAQ,EDUC,2003-05-23,0.1
NASDAQ,EDUC,2002-07-30,0.06
NASDAQ,EDUC,2001-07-30,0.04
NASDAQ,EDUC,2000-07-28,0.02
NASDAQ,EDUC,1999-07-28,0.005
NASDAQ,EDUC,1998-07-29,0.005
NASDAQ,EDUC,1997-07-30,0.002
NASDAQ,ECBE,2009-12-23,0.183
NASDAQ,ECBE,2009-09-24,0.183
NASDAQ,ECBE,2009-06-25,0.183
NASDAQ,ECBE,2009-03-19,0.183
NASDAQ,ECBE,2008-12-24,0.183
NASDAQ,ECBE,2008-09-25,0.183
NASDAQ,ECBE,2008-06-26,0.183
NASDAQ,ECBE,2008-03-28,0.183
NASDAQ,ECBE,2007-12-27,0.175
NASDAQ,ECBE,2007-09-27,0.175
NASDAQ,ECBE,2007-06-28,0.175
NASDAQ,ECBE,2007-03-29,0.175
NASDAQ,ECBE,2006-12-28,0.17
NASDAQ,ECBE,2006-09-29,0.17
NASDAQ,ECBE,2006-06-29,0.17
NASDAQ,ECBE,2006-03-31,0.17
NASDAQ,ECBE,2005-12-29,0.16
NASDAQ,ECBE,2005-09-30,0.16
NASDAQ,ECBE,2005-06-30,0.16
NASDAQ,ECBE,2005-03-24,0.16
NASDAQ,ECBE,2004-12-23,0.143
NASDAQ,ECBE,2004-09-24,0.143
NASDAQ,ECBE,2004-06-25,0.143
NASDAQ,ECBE,2004-03-26,0.143
NASDAQ,ECBE,2003-12-24,0.125
NASDAQ,ECBE,2003-09-25,0.125
NASDAQ,ECBE,2003-06-26,0.125
NASDAQ,ECBE,2003-03-27,0.125
NASDAQ,ECBE,2002-12-24,0.1
NASDAQ,ECBE,2002-09-25,0.1
NASDAQ,ECBE,2002-06-26,0.1
NASDAQ,ECBE,2002-03-26,0.1
NASDAQ,ECBE,2001-12-26,0.09
NASDAQ,ECBE,2001-09-26,0.09
NASDAQ,ECBE,2001-06-27,0.09
NASDAQ,ECBE,2001-03-28,0.09
NASDAQ,ECBE,2000-12-27,0.083
NASDAQ,ECBE,2000-09-27,0.083
NASDAQ,ECBE,2000-06-28,0.083
NASDAQ,ECBE,2000-03-29,0.083
NASDAQ,ECBE,1999-12-21,0.073
NASDAQ,ECBE,1999-09-24,0.073
NASDAQ,ECBE,1999-06-28,0.073
NASDAQ,ECBE,1999-04-06,0.073
NASDAQ,EMITF,2008-05-15,1.93
NASDAQ,EMITF,2007-04-03,1.515
NASDAQ,EMITF,2005-12-30,1.11
NASDAQ,EMITF,2005-02-28,1.717
NASDAQ,ELRC,2009-12-16,0.15
NASDAQ,ELRC,2009-09-16,0.15
NASDAQ,ELRC,2009-06-17,0.15
NASDAQ,ELRC,2009-03-18,0.15
NASDAQ,ELRC,2008-12-17,0.15
NASDAQ,ELRC,2008-09-17,0.15
NASDAQ,ELRC,2008-06-18,0.15
NASDAQ,ELRC,2008-03-18,0.15
NASDAQ,ELRC,2007-12-18,0.1
NASDAQ,ELRC,2007-09-18,0.1
NASDAQ,ELRC,2007-06-18,0.1
NASDAQ,ELRC,2004-01-15,4.0
NASDAQ,EVBN,2009-09-17,0.2
NASDAQ,EVBN,2009-03-05,0.41
NASDAQ,EVBN,2008-09-08,0.41
NASDAQ,EVBN,2008-03-06,0.37
NASDAQ,EVBN,2007-09-07,0.37
NASDAQ,EVBN,2007-03-08,0.34
NASDAQ,EVBN,2006-09-06,0.34
NASDAQ,EVBN,2006-03-09,0.34
NASDAQ,EVBN,2005-09-07,0.33333
NASDAQ,EVBN,2005-03-10,0.31429
NASDAQ,EVBN,2004-09-08,0.30839
NASDAQ,EVBN,2004-03-12,0.29932
NASDAQ,EVBN,2003-09-08,0.2937
NASDAQ,EVBN,2003-03-07,0.27643
NASDAQ,EVBN,2002-09-09,0.25504
NASDAQ,EXPD,2009-11-27,0.19
NASDAQ,EXPD,2009-05-28,0.19
NASDAQ,EXPD,2008-11-26,0.16
NASDAQ,EXPD,2008-05-29,0.16
NASDAQ,EXPD,2007-11-29,0.14
NASDAQ,EXPD,2007-05-30,0.14
NASDAQ,EXPD,2006-11-29,0.11
NASDAQ,EXPD,2006-05-30,0.11
NASDAQ,EXPD,2005-11-29,0.075
NASDAQ,EXPD,2005-05-27,0.075
NASDAQ,EXPD,2004-11-29,0.055
NASDAQ,EXPD,2004-05-27,0.055
NASDAQ,EXPD,2003-11-26,0.04
NASDAQ,EXPD,2003-05-29,0.04
NASDAQ,EXPD,2002-11-27,0.03
NASDAQ,EXPD,2002-05-30,0.03
NASDAQ,EXPD,2001-11-29,0.025
NASDAQ,EXPD,2001-05-30,0.025
NASDAQ,EXPD,2000-11-29,0.0175
NASDAQ,EXPD,2000-05-30,0.0175
NASDAQ,EXPD,1999-11-29,0.00625
NASDAQ,EXPD,1999-05-27,0.00625
NASDAQ,EXPD,1998-11-27,0.00438
NASDAQ,EXPD,1998-05-28,0.00438
NASDAQ,EXPD,1997-11-26,0.00313
NASDAQ,EXPD,1997-05-29,0.00313
NASDAQ,EXPD,1996-11-27,0.0025
NASDAQ,EXPD,1996-05-30,0.00187
NASDAQ,EXPD,1995-11-29,0.00187
NASDAQ,EXPD,1995-05-25,0.00187
NASDAQ,EXPD,1994-11-25,0.00156
NASDAQ,EXPD,1994-05-25,0.00156
NASDAQ,EXPD,1993-11-24,0.00156
NASDAQ,EXPD,1993-05-25,0.00156
NASDAQ,EPAX,2009-11-23,0.06
NASDAQ,EPAX,2009-08-25,0.06
NASDAQ,EPAX,2009-05-19,0.06
NASDAQ,EPAX,2009-03-10,0.06
NASDAQ,EPAX,2008-11-24,0.115
NASDAQ,EPAX,2008-09-05,0.115
NASDAQ,EPAX,2008-05-20,0.115
NASDAQ,EPAX,2008-02-25,0.115
NASDAQ,EPAX,2007-11-19,0.115
NASDAQ,EPAX,2007-08-22,0.115
NASDAQ,EPAX,2007-05-15,0.115
NASDAQ,EPAX,2007-02-27,0.115
NASDAQ,EPAX,2006-11-21,0.115
NASDAQ,EPAX,2006-08-23,0.085
NASDAQ,EPAX,2006-05-18,0.085
NASDAQ,EPAX,2006-03-01,0.085
NASDAQ,EPAX,2005-11-23,0.085
NASDAQ,EPAX,2005-08-24,0.065
NASDAQ,EPAX,2005-05-25,0.065
NASDAQ,EPAX,2005-02-24,0.065
NASDAQ,EPAX,2004-12-02,0.065
NASDAQ,EPAX,2004-08-26,0.055
NASDAQ,EPAX,2004-05-27,0.055
NASDAQ,EPAX,2004-03-05,0.055
NASDAQ,EPAX,2003-11-20,0.055
NASDAQ,EFSC,2009-12-15,0.053
NASDAQ,EFSC,2009-09-11,0.053
NASDAQ,EFSC,2009-06-12,0.053
NASDAQ,EFSC,2009-03-13,0.053
NASDAQ,EFSC,2008-12-15,0.053
NASDAQ,EFSC,2008-09-11,0.053
NASDAQ,EFSC,2008-06-12,0.053
NASDAQ,EFSC,2008-03-13,0.053
NASDAQ,EFSC,2007-12-12,0.053
NASDAQ,EFSC,2007-09-12,0.053
NASDAQ,EFSC,2007-06-13,0.053
NASDAQ,EFSC,2007-03-13,0.053
NASDAQ,EFSC,2006-12-13,0.045
NASDAQ,EFSC,2006-09-13,0.045
NASDAQ,EFSC,2006-06-13,0.045
NASDAQ,EFSC,2006-03-13,0.045
NASDAQ,EFSC,2005-12-14,0.035
NASDAQ,EFSC,2005-09-14,0.035
NASDAQ,EFSC,2005-06-14,0.035
NASDAQ,EFSC,2005-03-15,0.035
NASDAQ,ESBF,2009-12-29,0.1
NASDAQ,ESBF,2009-09-28,0.1
NASDAQ,ESBF,2009-06-26,0.1
NASDAQ,ESBF,2009-03-27,0.1
NASDAQ,ESBF,2008-12-29,0.1
NASDAQ,ESBF,2008-09-26,0.1
NASDAQ,ESBF,2008-06-26,0.1
NASDAQ,ESBF,2008-03-27,0.1
NASDAQ,ESBF,2007-12-27,0.1
NASDAQ,ESBF,2007-09-26,0.1
NASDAQ,ESBF,2007-06-27,0.1
NASDAQ,ESBF,2007-03-28,0.1
NASDAQ,ESBF,2006-12-27,0.1
NASDAQ,ESBF,2006-09-27,0.1
NASDAQ,ESBF,2006-06-28,0.1
NASDAQ,ESBF,2006-03-29,0.1
NASDAQ,ESBF,2005-12-28,0.1
NASDAQ,ESBF,2005-09-28,0.1
NASDAQ,ESBF,2005-06-28,0.1
NASDAQ,ESBF,2005-03-29,0.1
NASDAQ,ESBF,2004-12-29,0.1
NASDAQ,ESBF,2004-09-28,0.1
NASDAQ,ESBF,2004-06-28,0.1
NASDAQ,ESBF,2004-03-29,0.1
NASDAQ,ESBF,2003-12-29,0.1
NASDAQ,ESBF,2003-09-26,0.1
NASDAQ,ESBF,2003-06-26,0.1
NASDAQ,ESBF,2003-03-27,0.08333
NASDAQ,ESBF,2002-12-27,0.08333
NASDAQ,ESBF,2002-09-26,0.08333
NASDAQ,ESBF,2002-06-26,0.06944
NASDAQ,ESBF,2002-03-26,0.06944
NASDAQ,ESBF,2001-12-27,0.06944
NASDAQ,ESBF,2001-09-26,0.06944
NASDAQ,ESBF,2001-06-27,0.06944
NASDAQ,ESBF,2001-03-28,0.05787
NASDAQ,ESBF,2000-12-27,0.05787
NASDAQ,ESBF,2000-09-27,0.05787
NASDAQ,ESBF,2000-06-28,0.05787
NASDAQ,ESBF,2000-05-15,0.04803
NASDAQ,ESBF,2000-03-29,0.04735
NASDAQ,ESBF,1999-12-29,0.04735
NASDAQ,ESBF,1999-09-28,0.04735
NASDAQ,ESBF,1999-06-28,0.04735
NASDAQ,ESBF,1999-03-29,0.04735
NASDAQ,ESBF,1998-12-29,0.04735
NASDAQ,ESBF,1998-09-28,0.04735
NASDAQ,ESBF,1998-06-26,0.04315
NASDAQ,ESBF,1998-03-27,0.04304
NASDAQ,ESBF,1997-12-29,0.04304
NASDAQ,ESBF,1997-09-26,0.04304
NASDAQ,ESBF,1997-07-29,0.03827
NASDAQ,ESBF,1997-06-26,0.03913
NASDAQ,ESBF,1997-03-26,0.03913
NASDAQ,ESBF,1996-12-27,0.03913
NASDAQ,ESBF,1996-09-26,0.03913
NASDAQ,ESBF,1996-06-26,0.03913
NASDAQ,ESBF,1996-05-29,0.03913
NASDAQ,ESBF,1996-03-27,0.03913
NASDAQ,ESBF,1995-12-27,0.03913
NASDAQ,ESBF,1995-09-27,0.03913
NASDAQ,EEI,2009-12-04,0.21
NASDAQ,EEI,2009-07-20,0.2
NASDAQ,EEI,2008-11-26,0.19
NASDAQ,EEI,2008-07-25,0.18
NASDAQ,EEI,2007-12-26,0.18
NASDAQ,EEI,2007-07-30,5.0
NASDAQ,EEI,2007-07-25,0.17143
NASDAQ,EEI,2006-12-13,0.17143
NASDAQ,EEI,2006-07-26,0.17143
NASDAQ,EEI,2005-12-01,0.1619
NASDAQ,EEI,2005-07-27,0.1619
NASDAQ,EEI,2004-12-15,0.1619
NASDAQ,EEI,2004-07-21,0.1619
NASDAQ,EEI,2003-11-26,0.1619
NASDAQ,EEI,2003-07-29,0.1619
NASDAQ,EEI,2002-12-04,0.15238
NASDAQ,EEI,2002-07-17,0.15238
NASDAQ,EEI,2001-12-05,0.15238
NASDAQ,EEI,2001-07-18,0.15238
NASDAQ,EEI,2000-12-06,0.15238
NASDAQ,EEI,2000-07-19,0.15238
NASDAQ,EEI,1999-12-15,0.15238
NASDAQ,EEI,1999-07-13,0.15238
NASDAQ,EEI,1998-12-16,0.15238
NASDAQ,EEI,1998-05-27,0.15238
NASDAQ,EEI,1997-12-10,0.15238
NASDAQ,EEI,1997-07-07,0.15238
NASDAQ,EEI,1996-12-24,0.15238
NASDAQ,EEI,1996-06-26,0.15238
NASDAQ,EEI,1995-12-20,0.15238
NASDAQ,EEI,1995-05-26,0.15238
NASDAQ,EEI,1994-12-19,0.15238
NASDAQ,EEI,1994-07-26,0.14286
NASDAQ,EEI,1994-05-27,0.14286
NASDAQ,EEI,1993-12-07,0.13333
NASDAQ,EEI,1993-05-28,0.12381
NASDAQ,EEI,1992-12-08,0.11429
NASDAQ,EEI,1992-05-11,0.10476
NASDAQ,EXBD,2009-12-11,0.1
NASDAQ,EXBD,2009-09-11,0.1
NASDAQ,EXBD,2009-06-11,0.1
NASDAQ,EXBD,2009-03-11,0.44
NASDAQ,EXBD,2008-12-11,0.44
NASDAQ,EXBD,2008-09-11,0.44
NASDAQ,EXBD,2008-06-11,0.44
NASDAQ,EXBD,2008-03-12,0.44
NASDAQ,EXBD,2007-12-12,0.4
NASDAQ,EXBD,2007-09-12,0.4
NASDAQ,EXBD,2007-06-13,0.4
NASDAQ,EXBD,2007-03-07,0.4
NASDAQ,EXBD,2006-12-13,0.3
NASDAQ,EXBD,2006-09-13,0.3
NASDAQ,EXBD,2006-06-13,0.3
NASDAQ,EXBD,2006-03-08,0.3
NASDAQ,EXBD,2005-12-13,0.1
NASDAQ,EXBD,2005-09-13,0.1
NASDAQ,EXBD,2005-06-13,0.1
NASDAQ,EXBD,2005-03-08,0.1
NASDAQ,EXBD,2004-12-13,0.075
NASDAQ,EXBD,2004-09-13,0.075
NASDAQ,EXBD,2004-06-14,0.075
NASDAQ,EXBD,2004-03-08,0.075
NASDAQ,ECOL,2010-01-13,0.18
NASDAQ,ECOL,2009-10-14,0.18
NASDAQ,ECOL,2009-07-15,0.18
NASDAQ,ECOL,2009-04-15,0.18
NASDAQ,ECOL,2009-01-14,0.18
NASDAQ,ECOL,2008-10-08,0.18
NASDAQ,ECOL,2008-07-09,0.18
NASDAQ,ECOL,2008-04-09,0.15
NASDAQ,ECOL,2008-01-09,0.15
NASDAQ,ECOL,2007-10-10,0.15
NASDAQ,ECOL,2007-07-11,0.15
NASDAQ,ECOL,2007-04-11,0.15
NASDAQ,ECOL,2007-01-10,0.15
NASDAQ,ECOL,2006-10-11,0.15
NASDAQ,ECOL,2006-07-12,0.15
NASDAQ,ECOL,2006-04-11,0.15
NASDAQ,ECOL,2005-12-28,0.15
NASDAQ,ECOL,2005-10-07,0.15
NASDAQ,ECOL,2005-06-29,0.15
NASDAQ,ECOL,2004-09-28,0.25
NASDAQ,ECOL,1995-04-04,0.025
NASDAQ,ECOL,1995-02-22,0.025
NASDAQ,ECOL,1994-11-23,0.025
NASDAQ,ECOL,1994-09-09,0.025
NASDAQ,ECOL,1994-05-31,0.025
NASDAQ,ECOL,1994-02-22,0.007
