exchange,stock_symbol,date,dividends
NASDAQ,UTMD,2009-12-14,0.235
NASDAQ,UTMD,2009-09-14,0.23
NASDAQ,UTMD,2009-06-12,0.23
NASDAQ,UTMD,2009-03-11,0.23
NASDAQ,UTMD,2008-12-12,0.23
NASDAQ,UTMD,2008-09-11,0.225
NASDAQ,UTMD,2008-06-12,0.225
NASDAQ,UTMD,2008-03-12,0.225
NASDAQ,UTMD,2007-12-12,0.225
NASDAQ,UTMD,2007-09-12,0.22
NASDAQ,UTMD,2007-06-13,0.22
NASDAQ,UTMD,2007-03-13,0.22
NASDAQ,UTMD,2006-12-12,0.21
NASDAQ,UTMD,2006-09-13,0.2
NASDAQ,UTMD,2006-06-14,0.19
NASDAQ,UTMD,2006-03-14,0.18
NASDAQ,UTMD,2005-12-14,0.17
NASDAQ,UTMD,2005-09-14,0.155
NASDAQ,UTMD,2005-06-15,0.155
NASDAQ,UTMD,2005-03-14,0.15
NASDAQ,UTMD,2004-12-14,0.15
NASDAQ,UTMD,2004-09-14,0.15
NASDAQ,UTMD,2004-06-14,0.15
NASDAQ,UCBA,2010-02-04,0.1
NASDAQ,UCBA,2009-11-05,0.1
NASDAQ,UCBA,2009-08-06,0.1
NASDAQ,UCBA,2009-05-07,0.1
NASDAQ,UCBA,2009-02-05,0.09
NASDAQ,UCBA,2008-11-06,0.09
NASDAQ,UCBA,2008-08-07,0.09
NASDAQ,UCBA,2008-05-08,0.09
NASDAQ,UCBA,2008-02-07,0.08
NASDAQ,UCBA,2007-11-07,0.08
NASDAQ,UCBA,2007-08-09,0.08
NASDAQ,UCBA,2007-05-10,0.08
NASDAQ,UCBA,2007-02-08,0.07
NASDAQ,UCBA,2006-11-10,0.07
NASDAQ,UCBA,2006-08-09,0.07
NASDAQ,UCBA,2006-05-09,0.07
NASDAQ,UTIW,2009-09-28,0.06
NASDAQ,UTIW,2008-04-28,0.06
NASDAQ,UTIW,2007-04-26,0.06
NASDAQ,UTIW,2006-04-26,0.06
NASDAQ,UTIW,2005-11-29,0.08333
NASDAQ,UTIW,2005-04-27,0.05
NASDAQ,UTIW,2004-04-28,0.03833
NASDAQ,UTIW,2003-04-28,0.03167
NASDAQ,UTIW,2002-04-26,0.025
NASDAQ,UTIW,2001-04-18,0.025
NASDAQ,UBCP,2009-11-24,0.14
NASDAQ,UBCP,2009-09-02,0.14
NASDAQ,UBCP,2009-05-20,0.14
NASDAQ,UBCP,2009-03-04,0.14
NASDAQ,UBCP,2008-11-25,0.14
NASDAQ,UBCP,2008-09-03,0.14
NASDAQ,UBCP,2008-05-21,0.13
NASDAQ,UBCP,2008-03-05,0.13
NASDAQ,UBCP,2007-11-28,0.13
NASDAQ,UBCP,2007-09-05,0.13
NASDAQ,UBCP,2007-05-23,0.13
NASDAQ,UBCP,2007-03-07,0.13
NASDAQ,UBCP,2006-11-29,0.118
NASDAQ,UBCP,2006-09-06,0.11818
NASDAQ,UBCP,2006-05-24,0.11818
NASDAQ,UBCP,2006-03-08,0.11818
NASDAQ,UBCP,2005-11-30,0.10727
NASDAQ,UBCP,2005-09-06,0.11818
NASDAQ,UBCP,2005-05-25,0.11818
NASDAQ,UBCP,2005-03-04,0.11818
NASDAQ,UBCP,2004-12-01,0.11818
NASDAQ,UBCP,2004-09-03,0.10744
NASDAQ,UBCP,2004-05-26,0.10744
NASDAQ,UBCP,2004-03-05,0.10744
NASDAQ,UBCP,2003-11-28,0.10744
NASDAQ,UBCP,2003-09-04,0.09767
NASDAQ,UBCP,2003-05-28,0.09767
NASDAQ,UBCP,2003-03-06,0.09767
NASDAQ,UBCP,2002-11-27,0.09767
NASDAQ,UBCP,2002-08-28,0.09302
NASDAQ,UBCP,2002-05-29,0.09302
NASDAQ,UBCP,2002-03-04,0.09302
NASDAQ,UBCP,2001-11-29,0.09302
NASDAQ,UBCP,2001-08-29,0.08859
NASDAQ,UBCP,2001-05-30,0.08859
NASDAQ,UBCP,2001-03-05,0.08859
NASDAQ,UBCP,2000-11-29,0.08859
NASDAQ,UBCP,2000-08-30,0.08437
NASDAQ,UBCP,2000-05-30,0.08437
NASDAQ,UBCP,2000-02-29,0.08437
NASDAQ,UBCP,1999-11-29,0.08437
NASDAQ,UBCP,1999-08-30,0.08035
NASDAQ,UBCP,1999-05-27,0.07726
NASDAQ,UBCP,1999-02-25,0.07726
NASDAQ,UBCP,1998-11-27,0.08035
NASDAQ,UBCP,1998-08-28,0.07065
NASDAQ,UBCP,1998-05-28,0.07065
NASDAQ,UBCP,1998-02-26,0.07065
NASDAQ,UBCP,1997-11-26,0.07065
NASDAQ,UBCP,1997-08-28,0.07065
NASDAQ,UBCP,1997-05-16,0.05886
NASDAQ,UBCP,1997-02-27,0.05886
NASDAQ,UBCP,1996-12-02,0.05886
NASDAQ,UBCP,1996-08-28,0.05886
NASDAQ,UBCP,1996-05-16,0.05351
NASDAQ,UBCP,1996-03-06,0.05886
NASDAQ,UBCP,1995-11-30,0.05886
NASDAQ,UBCP,1995-08-18,0.05886
NASDAQ,UACL,2009-03-04,1.0
NASDAQ,USEG,2007-07-03,0.1
NASDAQ,UVSP,2009-12-08,0.2
NASDAQ,UVSP,2009-09-08,0.2
NASDAQ,UVSP,2009-06-08,0.2
NASDAQ,UVSP,2009-03-09,0.2
NASDAQ,UVSP,2008-12-08,0.2
NASDAQ,UVSP,2008-09-09,0.2
NASDAQ,UVSP,2008-06-09,0.2
NASDAQ,UVSP,2008-03-10,0.2
NASDAQ,UVSP,2007-12-04,0.2
NASDAQ,UVSP,2007-09-04,0.2
NASDAQ,UVSP,2007-06-05,0.2
NASDAQ,UVSP,2007-03-12,0.2
NASDAQ,UVSP,2006-11-30,0.2
NASDAQ,UVSP,2006-08-31,0.2
NASDAQ,UVSP,2006-06-01,0.19
NASDAQ,UVSP,2006-03-02,0.19
NASDAQ,UVSP,2005-12-01,0.19
NASDAQ,UVSP,2005-09-01,0.19
NASDAQ,UVSP,2005-06-02,0.17
NASDAQ,UVSP,2005-03-03,0.16667
NASDAQ,UVSP,2004-12-02,0.16667
NASDAQ,UVSP,2004-09-02,0.16667
NASDAQ,UVSP,2004-06-03,0.16667
NASDAQ,UVSP,2004-03-04,0.16667
NASDAQ,UVSP,2003-12-04,0.13333
NASDAQ,UVSP,2003-09-04,0.13333
NASDAQ,UVSP,2003-06-04,0.13333
NASDAQ,UVSP,2003-03-05,0.13333
NASDAQ,UVSP,2002-12-04,0.12267
NASDAQ,UVSP,2002-09-04,0.12267
NASDAQ,UVSP,2002-06-05,0.12267
NASDAQ,UVSP,2002-02-28,0.12267
NASDAQ,UVSP,2001-12-05,0.112
NASDAQ,UVSP,2001-09-05,0.112
NASDAQ,UVSP,2001-05-30,0.112
NASDAQ,UVSP,2001-03-01,0.10133
NASDAQ,ULCM,2009-04-21,18.32
NASDAQ,UBSH,2009-11-16,0.06
NASDAQ,UBSH,2009-08-17,0.06
NASDAQ,UBSH,2009-05-15,0.06
NASDAQ,UBSH,2009-02-11,0.12
NASDAQ,UBSH,2008-11-14,0.185
NASDAQ,UBSH,2008-08-14,0.185
NASDAQ,UBSH,2008-05-15,0.185
NASDAQ,UBSH,2008-02-13,0.185
NASDAQ,UBSH,2007-11-14,0.185
NASDAQ,UBSH,2007-08-15,0.185
NASDAQ,UBSH,2007-05-16,0.18
NASDAQ,UBSH,2007-02-14,0.175
NASDAQ,UBSH,2006-11-15,0.17
NASDAQ,UBSH,2006-08-16,0.16
NASDAQ,UBSH,2006-05-17,0.15333
NASDAQ,UBSH,2006-02-14,0.14667
NASDAQ,UBSH,2005-10-18,0.26667
NASDAQ,UBSH,2005-04-18,0.24667
NASDAQ,UBSH,2004-10-18,0.23333
NASDAQ,UBSH,2004-04-15,0.22
NASDAQ,UBSH,2003-10-16,0.20667
NASDAQ,UBSH,2003-04-11,0.19333
NASDAQ,UBSH,2002-10-10,0.18
NASDAQ,UBSH,2002-04-11,0.16667
NASDAQ,UBSH,2001-11-14,0.16
NASDAQ,UBSH,2001-05-15,0.14667
NASDAQ,UBSH,2000-11-16,0.13333
NASDAQ,UBSH,1999-11-17,0.13333
NASDAQ,UBSH,1999-05-18,0.06667
NASDAQ,UBSH,1998-11-18,0.06333
NASDAQ,UBSH,1998-05-19,0.06333
NASDAQ,UBSH,1997-11-19,0.06333
NASDAQ,UBSH,1997-05-16,0.06
NASDAQ,UBSH,1996-11-19,0.05667
NASDAQ,UBSH,1996-06-03,0.05
NASDAQ,UBSH,1995-12-01,0.04667
NASDAQ,UCBH,2009-06-26,0.01
NASDAQ,UCBH,2009-03-27,0.01
NASDAQ,UCBH,2008-12-29,0.04
NASDAQ,UCBH,2008-09-26,0.04
NASDAQ,UCBH,2008-06-26,0.04
NASDAQ,UCBH,2008-03-27,0.04
NASDAQ,UCBH,2007-12-27,0.03
NASDAQ,UCBH,2007-09-26,0.03
NASDAQ,UCBH,2007-06-27,0.03
NASDAQ,UCBH,2007-03-28,0.03
NASDAQ,UCBH,2006-12-27,0.03
NASDAQ,UCBH,2006-09-27,0.03
NASDAQ,UCBH,2006-06-28,0.03
NASDAQ,UCBH,2006-03-29,0.03
NASDAQ,UCBH,2005-12-28,0.025
NASDAQ,UCBH,2005-09-28,0.025
NASDAQ,UCBH,2005-06-28,0.025
NASDAQ,UCBH,2005-03-29,0.025
NASDAQ,UCBH,2004-12-29,0.02
NASDAQ,UCBH,2004-09-28,0.02
NASDAQ,UCBH,2004-06-28,0.02
NASDAQ,UCBH,2004-03-29,0.02
NASDAQ,UCBH,2003-12-29,0.015
NASDAQ,UCBH,2003-09-26,0.015
NASDAQ,UCBH,2003-06-26,0.015
NASDAQ,UCBH,2003-03-27,0.0125
NASDAQ,UCBH,2002-12-27,0.0125
NASDAQ,UCBH,2002-09-26,0.0125
NASDAQ,UCBH,2002-06-26,0.0125
NASDAQ,UCBH,2002-03-26,0.0125
NASDAQ,UCBH,2001-12-27,0.01
NASDAQ,UCBH,2001-09-26,0.01
NASDAQ,UCBH,2001-06-27,0.01
NASDAQ,UCBH,2001-03-28,0.00875
NASDAQ,UCBH,2000-12-27,0.00625
NASDAQ,UCBH,2000-09-27,0.00625
NASDAQ,UCBH,2000-06-28,0.00625
NASDAQ,UCBH,2000-03-29,0.00625
NASDAQ,UAUA,2008-01-07,2.15
NASDAQ,UBNK,2009-11-04,0.07
NASDAQ,UBNK,2009-08-05,0.07
NASDAQ,UBNK,2009-05-06,0.07
NASDAQ,UBNK,2009-02-12,0.07
NASDAQ,UBNK,2008-11-04,0.07
NASDAQ,UBNK,2008-08-08,0.07
NASDAQ,UBNK,2008-05-09,0.07
NASDAQ,UBNK,2008-02-08,0.06
NASDAQ,UBNK,2007-11-07,0.06
NASDAQ,UBNK,2007-08-09,0.06
NASDAQ,UBNK,2007-05-11,0.06
NASDAQ,UBNK,2007-02-08,0.06
NASDAQ,UBNK,2006-11-03,0.05
NASDAQ,UBNK,2006-08-04,0.05
NASDAQ,UBNK,2006-05-05,0.05
NASDAQ,UBNK,2006-02-09,0.05
NASDAQ,UMPQ,2009-12-29,0.05
NASDAQ,UMPQ,2009-09-28,0.05
NASDAQ,UMPQ,2009-06-26,0.05
NASDAQ,UMPQ,2009-03-27,0.05
NASDAQ,UMPQ,2008-12-29,0.05
NASDAQ,UMPQ,2008-09-26,0.19
NASDAQ,UMPQ,2008-06-26,0.19
NASDAQ,UMPQ,2008-03-27,0.19
NASDAQ,UMPQ,2007-12-27,0.19
NASDAQ,UMPQ,2007-09-27,0.19
NASDAQ,UMPQ,2007-06-28,0.18
NASDAQ,UMPQ,2007-03-28,0.18
NASDAQ,UMPQ,2006-12-27,0.18
NASDAQ,UMPQ,2006-09-27,0.18
NASDAQ,UMPQ,2006-06-28,0.12
NASDAQ,UMPQ,2006-03-29,0.12
NASDAQ,UMPQ,2005-12-28,0.12
NASDAQ,UMPQ,2005-09-28,0.08
NASDAQ,UMPQ,2005-06-28,0.06
NASDAQ,UMPQ,2005-03-29,0.06
NASDAQ,UMPQ,2004-12-29,0.06
NASDAQ,UMPQ,2004-09-28,0.06
NASDAQ,UMPQ,2004-06-28,0.06
NASDAQ,UMPQ,2004-03-31,0.04
NASDAQ,UMPQ,2003-12-29,0.04
NASDAQ,UMPQ,2003-09-26,0.04
NASDAQ,UMPQ,2003-06-26,0.04
NASDAQ,UMPQ,2003-03-27,0.04
NASDAQ,UMPQ,2002-12-27,0.04
NASDAQ,UMPQ,2002-09-26,0.04
NASDAQ,UMPQ,2002-06-26,0.04
NASDAQ,UMPQ,2002-03-26,0.04
NASDAQ,UMPQ,2001-12-27,0.04
NASDAQ,UMPQ,2001-09-26,0.04
NASDAQ,UMPQ,2001-06-28,0.04
NASDAQ,UMPQ,2001-03-28,0.04
NASDAQ,UMPQ,2000-12-27,0.04
NASDAQ,UMPQ,2000-09-27,0.04
NASDAQ,UMPQ,2000-06-28,0.04
NASDAQ,UMPQ,2000-03-29,0.04
NASDAQ,UMPQ,1999-12-29,0.04
NASDAQ,UMPQ,1999-10-04,0.04
NASDAQ,UMPQ,1999-06-28,0.04
NASDAQ,UMPQ,1999-03-29,0.04
NASDAQ,UMPQ,1998-12-29,0.04
NASDAQ,UNTD,2009-11-10,0.1
NASDAQ,UNTD,2009-08-12,0.1
NASDAQ,UNTD,2009-05-12,0.1
NASDAQ,UNTD,2009-02-11,0.1
NASDAQ,UNTD,2008-11-12,0.1
NASDAQ,UNTD,2008-08-12,0.2
NASDAQ,UNTD,2008-05-12,0.2
NASDAQ,UNTD,2008-02-12,0.2
NASDAQ,UNTD,2007-11-09,0.2
NASDAQ,UNTD,2007-08-10,0.2
NASDAQ,UNTD,2007-05-10,0.2
NASDAQ,UNTD,2007-02-12,0.2
NASDAQ,UNTD,2006-11-09,0.2
NASDAQ,UNTD,2006-08-09,0.2
NASDAQ,UNTD,2006-05-10,0.2
NASDAQ,UNTD,2006-02-13,0.2
NASDAQ,UNTD,2005-11-08,0.2
NASDAQ,UNTD,2005-08-10,0.2
NASDAQ,UNTD,2005-05-11,0.2
NASDAQ,UNAM,2009-12-17,0.18
NASDAQ,UNAM,2009-04-07,0.18
NASDAQ,UNAM,2003-04-24,0.013
NASDAQ,UNAM,2002-04-24,0.05
NASDAQ,UNAM,2001-04-25,0.05
NASDAQ,UNAM,2000-04-26,0.15
NASDAQ,UNAM,1999-06-29,0.063
NASDAQ,UNAM,1998-07-29,0.018
NASDAQ,UNAM,1997-07-30,0.018
NASDAQ,UNAM,1996-07-29,0.018
NASDAQ,UNAM,1995-07-27,0.018
NASDAQ,UNAM,1994-07-25,0.018
NASDAQ,UNAM,1993-07-26,0.017
NASDAQ,UNAM,1992-07-27,0.015
NASDAQ,UNAM,1991-07-26,0.012
NASDAQ,UBSI,2009-12-09,0.3
NASDAQ,UBSI,2009-09-09,0.29
NASDAQ,UBSI,2009-06-10,0.29
NASDAQ,UBSI,2009-03-11,0.29
NASDAQ,UBSI,2008-12-10,0.29
NASDAQ,UBSI,2008-09-10,0.29
NASDAQ,UBSI,2008-06-11,0.29
NASDAQ,UBSI,2008-03-12,0.29
NASDAQ,UBSI,2007-12-12,0.29
NASDAQ,UBSI,2007-09-12,0.28
NASDAQ,UBSI,2007-06-06,0.28
NASDAQ,UBSI,2007-03-07,0.28
NASDAQ,UBSI,2006-12-06,0.28
NASDAQ,UBSI,2006-09-06,0.27
NASDAQ,UBSI,2006-06-07,0.27
NASDAQ,UBSI,2006-03-08,0.27
NASDAQ,UBSI,2005-12-07,0.27
NASDAQ,UBSI,2005-09-07,0.26
NASDAQ,UBSI,2005-06-08,0.26
NASDAQ,UBSI,2005-03-09,0.26
NASDAQ,UBSI,2004-12-08,0.26
NASDAQ,UBSI,2004-09-08,0.26
NASDAQ,UBSI,2004-06-09,0.25
NASDAQ,UBSI,2004-03-10,0.25
NASDAQ,UBSI,2003-12-10,0.25
NASDAQ,UBSI,2003-09-10,0.25
NASDAQ,UBSI,2003-06-11,0.25
NASDAQ,UBSI,2003-03-12,0.25
NASDAQ,UBSI,2002-12-11,0.25
NASDAQ,UBSI,2002-09-11,0.24
NASDAQ,UBSI,2002-06-12,0.23
NASDAQ,UBSI,2002-03-06,0.23
NASDAQ,UBSI,2001-12-12,0.23
NASDAQ,UBSI,2001-06-06,0.23
NASDAQ,UBSI,2001-03-07,0.22
NASDAQ,UBSI,2000-12-06,0.21
NASDAQ,UBSI,2000-09-06,0.21
NASDAQ,UBSI,2000-06-07,0.21
NASDAQ,UBSI,2000-03-08,0.21
NASDAQ,UBSI,1999-12-08,0.21
NASDAQ,UBSI,1999-09-08,0.21
NASDAQ,UBSI,1999-06-09,0.2
NASDAQ,UBSI,1999-03-10,0.2
NASDAQ,UBSI,1998-12-09,0.2
NASDAQ,UBSI,1998-09-09,0.19
NASDAQ,UBSI,1998-06-10,0.18
NASDAQ,UBSI,1998-03-11,0.175
NASDAQ,UBSI,1997-12-10,0.175
NASDAQ,UBSI,1997-09-10,0.17
NASDAQ,UBSI,1997-06-11,0.165
NASDAQ,UBSI,1997-03-12,0.165
NASDAQ,UBSI,1996-12-11,0.16
NASDAQ,UBSI,1996-09-11,0.155
NASDAQ,UBSI,1996-06-12,0.155
NASDAQ,UBSI,1996-03-06,0.15
NASDAQ,UBSI,1995-12-06,0.15
NASDAQ,UBSI,1995-09-06,0.145
NASDAQ,UBSI,1995-06-06,0.145
NASDAQ,UBSI,1995-03-06,0.145
NASDAQ,UBSI,1994-12-05,0.135
NASDAQ,UBSI,1994-09-02,0.135
NASDAQ,UBSI,1994-06-06,0.13
NASDAQ,UBSI,1994-03-07,0.115
NASDAQ,UBSI,1993-12-06,0.115
NASDAQ,UBSI,1993-09-03,0.115
NASDAQ,UBSI,1993-03-08,0.115
NASDAQ,UBSI,1992-12-07,0.105
NASDAQ,UBSI,1992-09-04,0.105
NASDAQ,UBSI,1992-06-08,0.105
NASDAQ,UBSI,1992-03-09,0.105
NASDAQ,UBSI,1991-12-09,0.105
NASDAQ,UBSI,1991-09-09,0.095
NASDAQ,UBSI,1991-06-10,0.095
NASDAQ,UBSI,1991-03-04,0.095
NASDAQ,UBSI,1990-12-10,0.095
NASDAQ,UBSI,1990-09-10,0.095
NASDAQ,UBSI,1990-06-04,0.095
NASDAQ,USMO,2009-11-13,0.25
NASDAQ,USMO,2009-08-12,0.25
NASDAQ,USMO,2009-05-18,0.25
NASDAQ,USMO,2009-03-13,1.25
NASDAQ,USMO,2008-11-12,0.25
NASDAQ,USMO,2008-08-12,0.25
NASDAQ,USMO,2008-05-15,0.25
NASDAQ,USMO,2008-02-21,0.65
NASDAQ,USMO,2007-11-06,0.65
NASDAQ,USMO,2007-08-14,0.65
NASDAQ,USMO,2007-05-15,1.65
NASDAQ,USMO,2007-02-20,0.65
NASDAQ,USMO,2006-11-14,0.65
NASDAQ,USMO,2006-06-28,3.0
NASDAQ,USMO,2005-11-29,1.5
NASDAQ,UCFC,2008-06-04,0.04669
NASDAQ,UCFC,2008-02-27,0.09241
NASDAQ,UCFC,2007-11-28,0.09241
NASDAQ,UCFC,2007-08-29,0.09241
NASDAQ,UCFC,2007-05-29,0.09241
NASDAQ,UCFC,2007-02-27,0.09241
NASDAQ,UCFC,2007-02-26,0.09241
NASDAQ,UCFC,2006-11-28,0.08755
NASDAQ,UCFC,2006-08-29,0.08755
NASDAQ,UCFC,2006-05-26,0.08755
NASDAQ,UCFC,2006-02-24,0.08755
NASDAQ,UCFC,2005-11-28,0.08074
NASDAQ,UCFC,2005-08-29,0.08074
NASDAQ,UCFC,2005-05-26,0.08074
NASDAQ,UCFC,2005-02-24,0.08074
NASDAQ,UCFC,2004-11-26,0.07296
NASDAQ,UCFC,2004-08-27,0.07296
NASDAQ,UCFC,2004-05-26,0.07296
NASDAQ,UCFC,2004-03-08,0.07296
NASDAQ,UCFC,2003-11-25,0.07296
NASDAQ,UCFC,2003-08-27,0.07296
NASDAQ,UCFC,2003-05-28,0.07296
NASDAQ,UCFC,2003-02-26,0.07296
NASDAQ,UCFC,2002-11-26,0.07296
NASDAQ,UCFC,2002-08-28,0.07296
NASDAQ,UCFC,2002-05-29,0.07296
NASDAQ,UCFC,2002-02-26,0.07296
NASDAQ,UCFC,2001-11-28,0.07296
NASDAQ,UCFC,2001-08-29,0.07296
NASDAQ,UCFC,2001-05-29,0.07296
NASDAQ,UCFC,2001-02-26,0.07296
NASDAQ,UCFC,2000-11-28,0.07296
NASDAQ,UCFC,2000-08-29,0.07296
NASDAQ,UCFC,2000-05-26,0.07296
NASDAQ,UCFC,2000-02-25,0.07296
NASDAQ,UCFC,1999-11-26,0.07296
NASDAQ,UCFC,1999-10-27,5.83658
NASDAQ,UCFC,1999-08-27,0.07296
NASDAQ,UCFC,1999-05-26,0.07296
NASDAQ,UCFC,1999-02-25,0.07296
NASDAQ,UCFC,1998-11-27,0.07296
NASDAQ,UWBK,2009-09-02,0.01
NASDAQ,UWBK,2009-06-03,0.06
NASDAQ,UWBK,2009-03-03,0.06
NASDAQ,UWBK,2008-12-03,0.06
NASDAQ,UWBK,2008-09-03,0.06
NASDAQ,UWBK,2008-06-03,0.06
NASDAQ,UWBK,2008-03-03,0.06
NASDAQ,UWBK,2007-12-03,0.06
NASDAQ,UWBK,2007-08-31,0.06
NASDAQ,UWBK,2007-06-01,0.06
NASDAQ,UWBK,2007-03-01,0.06
NASDAQ,UNB,2010-01-27,0.25
NASDAQ,UNB,2009-10-28,0.25
NASDAQ,UNB,2009-07-22,0.25
NASDAQ,UNB,2009-04-23,0.25
NASDAQ,UNB,2009-01-28,0.28
NASDAQ,UNB,2008-10-23,0.28
NASDAQ,UNB,2008-07-24,0.28
NASDAQ,UNB,2008-04-24,0.28
NASDAQ,UNB,2008-01-23,0.28
NASDAQ,UNB,2007-10-18,0.28
NASDAQ,UNB,2007-07-19,0.28
NASDAQ,UNB,2007-04-19,0.28
NASDAQ,UNB,2007-01-18,0.28
NASDAQ,UNB,2006-10-20,0.28
NASDAQ,UNB,2006-07-20,0.26
NASDAQ,UNB,2006-04-20,0.26
NASDAQ,UNB,2006-01-19,0.26
NASDAQ,UNB,2005-10-20,0.26
NASDAQ,UNB,2005-07-21,0.24
NASDAQ,UNB,2005-04-21,0.24
NASDAQ,UNB,2005-01-20,0.64
NASDAQ,UNB,2004-10-20,0.24
NASDAQ,UNB,2004-07-21,0.22
NASDAQ,UNB,2004-04-21,0.22
NASDAQ,UNB,2004-01-21,0.22
NASDAQ,UNB,2003-10-22,0.22
NASDAQ,UNB,2003-07-23,0.2
NASDAQ,UNB,2003-04-23,0.2
NASDAQ,UNB,2003-01-22,0.2
NASDAQ,UNB,2002-10-09,0.2
NASDAQ,UNB,2002-07-11,0.18667
NASDAQ,UNB,2002-04-11,0.18667
NASDAQ,UNB,2002-01-10,0.18667
NASDAQ,UNB,2001-10-11,0.18667
NASDAQ,UNB,2001-07-11,0.17333
NASDAQ,UNB,2001-04-10,0.17333
NASDAQ,UNB,2001-01-10,0.17333
NASDAQ,UNB,2000-10-11,0.17333
NASDAQ,UMBF,2009-12-09,0.185
NASDAQ,UMBF,2009-09-08,0.175
NASDAQ,UMBF,2009-06-09,0.175
NASDAQ,UMBF,2009-03-09,0.175
NASDAQ,UMBF,2008-12-09,0.175
NASDAQ,UMBF,2008-09-08,0.165
NASDAQ,UMBF,2008-06-09,0.165
NASDAQ,UMBF,2008-03-07,0.15
NASDAQ,UMBF,2007-12-07,0.15
NASDAQ,UMBF,2007-09-10,0.14
NASDAQ,UMBF,2007-06-07,0.14
NASDAQ,UMBF,2007-03-08,0.14
NASDAQ,UMBF,2006-12-08,0.13
NASDAQ,UMBF,2006-09-07,0.13
NASDAQ,UMBF,2006-06-08,0.13
NASDAQ,UMBF,2006-03-09,0.125
NASDAQ,UMBF,2005-12-09,0.125
NASDAQ,UMBF,2005-09-08,0.11
NASDAQ,UMBF,2005-06-08,0.11
NASDAQ,UMBF,2005-03-09,0.11
NASDAQ,UMBF,2004-12-09,0.11
NASDAQ,UMBF,2004-09-09,0.105
NASDAQ,UMBF,2004-06-08,0.105
NASDAQ,UMBF,2004-03-09,0.105
NASDAQ,UMBF,2003-12-10,0.105
NASDAQ,UMBF,2003-09-10,0.1
NASDAQ,UMBF,2003-06-06,0.1
NASDAQ,UMBF,2003-03-07,0.1
NASDAQ,UMBF,2002-12-10,0.1
NASDAQ,UMBF,2002-09-11,0.1
NASDAQ,UMBF,2002-06-06,0.1
NASDAQ,UMBF,2002-03-07,0.1
NASDAQ,UMBF,2001-12-10,0.1
NASDAQ,UMBF,2001-06-07,0.09524
NASDAQ,UMBF,2001-03-08,0.09524
NASDAQ,UMBF,2000-12-08,0.09524
NASDAQ,UMBF,2000-09-12,0.09524
NASDAQ,UMBF,2000-06-08,0.09524
NASDAQ,UMBF,2000-03-08,0.09524
NASDAQ,UMBF,1999-12-09,0.08715
NASDAQ,UMBF,1999-09-09,0.08658
NASDAQ,UMBF,1999-06-09,0.08658
NASDAQ,UMBF,1999-03-10,0.08658
NASDAQ,UMBF,1998-12-10,0.08658
NASDAQ,UMBF,1998-09-09,0.08225
NASDAQ,UMBF,1998-06-10,0.08225
NASDAQ,UMBF,1998-03-11,0.08225
NASDAQ,UMBF,1997-12-09,0.08225
NASDAQ,UMBF,1997-09-10,0.07834
NASDAQ,UMBF,1997-06-11,0.07834
NASDAQ,UMBF,1997-03-12,0.07834
NASDAQ,UMBF,1996-12-09,0.07834
NASDAQ,UMBF,1996-09-11,0.07853
NASDAQ,UMBF,1996-06-12,0.07853
NASDAQ,UMBF,1996-03-13,0.07853
NASDAQ,UMBF,1995-12-11,0.07068
NASDAQ,UMBF,1995-09-13,0.07853
NASDAQ,UMBF,1995-06-13,0.07853
NASDAQ,UMBF,1995-03-09,0.07853
NASDAQ,UMBF,1994-12-06,0.07853
NASDAQ,UMBF,1994-09-12,0.07853
NASDAQ,UMBF,1994-06-08,0.2297
NASDAQ,UMBF,1993-12-07,0.07853
NASDAQ,UMBF,1993-09-09,0.07853
NASDAQ,UMBF,1993-03-09,0.07853
NASDAQ,UMBF,1992-12-08,0.07853
NASDAQ,UMBF,1992-09-09,0.07853
NASDAQ,UMBF,1992-06-08,0.07853
NASDAQ,UMBF,1992-03-06,0.07853
NASDAQ,UMBF,1991-12-09,0.07853
NASDAQ,UMBF,1991-06-10,0.07853
NASDAQ,UMBF,1991-03-11,0.07853
NASDAQ,UMBF,1990-12-10,0.07853
NASDAQ,UMBF,1990-09-11,0.07853
NASDAQ,UMBF,1990-06-11,0.07853
NASDAQ,USLM,2003-05-29,0.025
NASDAQ,USLM,2003-03-04,0.025
NASDAQ,USLM,2002-11-27,0.025
NASDAQ,USLM,2002-08-28,0.025
NASDAQ,USLM,2002-05-29,0.025
NASDAQ,USLM,2002-02-27,0.025
NASDAQ,USLM,2001-11-29,0.025
NASDAQ,USLM,2001-08-29,0.025
NASDAQ,USLM,2001-05-30,0.025
NASDAQ,USLM,2001-02-27,0.025
NASDAQ,USLM,2000-11-29,0.025
NASDAQ,USLM,2000-08-30,0.025
NASDAQ,USLM,2000-05-30,0.025
NASDAQ,USLM,2000-02-28,0.025
NASDAQ,USLM,1999-11-29,0.025
NASDAQ,USLM,1999-08-30,0.025
NASDAQ,USLM,1999-05-27,0.025
NASDAQ,USLM,1999-02-25,0.025
NASDAQ,USLM,1998-11-27,0.025
NASDAQ,USLM,1998-08-28,0.025
NASDAQ,USLM,1998-05-29,0.025
NASDAQ,USLM,1998-02-26,0.025
NASDAQ,USLM,1997-11-28,0.025
NASDAQ,USLM,1997-08-28,0.025
NASDAQ,USLM,1997-05-29,0.025
NASDAQ,USLM,1997-02-27,0.025
NASDAQ,USLM,1996-11-27,0.025
NASDAQ,USLM,1996-08-29,0.025
NASDAQ,USLM,1996-05-30,0.025
NASDAQ,USLM,1996-02-28,0.025
NASDAQ,USLM,1995-11-29,0.025
NASDAQ,USLM,1995-08-30,0.025
NASDAQ,USBI,2009-12-09,0.11
NASDAQ,USBI,2009-09-09,0.11
NASDAQ,USBI,2009-06-10,0.11
NASDAQ,USBI,2009-03-11,0.27
NASDAQ,USBI,2008-12-10,0.27
NASDAQ,USBI,2008-09-10,0.27
NASDAQ,USBI,2008-06-10,0.27
NASDAQ,USBI,2008-03-11,0.27
NASDAQ,USBI,2007-12-05,0.26
NASDAQ,USBI,2007-09-05,0.26
NASDAQ,USBI,2007-06-06,0.26
NASDAQ,USBI,2007-03-07,0.41
NASDAQ,USBI,2006-12-06,0.23
NASDAQ,USBI,2006-09-06,0.23
NASDAQ,USBI,2006-06-07,0.23
NASDAQ,USBI,2006-03-08,0.38
NASDAQ,USBI,2005-12-07,0.2
NASDAQ,USBI,2005-09-07,0.2
NASDAQ,USBI,2005-06-08,0.2
NASDAQ,USBI,2005-03-08,0.35
NASDAQ,USBI,2004-12-08,0.18
NASDAQ,USBI,2004-09-08,0.18
NASDAQ,USBI,2004-06-08,0.18
NASDAQ,USBI,2004-03-09,0.18
NASDAQ,USBI,2003-12-09,0.17
NASDAQ,USBI,2003-09-09,0.17
NASDAQ,USBI,2003-06-09,0.165
NASDAQ,USBI,2003-03-06,0.165
NASDAQ,USBI,2002-12-06,0.15
NASDAQ,USBI,2002-09-06,0.15
NASDAQ,USBI,2002-06-07,0.15
NASDAQ,USBI,2002-03-07,0.15
NASDAQ,USBI,2001-12-07,0.135
NASDAQ,USBI,2001-09-07,0.125
NASDAQ,USBI,2001-06-08,0.125
NASDAQ,USBI,2001-03-15,0.125
NASDAQ,USBI,2000-12-08,0.115
NASDAQ,USBI,2000-09-12,0.115
NASDAQ,UBOH,2009-11-25,0.15
NASDAQ,UBOH,2009-08-27,0.15
NASDAQ,UBOH,2009-05-27,0.15
NASDAQ,UBOH,2009-02-25,0.15
NASDAQ,UBOH,2008-11-25,0.15
NASDAQ,UBOH,2008-08-27,0.15
NASDAQ,UBOH,2008-05-28,0.15
NASDAQ,UBOH,2008-02-27,0.15
NASDAQ,UBOH,2007-11-28,0.14
NASDAQ,UBOH,2007-08-29,0.14
NASDAQ,UBOH,2007-05-29,0.14
NASDAQ,UBOH,2007-02-26,0.14
NASDAQ,UBOH,2006-11-28,0.13
NASDAQ,UBOH,2006-08-29,0.13
NASDAQ,UBOH,2006-05-26,0.13
NASDAQ,UBOH,2006-02-24,0.13
NASDAQ,UBOH,2005-11-28,0.12
NASDAQ,UBOH,2005-08-29,0.12
NASDAQ,UBOH,2005-05-26,0.12
NASDAQ,UBOH,2005-02-24,0.12
NASDAQ,UBOH,2004-11-26,0.11
NASDAQ,UBOH,2004-08-27,0.11
NASDAQ,UBOH,2004-05-26,0.11
NASDAQ,UBOH,2004-02-25,0.11
NASDAQ,UBOH,2003-11-25,0.11
NASDAQ,UBOH,2003-08-27,0.11
NASDAQ,UBOH,2003-05-28,0.11
NASDAQ,UBOH,2003-02-26,0.11
NASDAQ,UBOH,2002-11-26,0.11
NASDAQ,UBOH,2002-08-28,0.11
NASDAQ,UBOH,2002-05-29,0.11
NASDAQ,UBOH,2002-02-27,0.11
NASDAQ,UBOH,2001-11-28,0.11
NASDAQ,UBOH,2001-08-29,0.11
NASDAQ,UBOH,2001-05-30,0.11
NASDAQ,UG,2009-12-16,0.32
NASDAQ,UG,2009-05-28,0.28
NASDAQ,UG,2008-12-11,0.28
NASDAQ,UG,2008-05-29,0.27
NASDAQ,UG,2007-12-13,0.28
NASDAQ,UG,2007-05-30,0.27
NASDAQ,UG,2006-12-22,0.22
NASDAQ,UG,2006-05-31,0.25
NASDAQ,UG,2005-12-13,0.22
NASDAQ,UG,2005-05-27,0.25
NASDAQ,UG,2004-12-13,0.18
NASDAQ,UG,2004-09-22,0.25
NASDAQ,UG,2003-12-11,0.15
NASDAQ,UG,2002-12-18,0.1
NASDAQ,UG,2001-12-21,0.1
NASDAQ,UG,2000-12-14,0.1
NASDAQ,UG,1999-12-13,0.08
NASDAQ,UG,1999-12-08,0.018
NASDAQ,UG,1998-12-08,0.018
NASDAQ,UG,1997-12-10,0.06
NASDAQ,UFCS,2009-12-11,0.15
NASDAQ,UFCS,2009-08-28,0.15
NASDAQ,UFCS,2009-05-28,0.15
NASDAQ,UFCS,2009-02-26,0.15
NASDAQ,UFCS,2008-12-11,0.15
NASDAQ,UFCS,2008-08-28,0.15
NASDAQ,UFCS,2008-05-29,0.15
NASDAQ,UFCS,2008-02-28,0.15
NASDAQ,UFCS,2007-12-12,0.15
NASDAQ,UFCS,2007-08-29,0.135
NASDAQ,UFCS,2007-05-30,0.135
NASDAQ,UFCS,2007-02-27,0.135
NASDAQ,UFCS,2006-12-13,0.135
NASDAQ,UFCS,2006-08-30,0.12
NASDAQ,UFCS,2006-05-30,0.12
NASDAQ,UFCS,2006-02-27,0.12
NASDAQ,UFCS,2005-12-13,0.12
NASDAQ,UFCS,2005-08-30,0.12
NASDAQ,UFCS,2005-05-27,0.12
NASDAQ,UFCS,2005-02-25,0.12
NASDAQ,UFCS,2004-12-16,0.24
NASDAQ,UFCS,2004-08-30,0.1
NASDAQ,UFCS,2004-05-27,0.1
NASDAQ,UFCS,2004-02-26,0.1
NASDAQ,UFCS,2003-12-11,0.1
NASDAQ,UFCS,2003-08-27,0.094
NASDAQ,UFCS,2003-05-29,0.094
NASDAQ,UFCS,2003-02-27,0.094
NASDAQ,UFCS,2002-12-11,0.094
NASDAQ,UFCS,2002-08-29,0.09
NASDAQ,UFCS,2002-05-29,0.09
NASDAQ,UFCS,2002-02-27,0.09
NASDAQ,UFCS,2001-12-12,0.09
NASDAQ,UFCS,2001-08-29,0.09
NASDAQ,UFCS,2001-05-30,0.09
NASDAQ,UFCS,2001-02-27,0.09
NASDAQ,UFCS,2000-12-13,0.09
NASDAQ,UFCS,2000-08-30,0.09
NASDAQ,UFCS,2000-05-30,0.09
NASDAQ,UFCS,2000-02-28,0.085
NASDAQ,UFCS,1999-12-13,0.085
NASDAQ,UFCS,1999-08-30,0.085
NASDAQ,UFCS,1999-05-27,0.085
NASDAQ,UFCS,1998-12-11,0.085
NASDAQ,UFCS,1998-08-28,0.085
NASDAQ,UFCS,1998-05-28,0.085
NASDAQ,UFCS,1998-03-02,0.08
NASDAQ,UFCS,1997-12-11,0.08
NASDAQ,UFCS,1997-08-29,0.08
NASDAQ,UFCS,1997-05-28,0.075
NASDAQ,UFCS,1997-03-03,0.075
NASDAQ,UFCS,1996-12-18,0.075
NASDAQ,UFCS,1996-08-29,0.075
NASDAQ,UFCS,1996-05-30,0.075
NASDAQ,UFCS,1996-02-28,0.075
NASDAQ,UFCS,1995-12-14,0.075
NASDAQ,UFCS,1995-08-30,0.06667
NASDAQ,UFCS,1995-05-25,0.06667
NASDAQ,UFCS,1995-02-24,0.06667
NASDAQ,UFCS,1994-12-09,0.06667
NASDAQ,UFCS,1994-08-26,0.06
NASDAQ,UFCS,1994-05-25,0.06
NASDAQ,UFCS,1994-02-23,0.06
NASDAQ,UFCS,1993-12-09,0.06
NASDAQ,UFCS,1993-08-26,0.05556
NASDAQ,UFCS,1993-02-23,0.05556
NASDAQ,UFCS,1992-08-26,0.05556
NASDAQ,UFCS,1992-05-26,0.04167
NASDAQ,UFCS,1992-02-25,0.03667
NASDAQ,UFCS,1991-12-10,0.03667
NASDAQ,UFCS,1990-12-11,0.03667
NASDAQ,UCBI,2008-06-12,0.08728
NASDAQ,UCBI,2008-03-12,0.08728
NASDAQ,UCBI,2007-12-12,0.08728
NASDAQ,UCBI,2007-09-12,0.08728
NASDAQ,UCBI,2007-06-13,0.08728
NASDAQ,UCBI,2007-03-13,0.08728
NASDAQ,UCBI,2006-12-13,0.07758
NASDAQ,UCBI,2006-09-13,0.07758
NASDAQ,UCBI,2006-06-13,0.07758
NASDAQ,UCBI,2006-03-13,0.07758
NASDAQ,UCBI,2005-12-13,0.06789
NASDAQ,UCBI,2005-09-13,0.06789
NASDAQ,UCBI,2005-06-13,0.06789
NASDAQ,UCBI,2005-03-11,0.06789
NASDAQ,UCBI,2004-12-13,0.05819
NASDAQ,UCBI,2004-09-13,0.05819
NASDAQ,UCBI,2004-06-14,0.05819
NASDAQ,UCBI,2004-03-11,0.05819
NASDAQ,UCBI,2003-12-11,0.04849
NASDAQ,UCBI,2003-09-11,0.04849
NASDAQ,UCBI,2003-06-12,0.04849
NASDAQ,UCBI,2003-03-12,0.04849
NASDAQ,UCBI,2002-12-27,0.0
NASDAQ,UCBI,2002-12-26,0.0194
NASDAQ,UCBI,2002-12-23,0.0
NASDAQ,UCBI,2002-12-12,0.04073
NASDAQ,UCBI,2002-09-12,0.04073
NASDAQ,UCBI,2002-06-12,0.04073
NASDAQ,UNTY,2008-07-09,0.05
NASDAQ,UNTY,2008-04-09,0.04762
NASDAQ,UNTY,2008-01-09,0.04762
NASDAQ,UNTY,2007-10-10,0.04762
NASDAQ,UNTY,2007-07-11,0.04762
NASDAQ,UNTY,2007-04-11,0.04535
NASDAQ,UNTY,2007-01-10,0.04535
NASDAQ,UNTY,2006-10-11,0.04535
NASDAQ,UNTY,2006-07-12,0.04535
NASDAQ,UNTY,2006-04-11,0.04319
NASDAQ,UNTY,2006-01-11,0.04319
NASDAQ,UNTY,2005-10-12,0.04319
NASDAQ,UNTY,2005-07-13,0.04319
NASDAQ,UNTY,2005-04-13,0.03291
NASDAQ,UNTY,2005-01-12,0.03291
NASDAQ,UNTY,2004-10-13,0.03291
NASDAQ,UNTY,2004-07-13,0.03291
NASDAQ,UNTY,2004-04-13,0.03134
NASDAQ,UNTY,2004-01-13,0.0235
NASDAQ,UNTY,2003-10-10,0.0235
NASDAQ,UNTY,1999-10-27,0.04477
NASDAQ,UNTY,1999-08-06,0.04477
NASDAQ,UNTY,1999-05-06,0.04477
NASDAQ,UNTY,1999-02-03,0.0373
NASDAQ,UNTY,1998-12-17,0.03582
NASDAQ,UNTY,1998-10-28,0.02275
NASDAQ,UNTY,1998-07-29,0.03552
NASDAQ,UNTY,1998-04-29,0.02369
NASDAQ,UNTY,1998-01-21,0.02369
NASDAQ,UNTY,1997-10-08,0.02369
NASDAQ,UNTY,1997-07-02,0.02369
NASDAQ,UNTY,1997-04-11,0.02369
NASDAQ,UHAL,2005-02-23,0.531
NASDAQ,UFPI,2009-11-27,0.2
NASDAQ,UFPI,2009-05-28,0.06
NASDAQ,UFPI,2008-11-26,0.06
NASDAQ,UFPI,2008-05-28,0.06
NASDAQ,UFPI,2007-11-28,0.06
NASDAQ,UFPI,2007-05-30,0.055
NASDAQ,UFPI,2006-11-29,0.055
NASDAQ,UFPI,2006-05-30,0.055
NASDAQ,UFPI,2005-11-29,0.055
NASDAQ,UFPI,2005-05-27,0.05
NASDAQ,UFPI,2004-11-29,0.05
NASDAQ,UFPI,2004-05-27,0.05
NASDAQ,UFPI,2003-11-26,0.05
NASDAQ,UFPI,2003-05-28,0.045
NASDAQ,UFPI,2002-11-26,0.045
NASDAQ,UFPI,2002-05-29,0.045
NASDAQ,UFPI,2001-11-28,0.045
NASDAQ,UFPI,2001-05-30,0.04
NASDAQ,UFPI,2000-11-29,0.04
NASDAQ,UFPI,2000-05-30,0.04
NASDAQ,UFPI,1999-11-29,0.02
NASDAQ,UFPI,1999-06-01,0.018
NASDAQ,UFPI,1998-11-27,0.018
NASDAQ,UFPI,1998-05-28,0.018
NASDAQ,UFPI,1997-11-26,0.018
NASDAQ,UFPI,1997-05-28,0.015
NASDAQ,UFPI,1996-11-26,0.015
NASDAQ,UFPI,1996-05-29,0.015
NASDAQ,UFPI,1995-11-29,0.015
NASDAQ,UFPI,1995-05-25,0.012
NASDAQ,UFPI,1994-11-25,0.012
NASDAQ,UFPI,1994-05-25,0.012
NASDAQ,UBFO,2008-07-09,0.12247
NASDAQ,UBFO,2008-04-09,0.12247
NASDAQ,UBFO,2008-01-09,0.11775
NASDAQ,UBFO,2007-10-10,0.11775
NASDAQ,UBFO,2007-07-03,0.11775
NASDAQ,UBFO,2007-04-03,0.11775
NASDAQ,UBFO,2007-01-10,0.11775
NASDAQ,UBFO,2006-10-10,0.10361
NASDAQ,UBFO,2006-07-05,0.10361
NASDAQ,UBFO,2006-04-05,0.10361
NASDAQ,UBFO,2006-01-11,0.09421
NASDAQ,UBFO,2005-10-05,0.08479
NASDAQ,UBFO,2005-07-06,0.08479
NASDAQ,UBFO,2005-04-06,0.08479
NASDAQ,UBFO,2005-01-05,0.07537
NASDAQ,UBFO,2004-10-06,0.07537
NASDAQ,UBFO,2004-07-07,0.07537
NASDAQ,UBFO,2004-04-06,0.07537
NASDAQ,UBFO,2004-01-07,0.0683
NASDAQ,UBFO,2003-10-08,0.0683
NASDAQ,UBFO,2003-07-09,0.0683
NASDAQ,UBFO,2003-04-09,0.0683
NASDAQ,UBFO,2003-01-08,0.06124
NASDAQ,UBFO,2002-10-09,0.06124
NASDAQ,UBFO,2002-07-10,0.06124
NASDAQ,UBFO,2002-04-10,0.06124
NASDAQ,UBFO,2002-01-09,0.05417
NASDAQ,UBFO,2001-10-05,0.05417
NASDAQ,UBFO,2001-07-11,0.05417
NASDAQ,UBFO,2001-04-10,0.05417
NASDAQ,UBFO,2000-01-12,0.03768
NASDAQ,UBFO,1999-10-13,0.03768
NASDAQ,UBFO,1999-07-14,0.0314
NASDAQ,UBFO,1999-04-14,0.0314
NASDAQ,USTR,1995-03-09,0.025
NASDAQ,USTR,1994-12-23,0.025
NASDAQ,USTR,1994-09-26,0.025
NASDAQ,USTR,1994-06-24,0.025
NASDAQ,USTR,1994-03-25,0.025
NASDAQ,USTR,1993-12-27,0.025
NASDAQ,USTR,1993-09-24,0.025
NASDAQ,USTR,1993-06-24,0.025
NASDAQ,USTR,1993-03-25,0.025
NASDAQ,USTR,1992-12-24,0.025
NASDAQ,USTR,1992-09-24,0.025
NASDAQ,USTR,1992-06-24,0.025
NASDAQ,USTR,1992-03-25,0.025
NASDAQ,USTR,1991-12-24,0.025
NASDAQ,USTR,1991-09-24,0.025
NASDAQ,USTR,1991-06-24,0.025
NASDAQ,USTR,1991-03-22,0.025
NASDAQ,USTR,1990-12-24,0.025
NASDAQ,USTR,1990-09-24,0.025
NASDAQ,USTR,1990-06-25,0.025
NASDAQ,USTR,1990-03-26,0.025
